brand,model,model_year,milage,fuel_type,engine,transmission,ext_col,int_col,accident,clean_title,price,car_age,mileage_per_year,price_per_mile,has_accident,is_automatic
Ford,Utility Police Interceptor Base,2013,51000,E85 Flex Fuel,300.0HP 3.7L V6 Cylinder Engine Flex Fuel Capability,6-Speed A/T,Black,Black,At least 1 accident or damage reported,Yes,10300,12,3923.076923076923,0.2019607843137255,1,1
Hyundai,Palisade SEL,2021,34742,Gasoline,3.8L V6 24V GDI DOHC,8-Speed Automatic,Moonlight Cloud,Gray,At least 1 accident or damage reported,Yes,38005,4,6948.4,1.0939209026538483,1,1
Lexus,RX 350 RX 350,2022,22372,Gasoline,3.5 Liter DOHC,Automatic,Blue,Black,None reported,Yes,54598,3,5593.0,2.4404612908993384,0,1
INFINITI,Q50 Hybrid Sport,2015,88900,Hybrid,354.0HP 3.5L V6 Cylinder Engine Gas/Electric Hybrid,7-Speed A/T,Black,Black,None reported,Yes,15500,10,8081.818181818182,0.17435320584926883,0,1
Audi,Q3 45 S line Premium Plus,2021,9835,Gasoline,2.0L I4 16V GDI DOHC Turbo,8-Speed Automatic,Glacier White Metallic,Black,None reported,Yes,34999,4,1967.0,3.5586171835282157,0,1
Acura,ILX 2.4L,2016,136397,Gasoline,2.4 Liter,F,Silver,Ebony.,None reported,Yes,14798,9,13639.7,0.10849212226075354,0,0
Audi,S3 2.0T Premium Plus,2017,84000,Gasoline,292.0HP 2.0L 4 Cylinder Engine Gasoline Fuel,6-Speed A/T,Blue,Black,None reported,Yes,31000,8,9333.333333333334,0.36904761904761907,0,1
BMW,740 iL,2001,242000,Gasoline,282.0HP 4.4L 8 Cylinder Engine Gasoline Fuel,A/T,Green,Green,None reported,Yes,7300,24,9680.0,0.03016528925619835,0,1
Lexus,RC 350 F Sport,2021,23436,Gasoline,311.0HP 3.5L V6 Cylinder Engine Gasoline Fuel,6-Speed A/T,Black,Black,None reported,Yes,41927,4,4687.2,1.7889998293224099,0,1
Tesla,Model X Long Range Plus,2020,34000,Gasoline,534.0HP Electric Motor Electric Fuel System,A/T,Black,Black,None reported,Yes,69950,5,5666.666666666667,2.0573529411764704,0,1
Land,Rover Range Rover Sport 3.0 Supercharged HST,2021,27608,Gasoline,V6,Automatic,Fuji White,Pimento / Ebony,None reported,Yes,73897,4,5521.6,2.676651695160823,0,1
Aston,Martin DBS Superleggera,2019,22770,Gasoline,715.0HP 5.2L 12 Cylinder Engine Gasoline Fuel,8-Speed A/T,Silver,Black,None reported,Yes,184606,6,3252.8571428571427,8.10742204655248,0,1
Toyota,Supra 3.0 Premium,2021,12500,Gasoline,382.0HP 3.0L Straight 6 Cylinder Engine Gasoline Fuel,A/T,Yellow,Black,None reported,Yes,53500,4,2500.0,4.28,0,1
Lincoln,Aviator Reserve AWD,2022,18196,Gasoline,400.0HP 3.0L V6 Cylinder Engine Gasoline Fuel,Transmission w/Dual Shift Mode,Black,Brown,None reported,Yes,62000,3,4549.0,3.407342273027039,0,0
Jaguar,F-TYPE,2020,15903,Gasoline,2.0 Liter Supercharged,Automatic,Silver,Black,None reported,Yes,47998,5,2650.5,3.0181726718229265,0,1
Land,Rover LR4 HSE,2013,79800,Gasoline,375.0HP 5.0L 8 Cylinder Engine Gasoline Fuel,A/T,White,Black,None reported,Yes,29990,12,6138.461538461538,0.37581453634085216,0,1
Mercedes-Benz,Metris Base,2021,1685,Gasoline,2.0L I4 16V GDI DOHC Turbo,9-Speed Automatic,Gray,White,None reported,Yes,250000,4,337.0,148.3679525222552,0,1
Dodge,Challenger SXT,2013,61074,Gasoline,305.0HP 3.6L V6 Cylinder Engine Gasoline Fuel,A/T,Black,Gray,None reported,Yes,16800,12,4698.0,0.27507613714510265,0,1
Nissan,350Z Enthusiast,2003,74000,Gasoline,287.0HP 3.5L V6 Cylinder Engine Gasoline Fuel,6-Speed M/T,Purple,–,None reported,Yes,11000,22,3217.391304347826,0.14864864864864866,0,0
Jaguar,F-TYPE R,2018,35250,Gasoline,550.0HP 5.0L 8 Cylinder Engine Gasoline Fuel,8-Speed A/T,Green,Black,None reported,Yes,68750,7,4406.25,1.950354609929078,0,1
Genesis,GV70 3.5T Sport,2023,5400,Gasoline,375.0HP 3.5L V6 Cylinder Engine Gasoline Fuel,8-Speed A/T,Green,Beige,None reported,Yes,60000,2,1800.0,11.11111111111111,0,1
Chevrolet,S-10 LS,2000,133510,E85 Flex Fuel,120.0HP 2.2L 4 Cylinder Engine Flex Fuel Capability,A/T,Blue,Black,None reported,Yes,4500,25,5135.0,0.03370534042393828,0,1
BMW,440 Gran Coupe 440i xDrive,2020,25990,Gasoline,3.0 Liter Turbo,Automatic,White,Beige,None reported,Yes,38598,5,4331.666666666667,1.4851096575606002,0,1
Ford,F-150 XLT,2023,2823,Gasoline,3.5L V6 24V PDI DOHC Twin Turbo,Automatic,Iconic Silver Metallic,Black,None reported,Yes,58504,2,941.0,20.724052426496634,0,1
Chevrolet,Suburban RST,2021,52000,Gasoline,355.0HP 5.3L 8 Cylinder Engine Gasoline Fuel,10-Speed A/T,Blue,Black,None reported,Yes,61000,4,10400.0,1.1730769230769231,0,1
Hyundai,Elantra N Base,2022,11650,Gasoline,276.0HP 2.0L 4 Cylinder Engine Gasoline Fuel,Transmission w/Dual Shift Mode,Black,Black,None reported,Yes,32300,3,2912.5,2.772532188841202,0,0
Nissan,Sentra SR,2016,96541,Gasoline,1.8 Liter,Automatic,Blue,Black,None reported,Yes,13998,9,9654.1,0.14499539055945143,0,1
Mercedes-Benz,AMG CLA 45 Base 4MATIC,2021,17500,Gasoline,382.0HP 2.0L 4 Cylinder Engine Gasoline Fuel,A/T,Gray,Black,None reported,Yes,59995,4,3500.0,3.4282857142857144,0,1
BMW,650 Gran Coupe i xDrive,2015,69000,Gasoline,445.0HP 4.4L 8 Cylinder Engine Gasoline Fuel,8-Speed A/T,Gray,Black,None reported,Yes,25700,10,6272.727272727273,0.372463768115942,0,1
Audi,Q5 2.0T Premium Plus,2017,81880,E85 Flex Fuel,2.0L I4 16V GDI DOHC Turbo Flexible Fuel,8-Speed Automatic,Mythos Black Metallic,Black,None reported,Yes,21375,8,9097.777777777777,0.2610527601367855,0,1
Mercedes-Benz,AMG C 43 Base 4MATIC,2018,28800,Gasoline,362.0HP 3.0L V6 Cylinder Engine Gasoline Fuel,9-Speed A/T,Silver,Black,None reported,Yes,48000,7,3600.0,1.6666666666666667,0,1
Dodge,Ram 1500 Laramie Mega Cab,2006,300183,Gasoline,345.0HP 5.7L 8 Cylinder Engine Gasoline Fuel,A/T,Silver,Gray,At least 1 accident or damage reported,Yes,10900,19,15009.15,0.036311183511391384,1,1
BMW,i3 120Ah w/Range Extender,2020,35035,Hybrid,120 AH,Automatic,Black,Black,None reported,Yes,24998,5,5839.166666666667,0.7135150563721993,0,1
Kia,Sorento SX,2011,171000,Gasoline,276.0HP 3.5L V6 Cylinder Engine Gasoline Fuel,A/T,Black,Black,None reported,Yes,5999,14,11400.0,0.03508187134502924,0,1
Lexus,LX 570 Base,2016,118700,Gasoline,383.0HP 5.7L 8 Cylinder Engine Gasoline Fuel,8-Speed A/T,Black,Beige,None reported,Yes,46900,9,11870.0,0.3951137320977254,0,1
Jeep,New Compass Trailhawk,2017,119000,Gasoline,180.0HP 2.4L 4 Cylinder Engine Gasoline Fuel,A/T,Red,Black,None reported,Yes,15900,8,13222.222222222223,0.13361344537815126,0,1
BMW,340 i,2018,44261,Gasoline,3.0 Liter Turbo,Automatic,Gray,Black,None reported,Yes,33598,7,5532.625,0.759088136282506,0,1
Audi,A4 2.0T Premium Plus quattro,2012,125575,Gasoline,211.0HP 2.0L 4 Cylinder Engine Gasoline Fuel,8-Speed A/T,Silver,Black,None reported,Yes,8999,13,8969.642857142857,0.0716623531753932,0,1
Hyundai,Tucson SE,2007,16200,Gasoline,173.0HP 2.7L V6 Cylinder Engine Gasoline Fuel,A/T,Gold,Beige,None reported,Yes,8200,18,852.6315789473684,0.5061728395061729,0,1
BMW,Z4 sDrive28i,2014,70000,Gasoline,240.0HP 2.0L 4 Cylinder Engine Gasoline Fuel,A/T,White,Beige,At least 1 accident or damage reported,Yes,20000,11,5833.333333333333,0.2857142857142857,1,1
Bentley,Continental GTC Base,2011,20200,E85 Flex Fuel,552.0HP 6.0L 12 Cylinder Engine Flex Fuel Capability,6-Speed A/T,Black,Black,None reported,Yes,79950,14,1346.6666666666667,3.957920792079208,0,1
Honda,Passport Elite,2023,2978,Gasoline,3.5 Liter SOHC,Automatic,Lunar Silver Metallic,Gray,None reported,Yes,45498,2,992.6666666666666,15.278038952316992,0,1
Dodge,Sprinter 2500,2007,189719,Diesel,3.0L V6 Cylinder Engine Diesel Fuel,5-Speed A/T,White,Gray,At least 1 accident or damage reported,Yes,14000,18,9985.21052631579,0.07379334700267237,1,1
BMW,M850 i xDrive,2019,9949,Gasoline,4.4 Liter DOHC Twin Turbo,Automatic,Blue,Black,None reported,Yes,75798,6,1421.2857142857142,7.6186551412202235,0,1
Lucid,Air Grand Touring,2022,3552,Gasoline,536.0HP Electric Motor Electric Fuel System,1-Speed A/T,Red,Beige,None reported,Yes,119999,3,888.0,33.783502252252255,0,1
Audi,A7 Premium,2012,54000,Gasoline,310.0HP 3.0L V6 Cylinder Engine Gasoline Fuel,8-Speed A/T,Black,Brown,At least 1 accident or damage reported,Yes,36880,13,3857.1428571428573,0.682962962962963,1,1
Chevrolet,Silverado 1500 Custom Trail Boss,2021,51351,Gasoline,5.3L V8 16V GDI OHV,Automatic,Black,Jet Black,None reported,Yes,43147,4,10270.2,0.8402368016202216,0,1
MINI,Convertible John Cooper Works,2017,24280,Gasoline,228.0HP 2.0L 4 Cylinder Engine Gasoline Fuel,6-Speed A/T,Black,Black,At least 1 accident or damage reported,Yes,29000,8,2697.777777777778,1.1943986820428336,1,1
Toyota,Avalon Touring,2016,89148,Gasoline,268.0HP 3.5L V6 Cylinder Engine Gasoline Fuel,A/T,Black,Black,None reported,Yes,17500,9,8914.8,0.19630277740386773,0,1
Porsche,Cayenne Platinum Edition,2017,73043,Gasoline,300.0HP 3.6L V6 Cylinder Engine Gasoline Fuel,8-Speed A/T,White,Black,None reported,Yes,30990,8,8115.888888888889,0.4242706351053489,0,1
Mercedes-Benz,AMG C 63 S,2017,60000,Gasoline,503.0HP 4.0L 8 Cylinder Engine Gasoline Fuel,Transmission w/Dual Shift Mode,Gray,Black,At least 1 accident or damage reported,Yes,52500,8,6666.666666666667,0.875,1,0
Honda,CR-V EX-L,2016,73549,Gasoline,2.4L I4 16V GDI DOHC,Automatic CVT,Mountain Air Metallic,Black,At least 1 accident or damage reported,Yes,20848,9,7354.9,0.28345728697874883,1,1
Hummer,H2 Base,2005,110900,Gasoline,325.0HP 6.0L 8 Cylinder Engine Gasoline Fuel,A/T,Gray,Black,None reported,Yes,19500,20,5280.952380952381,0.17583408476104598,0,1
Porsche,911 Carrera S,2013,39000,Gasoline,400.0HP 3.8L Flat 6 Cylinder Engine Gasoline Fuel,7-Speed A/T,Blue,Black,None reported,Yes,73000,12,3000.0,1.8717948717948718,0,1
Mercedes-Benz,CLA-Class CLA 250,2016,120000,Gasoline,208.0HP 2.0L 4 Cylinder Engine Gasoline Fuel,Transmission w/Dual Shift Mode,Black,Black,None reported,Yes,19800,9,12000.0,0.165,0,0
Chrysler,300 Touring,2009,134602,Gasoline,250.0HP 3.5L V6 Cylinder Engine Gasoline Fuel,Transmission w/Dual Shift Mode,Blue,Black,None reported,Yes,7500,16,7917.764705882353,0.05571982585697092,0,0
Nissan,Rogue SV,2023,1094,Gasoline,1.5L I3 12V GDI DOHC Turbo,Automatic CVT,Caspian Blue,Light Gray,None reported,Yes,30999,2,364.6666666666667,28.33546617915905,0,1
Audi,A3 2.0T,2010,83500,Gasoline,200.0HP 2.0L 4 Cylinder Engine Gasoline Fuel,Transmission w/Dual Shift Mode,Silver,Black,None reported,Yes,6500,15,5218.75,0.07784431137724551,0,0
Ford,Mustang GT Premium,2014,37060,Gasoline,420.0HP 5.0L 8 Cylinder Engine Gasoline Fuel,6-Speed M/T,Black,Black,None reported,Yes,28500,11,3088.3333333333335,0.7690232056125202,0,0
Acura,RL Technology,2010,97700,Gasoline,300.0HP 3.7L V6 Cylinder Engine Gasoline Fuel,Transmission w/Dual Shift Mode,Blue,Beige,None reported,Yes,10995,15,6106.25,0.11253838280450358,0,0
Volvo,XC90 Hybrid T8 R-Design,2018,40000,Plug-In Hybrid,400.0HP 2.0L 4 Cylinder Engine Plug-In Electric/Gas,Transmission w/Dual Shift Mode,Black,Black,None reported,Yes,42000,7,5000.0,1.05,0,0
Audi,R8 5.2 V10,2018,8940,Gasoline,5.2L V10 40V PDI DOHC,7-Speed Automatic with Auto-Shift,Tango Red Metallic,Black,None reported,Yes,144900,7,1117.5,16.20805369127517,0,1
Mercedes-Benz,GLK-Class GLK 350,2014,186000,Gasoline,302.0HP 3.5L V6 Cylinder Engine Gasoline Fuel,A/T,Black,Beige,At least 1 accident or damage reported,Yes,10000,11,15500.0,0.053763440860215055,1,1
Toyota,C-HR LE,2021,13180,Gasoline,2.0 Liter,CVT-F,–,–,None reported,Yes,23998,4,2636.0,1.8207890743550834,0,0
Lexus,IS 350 Base,2014,104000,Gasoline,306.0HP 3.5L V6 Cylinder Engine Gasoline Fuel,8-Speed A/T,Black,Black,None reported,Yes,21000,11,8666.666666666666,0.20192307692307693,0,1
BMW,X4 M40i,2023,8500,Hybrid,382.0HP 3.0L Straight 6 Cylinder Engine Gasoline/Mild Electric Hybrid,Transmission w/Dual Shift Mode,Gray,Beige,None reported,Yes,67900,2,2833.3333333333335,7.988235294117647,0,0
BMW,M4 CS,2019,19069,Gasoline,3.0 Liter DOHC Turbo,Automatic,Alpine White,Anthracite,None reported,Yes,69998,6,2724.1428571428573,3.6707745555613824,0,1
Cadillac,CT5 Premium Luxury,2023,6090,Gasoline,237.0HP 2.0L 4 Cylinder Engine Gasoline Fuel,A/T,White,Beige,None reported,Yes,46900,2,2030.0,7.7011494252873565,0,1
Lucid,Air Grand Touring,2022,4900,Gasoline,536.0HP Electric Motor Electric Fuel System,1-Speed A/T,Red,Black,None reported,Yes,99000,3,1225.0,20.20408163265306,0,1
Audi,A5 2.0T Premium Plus,2019,47523,Gasoline,248.0HP 2.0L 4 Cylinder Engine Gasoline Fuel,Transmission w/Dual Shift Mode,Black,Black,None reported,Yes,31000,6,6789.0,0.6523157208088715,0,0
Chrysler,300C SRT8,2006,43000,Gasoline,425.0HP 6.1L 8 Cylinder Engine Gasoline Fuel,5-Speed A/T,Silver,Black,At least 1 accident or damage reported,Yes,19995,19,2150.0,0.465,1,1
Bentley,Continental GT W12,2017,14684,Gasoline,582.0HP 6.0L 12 Cylinder Engine Gasoline Fuel,8-Speed A/T,White,White,None reported,Yes,130000,8,1631.5555555555557,8.853173522201034,0,1
BMW,M4 Base,2019,57800,Gasoline,425.0HP 3.0L Straight 6 Cylinder Engine Gasoline Fuel,Transmission w/Dual Shift Mode,Black,Red,None reported,Yes,55999,6,8257.142857142857,0.9688408304498269,0,0
Toyota,GR Corolla Circuit Edition,2023,952,Gasoline,300.0HP 1.6L 3 Cylinder Engine Gasoline Fuel,6-Speed M/T,Silver,Gray,None reported,Yes,49950,2,317.3333333333333,52.46848739495798,0,0
Audi,RS 5 2.9T,2019,21240,Gasoline,444.0HP 2.9L V6 Cylinder Engine Gasoline Fuel,8-Speed A/T,Black,Black,At least 1 accident or damage reported,Yes,59950,6,3034.285714285714,2.8225047080979286,1,1
Porsche,Cayenne Base,2019,59338,Gasoline,335.0HP 3.0L V6 Cylinder Engine Gasoline Fuel,Transmission w/Dual Shift Mode,Black,Black,None reported,Yes,42499,6,8476.857142857143,0.7162189490714214,0,0
Lamborghini,Huracan Tecnica Coupe,2023,255,Gasoline,"5.2L V-10 gasoline direct injection, DOHC, variable valve contro",Automatic,BLU ELEOS,Nero Ade,None reported,Yes,359991,2,85.0,1411.729411764706,0,1
Maserati,Quattroporte S,2019,23230,Gasoline,424.0HP 3.0L V6 Cylinder Engine Gasoline Fuel,8-Speed A/T,Black,Black,None reported,Yes,44999,6,3318.5714285714284,1.9371071889797675,0,1
Jaguar,XF 35t R-Sport,2017,48000,Gasoline,340.0HP 3.0L V6 Cylinder Engine Gasoline Fuel,A/T,Red,Black,At least 1 accident or damage reported,Yes,30000,8,5333.333333333333,0.625,1,1
Lexus,ES 330 Base,2005,41059,Gasoline,225.0HP 3.3L V6 Cylinder Engine Gasoline Fuel,5-Speed A/T,White,Beige,None reported,Yes,11100,20,1955.1904761904761,0.27034267761026815,0,1
Land,Rover Discovery Sport SE R-Dynamic,2020,21240,Gasoline,2.0 Liter,Automatic,White,Black,None reported,Yes,37998,5,3540.0,1.7889830508474576,0,1
Porsche,Cayman GTS,2015,11500,Gasoline,340.0HP 3.4L Flat 6 Cylinder Engine Gasoline Fuel,7-Speed A/T,Silver,–,None reported,Yes,72000,10,1045.4545454545455,6.260869565217392,0,1
Genesis,G90 3.3T Premium,2021,9950,Gasoline,365.0HP 3.3L V6 Cylinder Engine Gasoline Fuel,8-Speed A/T,Silver,Blue,None reported,Yes,53950,4,1990.0,5.422110552763819,0,1
Volkswagen,Golf R 20th Anniversary Edition,2023,633,Gasoline,315.0HP 2.0L 4 Cylinder Engine Gasoline Fuel,6-Speed M/T,White,Black,None reported,Yes,47999,2,211.0,75.82780410742497,0,0
Hyundai,Sonata Hybrid Limited,2015,66000,Hybrid,199.0HP 2.4L 4 Cylinder Engine Gas/Electric Hybrid,A/T,White,Gray,At least 1 accident or damage reported,Yes,15900,10,6000.0,0.2409090909090909,1,1
Audi,RS 7 4.0T Prestige,2014,59715,Gasoline,560.0HP 4.0L 8 Cylinder Engine Gasoline Fuel,A/T,Gray,Black,At least 1 accident or damage reported,Yes,45000,11,4976.25,0.7535795026375283,1,1
BMW,740 Li,2012,85252,Gasoline,326.0HP 3.0L Straight 6 Cylinder Engine Gasoline Fuel,6-Speed A/T,Black,Black,None reported,Yes,18500,13,6089.428571428572,0.21700370665790833,0,1
Mercedes-Benz,GLS 450 Base 4MATIC,2020,17900,Hybrid,362.0HP 3.0L Straight 6 Cylinder Engine Gasoline/Mild Electric Hybrid,9-Speed A/T,Black,Black,At least 1 accident or damage reported,Yes,80000,5,2983.3333333333335,4.4692737430167595,1,1
BMW,M6 Base,2016,25500,Gasoline,560.0HP 4.4L 8 Cylinder Engine Gasoline Fuel,7-Speed A/T,White,Black,None reported,Yes,55000,9,2550.0,2.156862745098039,0,1
Subaru,Forester 2.5 X,2004,210703,Gasoline,165.0HP 2.5L 4 Cylinder Engine Gasoline Fuel,M/T,Green,Beige,None reported,Yes,2300,21,9577.40909090909,0.010915838882218098,0,0
Hyundai,Elantra N Base,2023,3800,Gasoline,276.0HP 2.0L 4 Cylinder Engine Gasoline Fuel,6-Speed M/T,White,Black,None reported,Yes,34000,2,1266.6666666666667,8.947368421052632,0,0
Kia,Niro Plug-In Hybrid EX Premium,2022,36602,Hybrid,1.6L I4 16V GDI DOHC Hybrid,6-Speed Automatic with Auto-Shift,Horizon Blue,Charcoal,None reported,Yes,31995,3,9150.5,0.874132561062237,0,1
Rivian,R1S Adventure Package,2023,2800,Gasoline,835.0HP Electric Motor Electric Fuel System,1-Speed A/T,White,Green,None reported,Yes,92000,2,933.3333333333334,32.857142857142854,0,1
Aston,Martin DBS Superleggera,2021,2165,Gasoline,5.2L V12 48V GDI DOHC Twin Turbo,8-Speed Automatic,Black,Black,None reported,Yes,279950,4,433.0,129.30715935334874,0,1
Mercedes-Benz,SLC 300 Base,2018,33000,Gasoline,241.0HP 2.0L 4 Cylinder Engine Gasoline Fuel,9-Speed A/T,Red,Black,At least 1 accident or damage reported,Yes,29900,7,4125.0,0.906060606060606,1,1
BMW,435 Gran Coupe i,2016,76009,Gasoline,300.0HP 3.0L Straight 6 Cylinder Engine Gasoline Fuel,8-Speed A/T,White,Beige,None reported,Yes,24950,9,7600.9,0.3282506019024063,0,1
Jeep,Grand Cherokee Summit,2020,31349,Gasoline,5.7L V8 16V MPFI OHV,8-Speed Automatic,Granite Crystal Clearcoat Metallic,Black,None reported,Yes,39366,5,5224.833333333333,1.2557338352100544,0,1
Lexus,RC 350 Base,2015,48000,Gasoline,306.0HP 3.5L V6 Cylinder Engine Gasoline Fuel,Transmission w/Dual Shift Mode,Orange,Red,None reported,Yes,32900,10,4363.636363636364,0.6854166666666667,0,0
BMW,525 i,2005,91420,Gasoline,215.0HP 2.5L Straight 6 Cylinder Engine Gasoline Fuel,6-Speed A/T,Black,Black,None reported,Yes,8900,20,4353.333333333333,0.09735287683220302,0,1
Toyota,Corolla LE,2003,124756,Gasoline,130.0HP 1.8L 4 Cylinder Engine Gasoline Fuel,M/T,Beige,Beige,At least 1 accident or damage reported,Yes,4995,22,5424.173913043478,0.04003815447754016,1,0
Cadillac,CT5-V Blackwing,2023,2415,Gasoline,6.2L V8 16V GDI OHV Supercharged,10-Speed Automatic,Rift Metallic,Gray,None reported,Yes,104900,2,805.0,43.43685300207039,0,1
GMC,Acadia SLT-1,2012,116226,Gasoline,288.0HP 3.6L V6 Cylinder Engine Gasoline Fuel,6-Speed A/T,Black,Black,None reported,Yes,7900,13,8301.857142857143,0.06797102197442913,0,1
Lexus,LC 500 Base,2020,37869,Gasoline,5.0L V8 32V PDI DOHC,10-Speed Automatic,Atomic Silver,Rioja Red,None reported,Yes,75950,5,6311.5,2.005598246586918,0,1
BMW,i8 Base,2019,41500,Plug-In Hybrid,369.0HP 1.5L 3 Cylinder Engine Plug-In Electric/Gas,Transmission w/Dual Shift Mode,White,Black,None reported,Yes,86000,6,5928.571428571428,2.072289156626506,0,0
Lexus,ES 300h Base,2013,87001,Hybrid,200.0HP 2.5L 4 Cylinder Engine Gas/Electric Hybrid,CVT Transmission,Gold,Beige,None reported,Yes,17995,12,6692.384615384615,0.206836703026402,0,0
Cadillac,CT5-V V-Series,2022,4451,Gasoline,3.0L V6 24V GDI DOHC Twin Turbo,Automatic,Summit White,Jet Black,At least 1 accident or damage reported,Yes,55655,3,1112.75,12.503931700741406,1,1
BMW,540 i xDrive,2020,27158,Gasoline,2.0 Liter Turbo,Automatic,Imperial Blue Metallic,Canberra Beige/Black,None reported,Yes,39998,5,4526.333333333333,1.4727888651594374,0,1
Chevrolet,Express 1500 Work Van,2014,139804,Gasoline,195.0HP 4.3L V6 Cylinder Engine Gasoline Fuel,A/T,White,Gray,At least 1 accident or damage reported,Yes,14500,11,11650.333333333334,0.103716631856027,1,1
Jeep,Gladiator Rubicon,2022,27300,Gasoline,285.0HP 3.6L V6 Cylinder Engine Gasoline Fuel,A/T,Green,Black,None reported,Yes,47500,3,6825.0,1.73992673992674,0,1
BMW,Z4 sDrive28i,2014,36812,Gasoline,240.0HP 2.0L 4 Cylinder Engine Gasoline Fuel,Transmission w/Dual Shift Mode,White,Beige,None reported,Yes,27000,11,3067.6666666666665,0.7334564815820928,0,0
Land,Rover LR4 HSE LUX Landmark Edition,2016,144000,Gasoline,340.0HP 3.0L V6 Cylinder Engine Gasoline Fuel,8-Speed A/T,Black,Black,At least 1 accident or damage reported,Yes,18000,9,14400.0,0.125,1,1
Cadillac,XT4 Sport,2019,44500,Gasoline,237.0HP 2.0L 4 Cylinder Engine Gasoline Fuel,9-Speed A/T,Blue,White,None reported,Yes,28900,6,6357.142857142857,0.6494382022471911,0,1
BMW,750 750i xDrive,2021,10917,Gasoline,4.4 Liter Twin Turbo,Automatic,Black,Black,None reported,Yes,73998,4,2183.4,6.778235779060181,0,1
Bentley,Arnage R,2005,8332,Gasoline,400.0HP 6.75L 8 Cylinder Engine Gasoline Fuel,4-Speed A/T,White,Beige,None reported,Yes,47350,20,396.76190476190476,5.682909265482477,0,1
Lincoln,Aviator Reserve AWD,2020,51247,Gasoline,3.0 Liter GTDI,Automatic,Magnetic Gray Clearcoat,Roast,None reported,Yes,47698,5,8541.166666666666,0.9307471656877476,0,1
Mercedes-Benz,AMG GL AMG GL 63 4MATIC,2016,69000,Gasoline,550.0HP 5.5L 8 Cylinder Engine Gasoline Fuel,Transmission w/Dual Shift Mode,Black,Brown,None reported,Yes,36500,9,6900.0,0.5289855072463768,0,0
RAM,ProMaster 3500 High Roof,2021,147834,Gasoline,3.6L V6 24V MPFI DOHC,6-Speed Automatic,Bright White Clearcoat,Black,None reported,Yes,32662,4,29566.8,0.22093699690193055,0,1
Ford,Utility Police Interceptor Base,2013,105000,E85 Flex Fuel,300.0HP 3.7L V6 Cylinder Engine Flex Fuel Capability,A/T,White,Black,At least 1 accident or damage reported,Yes,6600,12,8076.923076923077,0.06285714285714286,1,1
Audi,A5 2.0T Premium,2011,92203,Gasoline,211.0HP 2.0L 4 Cylinder Engine Gasoline Fuel,Transmission w/Dual Shift Mode,Red,Beige,None reported,Yes,9995,14,6146.866666666667,0.10840211272952073,0,0
Nissan,GT-R Premium,2010,15600,Gasoline,485.0HP 3.8L V6 Cylinder Engine Gasoline Fuel,Transmission w/Dual Shift Mode,White,Black,None reported,Yes,69500,15,975.0,4.455128205128205,0,0
Land,Rover Range Rover Sport 3.0L Supercharged HSE,2018,104700,Gasoline,V6,Automatic,Fuji White,Ivory / Ebony,At least 1 accident or damage reported,Yes,30775,7,13087.5,0.2939350525310411,1,1
Toyota,Corolla LE,2010,72348,Gasoline,132.0HP 1.8L 4 Cylinder Engine Gasoline Fuel,A/T,Red,Gray,At least 1 accident or damage reported,Yes,9995,15,4521.75,0.13815171117377123,1,1
Rivian,R1S Adventure Package,2023,2500,Gasoline,835.0HP Electric Motor Electric Fuel System,A/T,Green,White,None reported,Yes,94000,2,833.3333333333334,37.6,0,1
Mercedes-Benz,C-Class C300 4MATIC,2022,13177,Gasoline,2.0 Liter Turbo,Automatic,White,Silk Beige/Black,None reported,Yes,44798,3,3294.25,3.399711618729605,0,1
Porsche,Cayenne E-Hybrid S,2016,96000,Plug-In Hybrid,416.0HP 3.0L V6 Cylinder Engine Plug-In Electric/Gas,Transmission w/Dual Shift Mode,White,Red,At least 1 accident or damage reported,Yes,23000,9,9600.0,0.23958333333333334,1,0
Chevrolet,Express 1500 Work Van,2011,93009,E85 Flex Fuel,5.3L V8 16V MPFI OHV Flexible Fuel,4-Speed Automatic,Summit White,Medium Pewter,None reported,Yes,22495,14,6200.6,0.24185831478674108,0,1
INFINITI,Q70h Base,2016,52750,Hybrid,360.0HP 3.5L V6 Cylinder Engine Gas/Electric Hybrid,7-Speed A/T,White,Black,At least 1 accident or damage reported,Yes,28998,9,5275.0,0.5497251184834123,1,1
Audi,A7 Premium Plus,2020,25361,Hybrid,3.0 Liter Turbo,Automatic,Typhoon Gray,Black,None reported,Yes,49998,5,4226.833333333333,1.971452229801664,0,1
Audi,Q7 3.0T Premium Plus,2015,98527,Gasoline,280.0HP 3.0L V6 Cylinder Engine Gasoline Fuel,8-Speed A/T,Black,Black,None reported,Yes,9995,10,8957.0,0.10144427415835253,0,1
Lucid,Air Pure,2023,1300,Gasoline,620.0HP Electric Motor Electric Fuel System,A/T,Black,Gray,None reported,Yes,86900,2,433.3333333333333,66.84615384615384,0,1
Chrysler,Pacifica Touring,2017,87305,–,–,9-Speed A/T,Silver,Black,None reported,Yes,9000,8,9700.555555555555,0.1030868793310807,0,1
Audi,TTS 2.0T Premium Plus,2012,72922,Gasoline,265.0HP 2.0L 4 Cylinder Engine Gasoline Fuel,6-Speed A/T,White,Black,None reported,Yes,25999,13,5208.714285714285,0.3565316365431557,0,1
BMW,650 Gran Coupe i xDrive,2015,41000,Gasoline,445.0HP 4.4L 8 Cylinder Engine Gasoline Fuel,8-Speed A/T,Black,Black,None reported,Yes,30000,10,3727.2727272727275,0.7317073170731707,0,1
Subaru,Forester Premium,2021,42125,Gasoline,2.5L H4 16V GDI DOHC,Automatic CVT,Crystal Black Silica,Black,None reported,Yes,27899,4,8425.0,0.6622908011869436,0,1
Mercedes-Benz,AMG C AMG C 63,2016,62000,Gasoline,469.0HP 4.0L 8 Cylinder Engine Gasoline Fuel,Transmission w/Dual Shift Mode,Black,Black,None reported,Yes,40000,9,6200.0,0.6451612903225806,0,0
Land,Rover LR3 HSE,2006,153843,Gasoline,300.0HP 4.4L 8 Cylinder Engine Gasoline Fuel,6-Speed A/T,Red,Beige,At least 1 accident or damage reported,Yes,9950,19,7692.15,0.06467632586468022,1,1
BMW,X7 xDrive40i,2019,35248,Gasoline,3.0 Liter Twin Turbo,Automatic,Arctic Gray Metallic,Black,None reported,Yes,53998,6,5035.428571428572,1.5319450748978665,0,1
Ford,Transit Connect XLT,2015,194454,Gasoline,169.0HP 2.5L 4 Cylinder Engine Gasoline Fuel,6-Speed A/T,White,Black,None reported,Yes,9888,10,17677.636363636364,0.05085007251072233,0,1
Lexus,LX 570 Three-Row,2021,21000,Gasoline,383.0HP 5.7L 8 Cylinder Engine Gasoline Fuel,Transmission w/Dual Shift Mode,White,Black,None reported,Yes,89999,4,4200.0,4.285666666666667,0,0
Porsche,911 Carrera S,2013,18494,Gasoline,400.0HP 3.8L Flat 6 Cylinder Engine Gasoline Fuel,7-Speed M/T,Black,Black,None reported,Yes,86900,12,1422.6153846153845,4.698821239320861,0,0
Dodge,Ram 2500 Laramie Quad Cab,2006,218000,Gasoline,330.0HP 5.7L 8 Cylinder Engine Gasoline Fuel,4-Speed A/T,Red,Gray,None reported,Yes,12990,19,10900.0,0.05958715596330275,0,1
Nissan,Armada SL,2021,67800,Gasoline,400.0HP 5.6L 8 Cylinder Engine Gasoline Fuel,7-Speed A/T,Silver,Black,At least 1 accident or damage reported,Yes,36500,4,13560.0,0.5383480825958702,1,1
Porsche,Cayman Base,2014,79000,Gasoline,275.0HP 2.7L Flat 6 Cylinder Engine Gasoline Fuel,Transmission w/Dual Shift Mode,Red,Black,At least 1 accident or damage reported,Yes,42999,11,6583.333333333333,0.5442911392405063,1,0
Mercedes-Benz,GLE 450 GLE 450,2022,24906,Hybrid,3.0 Liter Turbo,Automatic,Selenite Grey Metallic,Black,None reported,Yes,63998,3,6226.5,2.5695816269172087,0,1
Chevrolet,Monte Carlo SS,2006,66840,Gasoline,303.0HP 5.3L 8 Cylinder Engine Gasoline Fuel,A/T,White,Gray,At least 1 accident or damage reported,Yes,12000,19,3342.0,0.17953321364452424,1,1
BMW,M5 Base,2013,86000,Gasoline,560.0HP 4.4L 8 Cylinder Engine Gasoline Fuel,Transmission w/Dual Shift Mode,Blue,White,None reported,Yes,32000,12,6615.384615384615,0.37209302325581395,0,0
Hyundai,Kona N Base,2023,654,Gasoline,2.0L I4 16V GDI DOHC Turbo,8-Speed Automatic with Auto-Shift,Ultra Black,Black,None reported,Yes,34599,2,218.0,52.903669724770644,0,1
Chevrolet,Monte Carlo SS,2005,75000,Gasoline,240.0HP 3.8L V6 Cylinder Engine Gasoline Fuel,A/T,Black,Black,None reported,Yes,12500,20,3571.4285714285716,0.16666666666666666,0,1
Land,Rover Range Rover Evoque Pure,2015,84000,Gasoline,240.0HP 2.0L 4 Cylinder Engine Gasoline Fuel,9-Speed A/T,Beige,Black,At least 1 accident or damage reported,Yes,22800,10,7636.363636363636,0.2714285714285714,1,1
Audi,S7 4.0T Premium Plus,2017,52500,Gasoline,450.0HP 4.0L 8 Cylinder Engine Gasoline Fuel,Transmission w/Dual Shift Mode,Gray,Gray,None reported,Yes,39999,8,5833.333333333333,0.7618857142857143,0,0
GMC,Acadia SLT-1,2011,120000,Gasoline,288.0HP 3.6L V6 Cylinder Engine Gasoline Fuel,6-Speed A/T,Silver,Gray,None reported,Yes,7500,14,8000.0,0.0625,0,1
Alfa,Romeo Stelvio Ti Sport,2020,18665,Gasoline,2.0L I4 16V GDI SOHC Turbo,8-Speed Automatic,Lunare White Metallic,Ice,None reported,Yes,35645,5,3110.8333333333335,1.9097240825073667,0,1
Ferrari,FF Base,2016,19987,Gasoline,651.0HP 6.3L 12 Cylinder Engine Gasoline Fuel,7-Speed A/T,Black,Brown,None reported,Yes,149900,9,1998.7,7.499874918697153,0,1
Kia,K900 5.0L,2017,36486,Gasoline,420.0HP 5.0L 8 Cylinder Engine Gasoline Fuel,8-Speed A/T,Black,Beige,At least 1 accident or damage reported,Yes,23950,8,4054.0,0.656416159622869,1,1
Ford,E150 XLT,2013,162100,E85 Flex Fuel,255.0HP 5.4L 8 Cylinder Engine Flex Fuel Capability,4-Speed A/T,Black,Gray,None reported,Yes,12500,12,12469.23076923077,0.07711289327575571,0,1
Tesla,Model 3 Performance,2022,13079,Gasoline,455.0HP Electric Motor Electric Fuel System,A/T,Black,White,None reported,Yes,47000,3,3269.75,3.5935469072559063,0,1
Toyota,4Runner SR5,2022,28377,Gasoline,4.0L V6 24V MPFI DOHC,5-Speed Automatic,Silver,Gray,None reported,Yes,36999,3,7094.25,1.30383761496987,0,1
Subaru,Forester Base,2020,32744,Gasoline,182.0HP 2.5L 4 Cylinder Engine Gasoline Fuel,CVT Transmission,Black,Gray,None reported,Yes,24000,5,5457.333333333333,0.7329587099926704,0,0
Porsche,Panamera 2,2012,54000,Gasoline,300.0HP 3.6L V6 Cylinder Engine Gasoline Fuel,A/T,White,–,At least 1 accident or damage reported,Yes,26000,13,3857.1428571428573,0.48148148148148145,1,1
Toyota,Tacoma PreRunner,2008,202055,Gasoline,236.0HP 4.0L V6 Cylinder Engine Gasoline Fuel,A/T,Silver,Gray,At least 1 accident or damage reported,Yes,8500,17,11225.277777777777,0.042067753829402886,1,1
RAM,2500 Laramie,2019,65000,Diesel,370.0HP 6.7L Straight 6 Cylinder Engine Diesel Fuel,6-Speed A/T,Black,Black,None reported,Yes,65000,6,9285.714285714286,1.0,0,1
Kia,Sportage Nightfall,2022,9686,Gasoline,2.4L I4 16V GDI DOHC,6-Speed Automatic,Hyper Red,Black,None reported,Yes,30990,3,2421.5,3.1994631426801567,0,1
Cadillac,DTS Base,2010,49620,Gasoline,275.0HP 4.6L 8 Cylinder Engine Gasoline Fuel,A/T,White,Gray,None reported,Yes,10499,15,3101.25,0.21158806932688431,0,1
Toyota,Land Cruiser Base,1997,213000,Gasoline,212.0HP 4.5L Straight 6 Cylinder Engine Gasoline Fuel,4-Speed A/T,White,Beige,None reported,Yes,26500,28,7344.827586206897,0.12441314553990611,0,1
Nissan,GT-R Premium,2020,16010,Gasoline,565.0HP 3.8L V6 Cylinder Engine Gasoline Fuel,A/T,White,Black,None reported,Yes,114000,5,2668.3333333333335,7.12054965646471,0,1
Lexus,NX 350 F SPORT Handling,2023,820,Gasoline,2.4 Liter,8-SPEED AT,Black,Black,None reported,Yes,51998,2,273.3333333333333,63.41219512195122,0,0
Audi,Q7 45 Premium Plus,2021,68000,Gasoline,248.0HP 2.0L 4 Cylinder Engine Gasoline Fuel,8-Speed A/T,Blue,Black,None reported,Yes,36499,4,13600.0,0.53675,0,1
Lexus,LX 470 Base,1999,82000,Gasoline,230.0HP 4.7L 8 Cylinder Engine Gasoline Fuel,A/T,White,Beige,None reported,Yes,25000,26,3037.037037037037,0.3048780487804878,0,1
GMC,Terrain SLE,2022,27352,Gasoline,1.5L I4 16V GDI DOHC Turbo,9-Speed Automatic,Summit White,Jet Black,None reported,Yes,27785,3,6838.0,1.0158306522374962,0,1
Ford,Escape Limited,2012,129000,Gasoline,171.0HP 2.5L 4 Cylinder Engine Gasoline Fuel,A/T,White,Gray,At least 1 accident or damage reported,Yes,7000,13,9214.285714285714,0.05426356589147287,1,1
Lexus,LS 460 L,2014,106731,Gasoline,360.0HP 4.6L 8 Cylinder Engine Gasoline Fuel,8-Speed A/T,White,Beige,At least 1 accident or damage reported,Yes,30000,11,8894.25,0.2810804733395171,1,1
Ford,Expedition Platinum,2019,34672,Gasoline,400.0HP 3.5L V6 Cylinder Engine Gasoline Fuel,10-Speed A/T,White,White,None reported,Yes,45500,6,4953.142857142857,1.312298107983387,0,1
Chevrolet,Malibu LTZ,2010,55900,Gasoline,252.0HP 3.6L V6 Cylinder Engine Gasoline Fuel,Transmission w/Dual Shift Mode,Beige,Beige,None reported,Yes,8950,15,3493.75,0.16010733452593917,0,0
Audi,RS 7 4.0T quattro,2023,3158,Gasoline,4.0L V8 32V GDI DOHC Twin Turbo,1-Speed Automatic,Daytona Gray Pearl Effect,Black / Express Red,None reported,Yes,128900,2,1052.6666666666667,40.81697276757441,0,1
Audi,A5 2.0T Premium Plus,2015,82000,Gasoline,220.0HP 2.0L 4 Cylinder Engine Gasoline Fuel,8-Speed A/T,White,Brown,None reported,Yes,17000,10,7454.545454545455,0.2073170731707317,0,1
Genesis,G70 2.0T,2023,4785,Gasoline,2.0L I4 16V GDI DOHC Turbo,Automatic,Vik Black,Obsidian Black,None reported,Yes,42850,2,1595.0,8.955067920585162,0,1
Chevrolet,Trailblazer LS,2021,20497,Gasoline,1.3L I3 12V GDI DOHC Turbo,9-Speed Automatic,Pacific Blue Metallic,Black,None reported,Yes,22999,4,4099.4,1.1220666438991072,0,1
Scion,tC Base,2013,177600,Gasoline,180.0HP 2.5L 4 Cylinder Engine Gasoline Fuel,6-Speed A/T,Silver,Black,At least 1 accident or damage reported,Yes,7100,12,13661.538461538461,0.03997747747747748,1,1
Lincoln,MKZ Hybrid Base,2014,78568,Hybrid,188.0HP 2.0L 4 Cylinder Engine Gas/Electric Hybrid,A/T,Blue,Beige,None reported,Yes,15500,11,6547.333333333333,0.19728133591283983,0,1
Ford,Transit-350 XL,2018,95000,E85 Flex Fuel,275.0HP 3.7L V6 Cylinder Engine Flex Fuel Capability,A/T,White,Gray,None reported,Yes,43000,7,11875.0,0.45263157894736844,0,1
Porsche,911 GT2 RS,2018,4529,Gasoline,3.8L H6 24V GDI DOHC Twin Turbo,7-Speed Automatic with Auto-Shift,Black,Black,None reported,Yes,417500,7,566.125,92.18370501214396,0,1
Ford,Explorer Timberline,2021,25240,Gasoline,2.3L I4 16V GDI DOHC Turbo,10-Speed Automatic,Gray,Ebony,At least 1 accident or damage reported,Yes,39951,4,5048.0,1.5828446909667195,1,1
Volvo,XC90 3.2,2011,88300,Gasoline,235.0HP 3.2L Straight 6 Cylinder Engine Gasoline Fuel,A/T,Blue,Beige,At least 1 accident or damage reported,Yes,11500,14,5886.666666666667,0.13023782559456398,1,1
Chevrolet,Avalanche LTZ,2013,98000,E85 Flex Fuel,320.0HP 5.3L 8 Cylinder Engine Flex Fuel Capability,6-Speed A/T,Silver,Black,At least 1 accident or damage reported,Yes,27499,12,7538.461538461538,0.2806020408163265,1,1
Audi,TT RS 2.5T,2018,20675,Gasoline,400.0HP 2.5L 5 Cylinder Engine Gasoline Fuel,Transmission w/Dual Shift Mode,Gray,Gray,None reported,Yes,76000,7,2584.375,3.675937122128174,0,0
Lincoln,Navigator L,2008,95000,Gasoline,300.0HP 5.4L 8 Cylinder Engine Gasoline Fuel,A/T,Black,Black,None reported,Yes,10900,17,5277.777777777777,0.11473684210526315,0,1
Hyundai,Elantra GLS,2010,107000,Gasoline,138.0HP 2.0L 4 Cylinder Engine Gasoline Fuel,4-Speed A/T,Blue,Blue,At least 1 accident or damage reported,Yes,6250,15,6687.5,0.05841121495327103,1,1
Audi,SQ5 3.0T Premium Plus,2016,60000,Gasoline,354.0HP 3.0L V6 Cylinder Engine Gasoline Fuel,Transmission w/Dual Shift Mode,Black,Black,At least 1 accident or damage reported,Yes,24700,9,6000.0,0.4116666666666667,1,0
Mitsubishi,Lancer Evolution GSR,2012,33000,Gasoline,291.0HP 2.0L 4 Cylinder Engine Gasoline Fuel,5-Speed M/T,Black,Black,None reported,Yes,34999,13,2357.1428571428573,1.0605757575757575,0,0
Tesla,Model Y Performance,2023,500,Gasoline,455.0HP Electric Motor Electric Fuel System,1-Speed A/T,Black,White,None reported,Yes,60000,2,166.66666666666666,120.0,0,1
Mercedes-Benz,Maybach S S 600,2016,108500,Gasoline,523.0HP 6.0L 12 Cylinder Engine Gasoline Fuel,7-Speed A/T,White,Beige,None reported,Yes,63500,9,10850.0,0.5852534562211982,0,1
Nissan,GT-R Premium,2017,37800,Gasoline,565.0HP 3.8L V6 Cylinder Engine Gasoline Fuel,Transmission w/Dual Shift Mode,Orange,Orange,None reported,Yes,149500,8,4200.0,3.955026455026455,0,0
Mercedes-Benz,GLS 550 Base 4MATIC,2018,74422,Gasoline,4.7 Liter Twin Turbo,Automatic,Obsidian Black Metallic,Gray,None reported,Yes,44798,7,9302.75,0.6019456612292065,0,1
Chevrolet,Blazer Premier,2019,55621,Gasoline,3.6L V6 24V GDI DOHC,9-Speed Automatic,Silver Ice Metallic,Jet Black,None reported,Yes,34562,6,7945.857142857143,0.6213840096366481,0,1
Mazda,CX-9 Grand Touring,2021,46707,Gasoline,2.5L I4 16V GDI DOHC Turbo,6-Speed Automatic,Sonic Silver Metallic,Black,At least 1 accident or damage reported,Yes,32541,4,9341.4,0.6967049906866208,1,1
Ford,Expedition Max Limited,2022,26500,Gasoline,440.0HP 3.5L V6 Cylinder Engine Gasoline Fuel,A/T,White,Beige,None reported,Yes,65900,3,6625.0,2.486792452830189,0,1
Nissan,Titan XD SV,2020,10001,Gasoline,5.6L V8 32V GDI DOHC,9-Speed Automatic,Black,Black,None reported,Yes,47214,5,1666.8333333333333,4.720927907209279,0,1
Lexus,LX 570 Three-Row,2019,19050,Gasoline,383.0HP 5.7L 8 Cylinder Engine Gasoline Fuel,8-Speed A/T,Black,Beige,None reported,Yes,76900,6,2721.4285714285716,4.036745406824147,0,1
Chevrolet,Traverse Premier,2020,52000,Gasoline,310.0HP 3.6L V6 Cylinder Engine Gasoline Fuel,A/T,White,Black,None reported,Yes,35800,5,8666.666666666666,0.6884615384615385,0,1
Mercedes-Benz,Sprinter High Roof,2014,65000,Diesel,188.0HP 3.0L V6 Cylinder Engine Diesel Fuel,7-Speed A/T,Black,Black,At least 1 accident or damage reported,Yes,54999,11,5416.666666666667,0.8461384615384615,1,1
BMW,X5 3.0i,2004,140000,Gasoline,225.0HP 3.0L Straight 6 Cylinder Engine Gasoline Fuel,Transmission w/Dual Shift Mode,Black,Beige,None reported,Yes,6730,21,6363.636363636364,0.04807142857142857,0,0
Ford,Fusion SE,2018,75600,Gasoline,181.0HP 1.5L 4 Cylinder Engine Gasoline Fuel,A/T,Blue,Black,At least 1 accident or damage reported,Yes,14950,7,9450.0,0.19775132275132276,1,1
Lincoln,MKZ Base,2015,117292,Gasoline,240.0HP 2.0L 4 Cylinder Engine Gasoline Fuel,A/T,Beige,Beige,None reported,Yes,12000,10,10662.90909090909,0.10230876786140572,0,1
Ford,GT,2005,1897,Gasoline,5.4 Liter SC DOHC,Manual,White,–,None reported,Yes,429998,20,90.33333333333333,226.67264101212442,0,0
Genesis,G90 5.0 Ultimate,2017,26000,Gasoline,420.0HP 5.0L 8 Cylinder Engine Gasoline Fuel,Transmission w/Dual Shift Mode,White,Beige,None reported,Yes,33600,8,2888.8888888888887,1.2923076923076924,0,0
Lexus,LC 500 Base,2022,2071,Gasoline,5.0L V8 32V PDI DOHC,Automatic,Nightfall Mica,Caramel,None reported,Yes,99950,3,517.75,48.26170931916948,0,1
Ford,Shelby GT500 Base,2014,15629,Gasoline,5.8L V8 32V MPFI DOHC Supercharged,6-Speed Manual,Black,Black,None reported,Yes,61900,11,1302.4166666666667,3.96058608996097,0,0
Saturn,Sky Base,2008,15020,Gasoline,173.0HP 2.4L 4 Cylinder Engine Gasoline Fuel,A/T,Silver,Red,None reported,Yes,18500,17,834.4444444444445,1.2316910785619175,0,1
Audi,RS Q8 4.0T quattro,2022,11322,Gasoline,4.0L V8 32V GDI DOHC Twin Turbo,8-Speed Automatic,Daytona Gray Pearl Effect,Black / Express Red,None reported,Yes,119900,3,2830.5,10.590001766472355,0,1
Toyota,Land Cruiser,2016,50361,Gasoline,5.7 Liter,Automatic,Silver,Black,None reported,Yes,65998,9,5036.1,1.310498202974524,0,1
Mercedes-Benz,SL-Class SL 550,2013,115000,Gasoline,429.0HP 4.6L 8 Cylinder Engine Gasoline Fuel,Transmission w/Dual Shift Mode,Black,Black,At least 1 accident or damage reported,Yes,36000,12,8846.153846153846,0.3130434782608696,1,0
Porsche,911 Carrera C2S,2005,28500,Gasoline,355.0HP 3.8L Flat 6 Cylinder Engine Gasoline Fuel,6-Speed M/T,Silver,Black,None reported,Yes,63500,20,1357.142857142857,2.2280701754385963,0,0
Mercedes-Benz,AMG GLA 45 Base 4MATIC,2018,51700,Gasoline,375.0HP 2.0L 4 Cylinder Engine Gasoline Fuel,Transmission w/Dual Shift Mode,White,Black,None reported,Yes,32000,7,6462.5,0.6189555125725339,0,0
Ford,Taurus X Limited,2008,148949,Gasoline,263.0HP 3.5L V6 Cylinder Engine Gasoline Fuel,A/T,Blue,Beige,None reported,Yes,3900,17,8274.944444444445,0.02618345876776615,0,1
BMW,440 Gran Coupe i,2018,39300,Gasoline,320.0HP 3.0L Straight 6 Cylinder Engine Gasoline Fuel,8-Speed A/T,White,Beige,At least 1 accident or damage reported,Yes,31750,7,4912.5,0.8078880407124682,1,1
Honda,S2000 CR,2008,82323,Gasoline,237.0HP 2.2L 4 Cylinder Engine Gasoline Fuel,6-Speed M/T,Black,Black,None reported,Yes,28500,17,4573.5,0.346197296016909,0,0
Acura,Integra w/A-Spec Tech Package,2023,3574,Gasoline,1.5 Liter Turbo,Variable,Apex Blue,Orchid,None reported,Yes,34998,2,1191.3333333333333,9.792389479574707,0,0
Ford,Excursion Limited,2001,109357,Gasoline,310.0HP 6.8L 10 Cylinder Engine Gasoline Fuel,A/T,Green,Beige,None reported,Yes,12749,24,4374.28,0.1165814716936273,0,1
Mercedes-Benz,SL-Class SL500 Roadster,2004,46000,Gasoline,302.0HP 5.0L 8 Cylinder Engine Gasoline Fuel,A/T,White,Gray,None reported,Yes,18853,21,2090.909090909091,0.4098478260869565,0,1
Mercedes-Benz,CLS-Class CLS 550,2007,123112,Gasoline,382.0HP 5.5L 8 Cylinder Engine Gasoline Fuel,A/T,Silver,Black,At least 1 accident or damage reported,Yes,104999,18,6479.578947368421,0.8528738059652999,1,1
INFINITI,G35 Sport,2007,37100,Gasoline,306.0HP 3.5L V6 Cylinder Engine Gasoline Fuel,6-Speed M/T,Gray,Black,None reported,Yes,16900,18,1952.6315789473683,0.4555256064690027,0,0
Volkswagen,Golf GTI 2.0T S 4-Door,2016,89000,Gasoline,210.0HP 2.0L 4 Cylinder Engine Gasoline Fuel,6-Speed M/T,Silver,Black,None reported,Yes,14500,9,8900.0,0.16292134831460675,0,0
Dodge,Challenger R/T Scat Pack,2022,1240,Gasoline,6.4L V8 16V MPFI OHV,8-Speed Automatic,Go Mango!,Black,None reported,Yes,53900,3,310.0,43.46774193548387,0,1
Lincoln,Navigator L Reserve,2019,67073,Gasoline,450.0HP 3.5L V6 Cylinder Engine Gasoline Fuel,10-Speed A/T,Black,Black,At least 1 accident or damage reported,Yes,47999,6,9581.857142857143,0.7156232761319756,1,1
Maserati,Ghibli S Q4,2015,28700,Gasoline,404.0HP 3.0L V6 Cylinder Engine Gasoline Fuel,8-Speed A/T,White,Red,None reported,Yes,24900,10,2609.090909090909,0.867595818815331,0,1
Tesla,Model X Base,2023,8200,Gasoline,670.0HP Electric Motor Electric Fuel System,A/T,Black,Black,None reported,Yes,93999,2,2733.3333333333335,11.463292682926829,0,1
Mercedes-Benz,AMG G 63 Base,2018,41000,Gasoline,563.0HP 5.5L 8 Cylinder Engine Gasoline Fuel,Transmission w/Dual Shift Mode,Gray,Black,None reported,Yes,108900,7,5125.0,2.65609756097561,0,0
Ford,Expedition Limited,2018,98995,Gasoline,3.5 Liter GTDI,Automatic,Ingot Silver Metallic,Ebony,None reported,Yes,34998,7,12374.375,0.353533006717511,0,1
Volkswagen,Routan SE,2012,123815,Gasoline,283.0HP 3.6L V6 Cylinder Engine Gasoline Fuel,6-Speed A/T,Black,Gray,None reported,Yes,5000,13,8843.92857142857,0.04038282922101522,0,1
Bugatti,Veyron 16.4 Grand Sport,2011,6330,Gasoline,8.0L W16 64V GDI DOHC Twin Turbo,7-Speed Automatic with Auto-Shift,White,White,None reported,Yes,1950995,14,422.0,308.2140600315956,0,1
Toyota,Highlander XLE,2020,61341,Gasoline,3.5L V6 24V PDI DOHC,8-Speed Automatic,Midnight Black Metallic,Black,At least 1 accident or damage reported,Yes,34084,5,10223.5,0.5556479353124337,1,1
Honda,Civic LX,2016,96473,Gasoline,2.0L I4 16V MPFI DOHC,Automatic CVT,Black,Black,None reported,Yes,15599,9,9647.3,0.16169290889678978,0,1
Jeep,Wrangler Unlimited Sahara,2017,66107,Gasoline,3.6L V6 24V MPFI DOHC,5-Speed Automatic,Black Clearcoat,Black,None reported,Yes,31331,8,7345.222222222223,0.4739437578471266,0,1
Land,Rover Range Rover Supercharged,2008,114287,Gasoline,400.0HP 4.2L 8 Cylinder Engine Gasoline Fuel,6-Speed A/T,Black,Black,None reported,Yes,9900,17,6349.277777777777,0.08662402547971336,0,1
Acura,ILX 2.0L w/Premium Package,2015,75000,Gasoline,150.0HP 2.0L 4 Cylinder Engine Gasoline Fuel,5-Speed A/T,Gold,Beige,None reported,Yes,14500,10,6818.181818181818,0.19333333333333333,0,1
BMW,M6 Base,2016,45800,Gasoline,560.0HP 4.4L 8 Cylinder Engine Gasoline Fuel,7-Speed A/T,Gold,Black,None reported,Yes,36800,9,4580.0,0.8034934497816594,0,1
Polestar,2 Launch Edition,2021,12172,Gasoline,Electric,1-Speed Automatic,Thunder Gray,Charcoal,None reported,Yes,35999,4,2434.4,2.9575254682878738,0,1
BMW,X6 sDrive35i,2016,70582,Gasoline,300.0HP 3.0L Straight 6 Cylinder Engine Gasoline Fuel,8-Speed A/T,Black,White,At least 1 accident or damage reported,Yes,35000,9,7058.2,0.49587713581366355,1,1
Porsche,Cayman S,2014,33088,Gasoline,325.0HP 3.4L Flat 6 Cylinder Engine Gasoline Fuel,7-Speed A/T,Black,Black,None reported,Yes,49750,11,2757.3333333333335,1.5035662475822051,0,1
Lincoln,Corsair Grand Touring,2021,1850,Plug-In Hybrid,266.0HP 2.5L 4 Cylinder Engine Plug-In Electric/Gas,CVT Transmission,Silver,Beige,None reported,Yes,49000,4,370.0,26.486486486486488,0,0
Cadillac,DTS Luxury II,2008,94155,Gasoline,275.0HP 4.6L 8 Cylinder Engine Gasoline Fuel,4-Speed A/T,White,Beige,None reported,Yes,10500,17,5230.833333333333,0.11151824119802453,0,1
Cadillac,ATS 3.6L Luxury,2016,25000,Gasoline,335.0HP 3.6L V6 Cylinder Engine Gasoline Fuel,8-Speed A/T,Red,Beige,None reported,Yes,17999,9,2500.0,0.71996,0,1
GMC,Sierra 1500 SLT,2016,99500,Gasoline,355.0HP 5.3L 8 Cylinder Engine Gasoline Fuel,8-Speed A/T,Gray,Black,None reported,Yes,27995,9,9950.0,0.281356783919598,0,1
INFINITI,G37 x,2009,158564,Gasoline,328.0HP 3.7L V6 Cylinder Engine Gasoline Fuel,A/T,Blue,Beige,None reported,Yes,8750,16,9327.29411764706,0.05518276531873565,0,1
Ford,Transit-350 XLT,2023,20000,Gasoline,310.0HP 3.5L V6 Cylinder Engine Gasoline Fuel,10-Speed A/T,Black,Black,None reported,Yes,78499,2,6666.666666666667,3.92495,0,1
Cadillac,XTS Luxury,2018,46711,Gasoline,304.0HP 3.6L V6 Cylinder Engine Gasoline Fuel,6-Speed A/T,Silver,Black,At least 1 accident or damage reported,Yes,20850,7,5838.875,0.44636167069855065,1,1
Nissan,NV Passenger NV3500 HD SL V8,2017,46496,Gasoline,375.0HP 5.6L 8 Cylinder Engine Gasoline Fuel,A/T,Black,Gray,None reported,Yes,41000,8,5166.222222222223,0.8817962835512733,0,1
Mercedes-Benz,GLS 450 Base 4MATIC,2019,19800,Gasoline,362.0HP 3.0L V6 Cylinder Engine Gasoline Fuel,9-Speed A/T,Silver,Black,None reported,Yes,53800,6,2828.5714285714284,2.717171717171717,0,1
Toyota,Land Cruiser Base,2008,175000,Gasoline,381.0HP 5.7L 8 Cylinder Engine Gasoline Fuel,6-Speed A/T,Black,Beige,At least 1 accident or damage reported,Yes,37900,17,9722.222222222223,0.21657142857142858,1,1
Toyota,Land Cruiser Base,2016,61500,Gasoline,381.0HP 5.7L 8 Cylinder Engine Gasoline Fuel,8-Speed A/T,White,Black,None reported,Yes,63500,9,6150.0,1.032520325203252,0,1
RAM,ProMaster 2500 Window Van High Roof,2016,49750,Gasoline,280.0HP 3.6L V6 Cylinder Engine Gasoline Fuel,6-Speed A/T,Black,Gray,None reported,Yes,65000,9,4975.0,1.306532663316583,0,1
Lamborghini,Gallardo Base,2007,38800,Gasoline,493.0HP 5.0L 10 Cylinder Engine Gasoline Fuel,Transmission w/Dual Shift Mode,Orange,Orange,None reported,Yes,100000,18,2042.1052631578948,2.577319587628866,0,0
Lincoln,MKZ Base,2011,83765,Gasoline,263.0HP 3.5L V6 Cylinder Engine Gasoline Fuel,A/T,Black,Black,None reported,Yes,8995,14,5584.333333333333,0.10738375216379156,0,1
Mercedes-Benz,EQS 450 4MATIC,2023,7388,Gasoline,355.0HP Electric Motor Electric Fuel System,1-Speed A/T,Gray,Beige,None reported,Yes,105500,2,2462.6666666666665,14.279913373037358,0,1
Lamborghini,Huracan Tecnica Coupe,2023,278,Gasoline,"5.2L V-10 gasoline direct injection, DOHC, variable valve contro",Automatic,Bianco Monocerus,Nero Ade,None reported,Yes,359991,2,92.66666666666667,1294.931654676259,0,1
Alfa,Romeo Giulia Quadrifoglio,2022,1966,Gasoline,2.9L V6 24V GDI DOHC Twin Turbo,8-Speed Automatic,Verde,Black,None reported,Yes,75900,3,491.5,38.606307222787386,0,1
Chevrolet,Trailblazer LT,2021,50648,Gasoline,1.2L I3 12V GDI DOHC Turbo,Automatic CVT,Pacific Blue Metallic,Jet Black,None reported,Yes,23995,4,10129.6,0.4737600694992892,0,1
Toyota,Land Cruiser Base,1993,231500,–,–,A/T,White,Gray,None reported,Yes,29500,32,7015.151515151515,0.12742980561555076,0,1
Lamborghini,Urus Base,2021,13692,Gasoline,641.0HP 4.0L 8 Cylinder Engine Gasoline Fuel,8-Speed A/T,Black,Red,None reported,Yes,257000,4,2738.4,18.770084721004967,0,1
INFINITI,G37 x,2013,60058,Gasoline,328.0HP 3.7L V6 Cylinder Engine Gasoline Fuel,A/T,White,Beige,At least 1 accident or damage reported,Yes,15000,12,4619.846153846154,0.24975856671883845,1,1
Maserati,Levante S,2017,54423,Gasoline,424.0HP 3.0L V6 Cylinder Engine Gasoline Fuel,8-Speed A/T,Black,Black,None reported,Yes,33950,8,6047.0,0.623817136137295,0,1
Toyota,Highlander Limited,2022,24001,Gasoline,3.5L V6 24V PDI DOHC,8-Speed Automatic,Wind Chill Pearl,Graphite,None reported,Yes,47498,3,6000.25,1.9790008749635433,0,1
Nissan,Armada SL,2022,14735,Gasoline,5.6 Liter,Automatic,White,Black,None reported,Yes,50998,3,3683.75,3.4610111978283,0,1
Audi,Q5 Premium,2023,2425,Hybrid,2.0 Liter TFSI,Automatic,Mythos Black,–,None reported,Yes,42998,2,808.3333333333334,17.73113402061856,0,1
Ford,Shelby GT500 Base,2022,2050,Gasoline,760.0HP 5.2L 8 Cylinder Engine Gasoline Fuel,Transmission w/Dual Shift Mode,Gray,Black,None reported,Yes,94999,3,512.5,46.3409756097561,0,0
Lincoln,Navigator L Reserve,2019,64855,Gasoline,450.0HP 3.5L V6 Cylinder Engine Gasoline Fuel,10-Speed A/T,Silver,Beige,None reported,Yes,46995,6,9265.0,0.7246164520854214,0,1
Mercedes-Benz,EQS 450+ Base,2022,16238,Gasoline,329.0HP Electric Motor Electric Fuel System,1-Speed A/T,White,Beige,None reported,Yes,62479,3,4059.5,3.847702919078704,0,1
RAM,1500 Laramie,2022,18051,Gasoline,5.7L V8 16V MPFI OHV,Automatic,Patriot Blue Pearlcoat,Black,None reported,Yes,47995,3,4512.75,2.6588554650711873,0,1
Lincoln,Town Car Base,2004,36524,Gasoline,239.0HP 4.6L 8 Cylinder Engine Gasoline Fuel,4-Speed A/T,Black,Black,None reported,Yes,14900,21,1660.1818181818182,0.40795093637060564,0,1
Acura,TLX w/A-Spec Package,2022,14896,Gasoline,2.0 Liter DOHC Turbo,2,Lunar Silver Metallic,Ebony,None reported,Yes,39998,3,3724.0,2.6851503759398496,0,0
Toyota,Camry Hybrid LE,2022,14048,Hybrid,2.5L I4 16V PDI DOHC Hybrid,Automatic CVT,Black,Black,None reported,Yes,29999,3,3512.0,2.135464123006834,0,1
Honda,CR-V EX,2003,224000,Gasoline,160.0HP 2.4L 4 Cylinder Engine Gasoline Fuel,M/T,Black,Gray,None reported,Yes,3900,22,9739.130434782608,0.017410714285714286,0,0
Mercedes-Benz,E-Class E 550,2014,80581,Gasoline,402.0HP 4.7L 8 Cylinder Engine Gasoline Fuel,Transmission w/Dual Shift Mode,Gray,Beige,None reported,Yes,26000,11,6715.083333333333,0.32265670567503507,0,0
Mazda,MX-5 Miata Grand Touring,2007,81400,Gasoline,166.0HP 2.0L 4 Cylinder Engine Gasoline Fuel,6-Speed M/T,Red,–,At least 1 accident or damage reported,Yes,11000,18,4284.210526315789,0.13513513513513514,1,0
Porsche,718 Boxster Base,2019,6700,Gasoline,300.0HP 2.0L 4 Cylinder Engine Gasoline Fuel,7-Speed A/T,Gray,Black,None reported,Yes,63000,6,957.1428571428571,9.402985074626866,0,1
Ford,Transit-350 XLT,2015,143000,Gasoline,275.0HP 3.7L V6 Cylinder Engine Gasoline Fuel,6-Speed A/T,Silver,Gray,None reported,Yes,22500,10,13000.0,0.15734265734265734,0,1
Kia,Sportage SX Turbo,2017,87842,Gasoline,2.0L I4 16V GDI DOHC Turbo,6-Speed Automatic,Black Cherry,Black,None reported,Yes,18688,8,9760.222222222223,0.2127456114387195,0,1
INFINITI,G37 S Sport,2010,116451,Gasoline,328.0HP 3.7L V6 Cylinder Engine Gasoline Fuel,6-Speed M/T,White,Gray,None reported,Yes,16500,15,7278.1875,0.14169049643197568,0,0
Nissan,Titan XD S,2019,53677,Gasoline,390.0HP 5.6L 8 Cylinder Engine Gasoline Fuel,7-Speed A/T,Red,Gray,None reported,Yes,27900,6,7668.142857142857,0.5197756953630046,0,1
Audi,S7 2.9T Prestige,2021,12000,Hybrid,444.0HP 2.9L V6 Cylinder Engine Gasoline/Mild Electric Hybrid,8-Speed A/T,Gray,Black,None reported,Yes,77500,4,2400.0,6.458333333333333,0,1
Land,Rover Discovery HSE,2019,20034,Gasoline,3.0 Liter,Automatic,Yulong White,Tan/Ebony,None reported,Yes,43998,6,2862.0,2.196166516921234,0,1
Ford,Transit-350 XLT,2020,32000,Diesel,210.0HP 2.0L 4 Cylinder Engine Diesel Fuel,A/T,Black,Black,None reported,Yes,68000,5,5333.333333333333,2.125,0,1
INFINITI,Q70 3.7,2014,70312,Gasoline,330.0HP 3.7L V6 Cylinder Engine Gasoline Fuel,7-Speed A/T,Black,Black,None reported,Yes,19995,11,5859.333333333333,0.28437535555808396,0,1
Jeep,Gladiator Rubicon,2022,8794,Gasoline,285.0HP 3.6L V6 Cylinder Engine Gasoline Fuel,A/T,White,Black,None reported,Yes,54000,3,2198.5,6.140550375255856,0,1
Lincoln,MKX Base,2010,156000,Gasoline,265.0HP 3.5L V6 Cylinder Engine Gasoline Fuel,6-Speed A/T,Black,Black,At least 1 accident or damage reported,Yes,5900,15,9750.0,0.03782051282051282,1,1
Porsche,911 Carrera 4S,2020,25568,Gasoline,3.0L H6 24V GDI DOHC Twin Turbo,7-Speed Manual,Red,Black,None reported,Yes,134999,5,4261.333333333333,5.279998435544431,0,0
Mercedes-Benz,AMG C 43 Base 4MATIC,2018,67100,Gasoline,362.0HP 3.0L V6 Cylinder Engine Gasoline Fuel,Transmission w/Dual Shift Mode,Gray,Black,At least 1 accident or damage reported,Yes,34250,7,8387.5,0.5104321907600596,1,0
Porsche,Cayman Base,2014,52000,Gasoline,275.0HP 2.7L Flat 6 Cylinder Engine Gasoline Fuel,Transmission w/Dual Shift Mode,Blue,Beige,At least 1 accident or damage reported,Yes,37000,11,4333.333333333333,0.7115384615384616,1,0
Acura,MDX 3.7L Advance,2011,137200,Gasoline,300.0HP 3.7L V6 Cylinder Engine Gasoline Fuel,Transmission w/Dual Shift Mode,White,Gray,None reported,Yes,12000,14,9146.666666666666,0.08746355685131195,0,0
Volkswagen,Golf R 4-Door w/DCC & Navigation,2018,36000,Gasoline,292.0HP 2.0L 4 Cylinder Engine Gasoline Fuel,7-Speed A/T,White,Black,At least 1 accident or damage reported,Yes,32000,7,4500.0,0.8888888888888888,1,1
Kia,Forte GT-Line,2023,15500,Gasoline,147.0HP 2.0L 4 Cylinder Engine Gasoline Fuel,CVT Transmission,White,Black,At least 1 accident or damage reported,Yes,24500,2,5166.666666666667,1.5806451612903225,1,0
BMW,M8 Competition,2020,10906,Gasoline,4.4 Liter Twin Turbo,Automatic,Donington Grey Metallic,Black,None reported,Yes,96998,5,1817.6666666666667,8.894003300935266,0,1
Lincoln,MKC Select,2019,49814,Gasoline,2.0L I4 16V GDI DOHC Turbo,6-Speed Automatic,Ruby Red Metallic Tinted Clearcoat,Cappuccino,None reported,Yes,26545,6,7116.285714285715,0.5328823222387281,0,1
BMW,i8 Base,2015,846,Plug-In Hybrid,357.0HP 1.5L 3 Cylinder Engine Plug-In Electric/Gas,A/T,White,White,None reported,Yes,86999,10,76.9090909090909,102.83569739952719,0,1
Toyota,Highlander XLE,2021,67039,Gasoline,3.5L V6 24V PDI DOHC,8-Speed Automatic,Blue,Black,None reported,Yes,34645,4,13407.8,0.5167887349154969,0,1
Mazda,CX-30 Premium Package,2023,2636,Gasoline,2.5L I4 16V,6-Speed Automatic,Platinum Quartz Metallic,Black,None reported,Yes,28535,2,878.6666666666666,10.825113808801214,0,1
Porsche,Cayenne Platinum Edition,2018,50166,Gasoline,3.6L V6 24V GDI DOHC,8-Speed Automatic,White,Black,At least 1 accident or damage reported,Yes,43550,7,6270.75,0.868117848742176,1,1
Lincoln,MKZ Reserve,2017,37375,Gasoline,400.0HP 3.0L V6 Cylinder Engine Gasoline Fuel,6-Speed A/T,Blue,Brown,None reported,Yes,27500,8,4152.777777777777,0.7357859531772575,0,1
Tesla,Model 3 Standard Range Plus,2021,21600,Gasoline,271.0HP Electric Motor Electric Fuel System,A/T,White,Black,None reported,Yes,31000,4,4320.0,1.4351851851851851,0,1
Porsche,718 Cayman S,2019,9500,Gasoline,350.0HP 2.5L 4 Cylinder Engine Gasoline Fuel,7-Speed A/T,Red,Black,At least 1 accident or damage reported,Yes,69000,6,1357.142857142857,7.2631578947368425,1,1
Chevrolet,Corvette Base,2005,143095,Gasoline,400.0HP 6.0L 8 Cylinder Engine Gasoline Fuel,4-Speed A/T,Red,Black,None reported,Yes,16000,20,6814.047619047619,0.1118138299730948,0,1
Acura,RSX Type S,2002,80000,Gasoline,200.0HP 2.0L 4 Cylinder Engine Gasoline Fuel,6-Speed M/T,Beige,Beige,At least 1 accident or damage reported,Yes,8500,23,3333.3333333333335,0.10625,1,0
Ferrari,Roma Base,2021,3000,Gasoline,611.0HP 3.9L 8 Cylinder Engine Gasoline Fuel,8-Speed A/T,Blue,Brown,None reported,Yes,275000,4,600.0,91.66666666666667,0,1
Porsche,Cayman S,2007,5856,Gasoline,295.0HP 3.4L Flat 6 Cylinder Engine Gasoline Fuel,6-Speed M/T,Black,Black,None reported,Yes,45000,18,308.2105263157895,7.684426229508197,0,0
Rolls-Royce,Phantom Drophead Coupe Drophead,2013,2958,Gasoline,6.8L V12 48V GDI DOHC,8-Speed Automatic,Yellow,–,None reported,Yes,488880,12,227.53846153846155,165.2738336713996,0,1
Audi,SQ7 4.0T,2022,28927,Gasoline,4.0L V8 32V GDI DOHC Twin Turbo,Automatic,Matador Red Metallic,Black,None reported,Yes,74900,3,7231.75,2.5892764545234557,0,1
Mercedes-Benz,AMG GLS 63 4MATIC,2022,4102,Hybrid,603.0HP 4.0L 8 Cylinder Engine Gasoline/Mild Electric Hybrid,9-Speed A/T,Black,Black,None reported,Yes,144664,3,1025.5,35.26669917113603,0,1
Honda,Ridgeline RTL-E,2021,14442,Gasoline,280.0HP 3.5L V6 Cylinder Engine Gasoline Fuel,9-Speed A/T,White,Beige,None reported,Yes,38500,4,2888.4,2.665835756820385,0,1
Mercedes-Benz,CLK-Class 500 Cabriolet,2005,64000,Gasoline,302.0HP 5.0L 8 Cylinder Engine Gasoline Fuel,7-Speed A/T,Silver,Black,None reported,Yes,12995,20,3047.6190476190477,0.203046875,0,1
Lexus,GX 470 Base,2004,154000,Gasoline,235.0HP 4.7L 8 Cylinder Engine Gasoline Fuel,A/T,White,Beige,At least 1 accident or damage reported,Yes,10000,21,7000.0,0.06493506493506493,1,1
Lexus,NX 200t Base,2015,54000,Gasoline,235.0HP 2.0L 4 Cylinder Engine Gasoline Fuel,6-Speed A/T,White,Black,None reported,Yes,27000,10,4909.090909090909,0.5,0,1
Dodge,Dakota SLT Quad Cab,2007,232492,Gasoline,210.0HP 3.7L V6 Cylinder Engine Gasoline Fuel,4-Speed A/T,Silver,Gray,At least 1 accident or damage reported,Yes,6000,18,12236.421052631578,0.02580733960738434,1,1
Maserati,Ghibli S Q4 GranSport,2020,25721,Gasoline,3.0L V6 24V GDI DOHC Twin Turbo,8-Speed Automatic,Blu,Nero,None reported,Yes,52645,5,4286.833333333333,2.046771120873994,0,1
Land,Rover Discovery Sport SE R-Dynamic,2020,20927,Gasoline,2.0 Liter,Automatic,Fuji White,–,None reported,Yes,35998,5,3487.8333333333335,1.7201701151622306,0,1
Aston,Martin DBX Base,2021,2353,Gasoline,4.0L V8 32V GDI DOHC Twin Turbo,9-Speed Automatic,Green,Sahara Tan,None reported,Yes,159500,4,470.6,67.78580535486613,0,1
Audi,Q3 45 S line Premium,2022,9325,Gasoline,2.0L I4 16V GDI DOHC Turbo,8-Speed Automatic,Mythos Black Metallic,Black,None reported,Yes,33610,3,2331.25,3.604289544235925,0,1
Ford,Explorer XLT,2020,61001,Gasoline,2.3L I4 16V GDI DOHC Turbo,10-Speed Automatic,Gray,Ebony,At least 1 accident or damage reported,Yes,28616,5,10166.833333333334,0.46910706381862594,1,1
Mercedes-Benz,AMG GLC 63 Base 4MATIC,2018,71962,Gasoline,469.0HP 4.0L 8 Cylinder Engine Gasoline Fuel,9-Speed A/T,White,Black,None reported,Yes,46900,7,8995.25,0.6517328590089214,0,1
Subaru,BRZ Premium,2023,5800,Gasoline,228.0HP 2.4L 4 Cylinder Engine Gasoline Fuel,6-Speed M/T,Black,Black,None reported,Yes,29990,2,1933.3333333333333,5.1706896551724135,0,0
BMW,640 i,2016,40080,Gasoline,315.0HP 3.0L Straight 6 Cylinder Engine Gasoline Fuel,8-Speed A/T,Black,Black,None reported,Yes,28499,9,4008.0,0.7110528942115768,0,1
Kia,Stinger GT2,2020,57000,Gasoline,365.0HP 3.3L V6 Cylinder Engine Gasoline Fuel,A/T,Black,Red,At least 1 accident or damage reported,Yes,36500,5,9500.0,0.6403508771929824,1,1
Chevrolet,Bolt EUV Premier,2022,7624,Gasoline,Electric,1-Speed Automatic,Mosaic Black Metallic,Jet Black,None reported,Yes,31985,3,1906.0,4.195304302203568,0,1
Subaru,Forester 2.5 XT,2004,122000,Gasoline,210.0HP 2.5L 4 Cylinder Engine Gasoline Fuel,5-Speed M/T,Gold,Black,At least 1 accident or damage reported,Yes,9999,21,5545.454545454545,0.08195901639344262,1,0
Kia,Sportage X-Pro,2023,459,Gasoline,2.5L I4 16V PDI DOHC,8-Speed Automatic,Jungle Green,Black,None reported,Yes,36998,2,153.0,80.60566448801742,0,1
BMW,M4 Base,2016,62500,Gasoline,425.0HP 3.0L Straight 6 Cylinder Engine Gasoline Fuel,7-Speed A/T,Black,Orange,At least 1 accident or damage reported,Yes,40500,9,6250.0,0.648,1,1
Hyundai,Equus Signature,2013,72000,Gasoline,429.0HP 5.0L 8 Cylinder Engine Gasoline Fuel,8-Speed A/T,Silver,Black,None reported,Yes,17500,12,5538.461538461538,0.24305555555555555,0,1
Mercedes-Benz,AMG E 53 4MATIC,2020,8375,Gasoline,"AMG 3L I-6 gasoline direct injection, DOHC, variable valve contr","Automatic, 9-Spd 9G-Tronic",BLACK,BLACK,None reported,Yes,69900,5,1395.8333333333333,8.346268656716418,0,1
BMW,M550 i xDrive,2020,40000,Gasoline,523.0HP 4.4L 8 Cylinder Engine Gasoline Fuel,Transmission w/Dual Shift Mode,Blue,Black,None reported,Yes,53000,5,6666.666666666667,1.325,0,0
Subaru,Impreza WRX STI,2014,77000,Gasoline,305.0HP 2.5L 4 Cylinder Engine Gasoline Fuel,6-Speed M/T,Gray,Black,At least 1 accident or damage reported,Yes,30000,11,6416.666666666667,0.38961038961038963,1,0
Mercedes-Benz,AMG G 63 Base,2019,19593,Gasoline,4.0 Liter Twin Turbo,Automatic,Black,Black,None reported,Yes,159998,6,2799.0,8.166079722349819,0,1
Mazda,Mazda6 Grand Touring,2020,35902,Gasoline,2.5L I4 16V GDI DOHC Turbo,6-Speed Automatic,Deep Crystal Blue Mica,Black,None reported,Yes,22966,5,5983.666666666667,0.6396858113754108,0,1
Hyundai,Veloster Base,2013,800,Gasoline,132.0HP 1.6L 4 Cylinder Engine Gasoline Fuel,Transmission w/Dual Shift Mode,Black,Gray,None reported,Yes,9800,12,61.53846153846154,12.25,0,0
Bentley,Bentayga S,2023,2600,Gasoline,4.0L V8 32V GDI DOHC Twin Turbo,8-Speed Automatic,Beluga Black,Hotspur,None reported,Yes,239995,2,866.6666666666666,92.30576923076923,0,1
Land,Rover Defender X-Dynamic SE,2023,6204,Hybrid,3.0 Liter,Automatic,Eiger Grey,–,None reported,Yes,79998,2,2068.0,12.89458413926499,0,1
Kia,Telluride SX,2020,69185,Gasoline,3.8L V6 24V GDI DOHC,8-Speed Automatic,Ebony Black,Gray,None reported,Yes,37405,5,11530.833333333334,0.5406518754065187,0,1
Maserati,GranTurismo Sport,2015,45000,Gasoline,454.0HP 4.7L 8 Cylinder Engine Gasoline Fuel,6-Speed A/T,Black,Black,None reported,Yes,41900,10,4090.909090909091,0.9311111111111111,0,1
BMW,540 i xDrive,2020,37426,Gasoline,2.0 Liter Turbo,Automatic,White,Black,None reported,Yes,39998,5,6237.666666666667,1.0687222786298296,0,1
INFINITI,M56 Base,2011,137000,Gasoline,420.0HP 5.6L 8 Cylinder Engine Gasoline Fuel,Transmission w/Dual Shift Mode,Gray,Brown,At least 1 accident or damage reported,Yes,8500,14,9133.333333333334,0.06204379562043796,1,0
Mazda,Mazda3 s Grand Touring,2016,85000,–,–,A/T,Black,Black,At least 1 accident or damage reported,Yes,18500,9,8500.0,0.21764705882352942,1,1
Chevrolet,Corvette Stingray w/1LT,2023,4000,Gasoline,490.0HP 6.2L 8 Cylinder Engine Gasoline Fuel,8-Speed A/T,Black,Red,At least 1 accident or damage reported,Yes,73900,2,1333.3333333333333,18.475,1,1
Audi,Q5 S line Premium Plus,2023,4648,Hybrid,2.0 Liter TFSI,Automatic,Mythos Black,Black,None reported,Yes,47598,2,1549.3333333333333,10.24053356282272,0,1
Lexus,GX 460 Base,2018,52100,Gasoline,301.0HP 4.6L 8 Cylinder Engine Gasoline Fuel,6-Speed A/T,White,Beige,None reported,Yes,38000,7,6512.5,0.7293666026871402,0,1
BMW,X1 sDrive28i,2014,50100,Gasoline,240.0HP 2.0L 4 Cylinder Engine Gasoline Fuel,A/T,Brown,Beige,None reported,Yes,10795,11,4175.0,0.2154690618762475,0,1
Alfa,Romeo Stelvio Ti,2020,41000,Gasoline,280.0HP 2.0L 4 Cylinder Engine Gasoline Fuel,8-Speed A/T,White,Black,None reported,Yes,32400,5,6833.333333333333,0.7902439024390244,0,1
RAM,1500 Big Horn,2021,70968,Gasoline,395.0HP 5.7L 8 Cylinder Engine Gasoline Fuel,8-Speed A/T,Black,Black,None reported,Yes,34000,4,14193.6,0.4790891669484838,0,1
BMW,M4 Base,2015,26600,Gasoline,425.0HP 3.0L Straight 6 Cylinder Engine Gasoline Fuel,A/T,White,–,None reported,Yes,53000,10,2418.181818181818,1.9924812030075187,0,1
Tesla,Model X Long Range,2022,15443,Gasoline,670.0HP Electric Motor Electric Fuel System,1-Speed A/T,Red,Black,None reported,Yes,84500,3,3860.75,5.4717347665609015,0,1
Volvo,S90 T5 Momentum,2018,95000,Gasoline,250.0HP 2.0L 4 Cylinder Engine Gasoline Fuel,8-Speed A/T,White,Beige,None reported,Yes,18000,7,11875.0,0.18947368421052632,0,1
Subaru,Impreza WRX Sti,2005,94000,Gasoline,300.0HP 2.5L 4 Cylinder Engine Gasoline Fuel,6-Speed M/T,Black,Blue,None reported,Yes,19500,20,4476.190476190476,0.2074468085106383,0,0
BMW,X6 xDrive40i,2020,45076,Gasoline,3.0 Liter Turbo,Automatic,Blue,Black,None reported,Yes,57998,5,7512.666666666667,1.2866713994143224,0,1
Cadillac,CTS 2.0L Turbo Luxury,2014,110000,Gasoline,272.0HP 2.0L 4 Cylinder Engine Gasoline Fuel,A/T,Gold,Beige,None reported,Yes,11000,11,9166.666666666666,0.1,0,1
Land,Rover Discovery Sport HSE,2016,49083,Gasoline,2.0L I4 16V GDI DOHC Turbo,9-Speed Automatic,Indus Silver,Ebony,None reported,Yes,21590,9,4908.3,0.4398671637837948,0,1
Genesis,G90 5.0 Ultimate,2017,63500,Gasoline,420.0HP 5.0L 8 Cylinder Engine Gasoline Fuel,Transmission w/Dual Shift Mode,Silver,Black,None reported,Yes,27500,8,7055.555555555556,0.4330708661417323,0,0
Mercedes-Benz,CLK-Class CLK 350,2009,21500,Gasoline,268.0HP 3.5L V6 Cylinder Engine Gasoline Fuel,A/T,Black,Black,At least 1 accident or damage reported,Yes,18000,16,1264.7058823529412,0.8372093023255814,1,1
Land,Rover Range Rover Autobiography,2023,324,Gasoline,4.4 Liter,Automatic,Black,Blk,None reported,Yes,199998,2,108.0,617.2777777777778,0,1
Kia,Optima EX,2019,68166,Gasoline,"1.6L I-4 gasoline direct injection, DOHC, variable valve control",Automatic,Ebony Black,Black,None reported,Yes,20818,6,9738.0,0.3054015198192647,0,1
Toyota,Highlander SE,2018,53607,Gasoline,3.5L V6 24V PDI DOHC,8-Speed Automatic,Midnight Black Metallic,Black,At least 1 accident or damage reported,Yes,31853,7,6700.875,0.5941947879941053,1,1
Mercedes-Benz,Sprinter 4500 High Roof,2019,16813,Diesel,188.0HP 3.0L V6 Cylinder Engine Diesel Fuel,Transmission w/Dual Shift Mode,Gray,Black,None reported,Yes,45900,6,2401.8571428571427,2.730030333670374,0,0
BMW,X1 xDrive28i,2020,18200,Gasoline,228.0HP 2.0L 4 Cylinder Engine Gasoline Fuel,A/T,White,Beige,At least 1 accident or damage reported,Yes,29500,5,3033.3333333333335,1.620879120879121,1,1
Audi,R8 5.2,2015,51000,Gasoline,550.0HP 5.2L 10 Cylinder Engine Gasoline Fuel,Transmission w/Dual Shift Mode,White,Black,At least 1 accident or damage reported,Yes,102000,10,4636.363636363636,2.0,1,0
Audi,S3 2.0T Tech Premium Plus,2018,16400,Gasoline,292.0HP 2.0L 4 Cylinder Engine Gasoline Fuel,A/T,Blue,Red,None reported,Yes,42800,7,2050.0,2.6097560975609757,0,1
Toyota,Tundra Hybrid TRD Pro,2022,7000,Hybrid,437.0HP 3.4L V6 Cylinder Engine Gas/Electric Hybrid,10-Speed A/T,Orange,–,None reported,Yes,75500,3,1750.0,10.785714285714286,0,1
Audi,SQ5 3.0T Premium Plus,2022,8497,Gasoline,3.0L V6 24V GDI DOHC Turbo,Automatic,Ibis White,Black,None reported,Yes,52900,3,2124.25,6.225726727080146,0,1
Audi,A6 2.0T Premium Plus,2016,68000,Gasoline,252.0HP 2.0L 4 Cylinder Engine Gasoline Fuel,Transmission w/Dual Shift Mode,White,Black,At least 1 accident or damage reported,Yes,20000,9,6800.0,0.29411764705882354,1,0
Lamborghini,Huracan EVO Base,2022,2523,Gasoline,5.2L V10 40V GDI DOHC,7-Speed Manual,Bianco Icarus Metallic,Nero Ade,None reported,Yes,288900,3,630.75,114.5065398335315,0,0
BMW,328 xi,2007,83000,Gasoline,230.0HP 3.0L Straight 6 Cylinder Engine Gasoline Fuel,6-Speed A/T,Black,Brown,None reported,Yes,8995,18,4368.421052631579,0.10837349397590361,0,1
Audi,SQ5 3.0T Prestige,2018,25000,Gasoline,354.0HP 3.0L V6 Cylinder Engine Gasoline Fuel,8-Speed A/T,Gray,Black,None reported,Yes,50000,7,3125.0,2.0,0,1
Cadillac,Escalade Sport Platinum,2021,15689,Diesel,3.0L I6 24V DDI DOHC Turbo Diesel,10-Speed Automatic,Infrared Tintcoat,Jet Black,None reported,Yes,97952,4,3137.8,6.2433552170310405,0,1
BMW,M235 i,2014,125450,Gasoline,320.0HP 3.0L Straight 6 Cylinder Engine Gasoline Fuel,6-Speed M/T,Blue,Black,None reported,Yes,17200,11,10454.166666666666,0.137106416899163,0,0
Kia,Telluride SX,2023,9822,Gasoline,3.8L V6 24V GDI DOHC,8-Speed Automatic,Midnight Black,Gray,None reported,Yes,50998,2,3274.0,5.192221543473834,0,1
Chevrolet,Express 3500 Base,2008,144000,Gasoline,323.0HP 6.0L 8 Cylinder Engine Gasoline Fuel,A/T,White,Gray,None reported,Yes,22000,17,8000.0,0.1527777777777778,0,1
GMC,Acadia SLE,2020,30900,Gasoline,2.5L I4 16V GDI DOHC,9-Speed Automatic,Summit White,Jet Black,None reported,Yes,27654,5,5150.0,0.8949514563106796,0,1
BMW,X3 xDrive30i,2021,2492,Gasoline,2.0 Liter Turbo,Automatic,Phytonic Blue Metallic,Canberra Beige/Black,None reported,Yes,41598,4,498.4,16.692616372391655,0,1
Audi,TT 2.0T,2015,126760,Gasoline,211.0HP 2.0L 4 Cylinder Engine Gasoline Fuel,A/T,Black,Black,At least 1 accident or damage reported,Yes,14000,10,11523.636363636364,0.1104449353108236,1,1
Subaru,Outback 3.6R Touring,2017,100680,Gasoline,256.0HP 3.6L Flat 6 Cylinder Engine Gasoline Fuel,A/T,Brown,–,None reported,Yes,20500,8,11186.666666666666,0.20361541517679776,0,1
Mitsubishi,Eclipse Spyder GS,2001,90400,Gasoline,140.0HP 2.4L 4 Cylinder Engine Gasoline Fuel,A/T,Red,–,None reported,Yes,4495,24,3616.0,0.04972345132743363,0,1
Hyundai,Santa Fe SEL,2022,26895,Gasoline,2.5L I4 16V PDI DOHC,8-Speed Automatic,Quartz White,Black,None reported,Yes,29800,3,6723.75,1.108012641754973,0,1
BMW,M5 Base,2018,20500,Gasoline,600.0HP 4.4L 8 Cylinder Engine Gasoline Fuel,8-Speed A/T,Silver,Black,None reported,Yes,67000,7,2562.5,3.268292682926829,0,1
Dodge,Ram 1500 ST,2011,134000,Gasoline,390.0HP 5.7L 8 Cylinder Engine Gasoline Fuel,A/T,Black,Gray,At least 1 accident or damage reported,Yes,10500,14,8933.333333333334,0.07835820895522388,1,1
Ford,Fusion Energi Titanium,2015,84352,Plug-In Hybrid,188.0HP 2.0L 4 Cylinder Engine Plug-In Electric/Gas,CVT Transmission,Blue,Black,At least 1 accident or damage reported,Yes,10000,10,7668.363636363636,0.11855083459787556,1,0
Toyota,Tundra Hybrid TRD Pro,2022,19000,Hybrid,437.0HP 3.4L V6 Cylinder Engine Gas/Electric Hybrid,10-Speed A/T,Orange,Black,None reported,Yes,71000,3,4750.0,3.736842105263158,0,1
Land,Rover Range Rover Evoque Pure,2015,115550,Gasoline,240.0HP 2.0L 4 Cylinder Engine Gasoline Fuel,9-Speed A/T,White,Black,None reported,Yes,17500,10,10504.545454545454,0.15144958892254434,0,1
Lincoln,Navigator Base,2009,191775,E85 Flex Fuel,310.0HP 5.4L 8 Cylinder Engine Flex Fuel Capability,6-Speed A/T,White,Beige,At least 1 accident or damage reported,Yes,9750,16,11280.882352941177,0.050840829096597574,1,1
Ford,Mustang Mach-E Select,2023,923,Gasoline,Standard Range Battery,Automatic,Rapid Red Metallic Tinted Clearcoat,Black Onyx,None reported,Yes,46998,2,307.6666666666667,50.91874322860238,0,1
Mercedes-Benz,Sprinter 3500 High Roof,2017,124630,Diesel,188.0HP 3.0L V6 Cylinder Engine Diesel Fuel,5-Speed A/T,Black,Black,None reported,Yes,75000,8,13847.777777777777,0.6017812725667977,0,1
Mercedes-Benz,AMG E 63 S 4MATIC,2019,17000,Gasoline,603.0HP 4.0L 8 Cylinder Engine Gasoline Fuel,9-Speed A/T,White,Brown,None reported,Yes,95000,6,2428.5714285714284,5.588235294117647,0,1
BMW,440 i xDrive,2018,73500,Gasoline,320.0HP 3.0L Straight 6 Cylinder Engine Gasoline Fuel,A/T,Black,Blue,None reported,Yes,32000,7,9187.5,0.43537414965986393,0,1
Acura,Integra LS,1998,120000,Gasoline,140.0HP 1.8L 4 Cylinder Engine Gasoline Fuel,4-Speed A/T,Red,–,At least 1 accident or damage reported,Yes,5500,27,4285.714285714285,0.04583333333333333,1,1
Audi,Q7 55 Prestige,2019,73837,Gasoline,3.0L V6 24V GDI DOHC Supercharged,8-Speed Automatic,Cobra Beige Metallic,Nougat Brown,None reported,Yes,36340,6,10548.142857142857,0.49216517464143994,0,1
BMW,M6 Base,2014,29500,Gasoline,560.0HP 4.4L 8 Cylinder Engine Gasoline Fuel,Transmission w/Dual Shift Mode,Silver,Black,None reported,Yes,40999,11,2458.3333333333335,1.3897966101694916,0,0
Volkswagen,Arteon 2.0T SE,2021,13613,Gasoline,2.0 Liter TSI,Automatic,Pure White,Titan Black,None reported,Yes,29798,4,2722.6,2.1889370454712407,0,1
Lexus,LX 600 F SPORT,2023,1185,Gasoline,409.0HP 3.4L V6 Cylinder Engine Gasoline Fuel,10-Speed A/T,Black,Black,None reported,Yes,120990,2,395.0,102.10126582278481,0,1
INFINITI,Q40 Base,2015,143250,Gasoline,328.0HP 3.7L V6 Cylinder Engine Gasoline Fuel,Transmission w/Dual Shift Mode,Silver,Black,None reported,Yes,11500,10,13022.727272727272,0.08027923211169284,0,0
BMW,Z4 3.0i Roadster,2006,46508,Gasoline,215.0HP 3.0L Straight 6 Cylinder Engine Gasoline Fuel,Transmission w/Dual Shift Mode,Green,Beige,At least 1 accident or damage reported,Yes,11500,19,2325.4,0.24726928700438633,1,0
BMW,M6 Base,2015,18651,Gasoline,560.0HP 4.4L 8 Cylinder Engine Gasoline Fuel,Transmission w/Dual Shift Mode,Red,Black,None reported,Yes,59549,10,1695.5454545454545,3.192804675352528,0,0
BMW,X3 M40i,2019,36438,Gasoline,3.0 Liter Turbo,Automatic,Alpine White,Oyster W/Contrast,None reported,Yes,39998,6,5205.428571428572,1.0977002030846919,0,1
Kia,Sorento LX,2014,46628,Gasoline,2.4L I4 16V GDI DOHC,6-Speed Automatic,Snow White Pearl,Beige,None reported,Yes,15363,11,3885.6666666666665,0.32948014068799863,0,1
Rivian,R1S Adventure Package,2023,5700,Gasoline,835.0HP Electric Motor Electric Fuel System,1-Speed A/T,Gray,White,None reported,Yes,95000,2,1900.0,16.666666666666668,0,1
BMW,Z4 sDrive28i,2015,57550,Gasoline,240.0HP 2.0L 4 Cylinder Engine Gasoline Fuel,6-Speed M/T,Black,White,None reported,Yes,29995,10,5231.818181818182,0.5211989574283232,0,0
Cadillac,CTS-V Base,2017,48600,Gasoline,640.0HP 6.2L 8 Cylinder Engine Gasoline Fuel,Transmission w/Dual Shift Mode,Black,Black,None reported,Yes,60999,8,5400.0,1.2551234567901235,0,0
Ford,Transit Connect XL,2020,119000,Gasoline,169.0HP 2.5L 4 Cylinder Engine Gasoline Fuel,A/T,White,Black,None reported,Yes,18000,5,19833.333333333332,0.15126050420168066,0,1
Land,Rover Range Rover Velar SVAutobiography Dynamic Edition,2020,36500,Gasoline,550.0HP 5.0L 8 Cylinder Engine Gasoline Fuel,Transmission w/Dual Shift Mode,White,Red,None reported,Yes,72000,5,6083.333333333333,1.9726027397260273,0,0
Lexus,IS 250 Base,2010,121250,Gasoline,204.0HP 2.5L V6 Cylinder Engine Gasoline Fuel,6-Speed A/T,Black,White,At least 1 accident or damage reported,Yes,13250,15,7578.125,0.10927835051546392,1,1
BMW,X7 xDrive40i,2023,2437,Hybrid,375.0HP 3.0L Straight 6 Cylinder Engine Gasoline/Mild Electric Hybrid,Transmission w/Dual Shift Mode,Gray,Black,None reported,Yes,78350,2,812.3333333333334,32.15018465326221,0,0
Volvo,XC90 T6 Momentum,2018,110380,Gasoline,316.0HP 2.0L 4 Cylinder Engine Gasoline Fuel,A/T,Gray,Beige,At least 1 accident or damage reported,Yes,22000,7,13797.5,0.19931146946910672,1,1
Hyundai,Tucson Limited,2008,149000,Gasoline,173.0HP 2.7L V6 Cylinder Engine Gasoline Fuel,4-Speed A/T,Black,Gray,None reported,Yes,3850,17,8277.777777777777,0.025838926174496644,0,1
Dodge,Durango GT,2021,14684,Gasoline,3.6L V6 24V MPFI DOHC,8-Speed Automatic,DB Black Clearcoat,Black,None reported,Yes,37995,4,2936.8,2.587510215200218,0,1
Mercedes-Benz,AMG C 43 Base 4MATIC,2017,39000,Gasoline,362.0HP 3.0L V6 Cylinder Engine Gasoline Fuel,9-Speed A/T,White,Black,At least 1 accident or damage reported,Yes,39000,8,4333.333333333333,1.0,1,1
GMC,Yukon XL SLT,2019,65212,Gasoline,5.3L V8 16V GDI OHV,Automatic,Summit White,Jet Black,None reported,Yes,42995,6,9316.0,0.6593111697233638,0,1
Audi,RS Q8 4.0T,2020,41856,Gasoline,591.0HP 4.0L 8 Cylinder Engine Gasoline Fuel,Transmission w/Dual Shift Mode,Gray,Black,None reported,Yes,91500,5,6976.0,2.186066513761468,0,0
Rivian,R1S Adventure Package,2023,655,Gasoline,835.0HP Electric Motor Electric Fuel System,1-Speed A/T,Red,Silver,None reported,Yes,94500,2,218.33333333333334,144.27480916030535,0,1
Toyota,RAV4 Hybrid XLE,2019,54000,Hybrid,219.0HP 2.5L 4 Cylinder Engine Gas/Electric Hybrid,CVT Transmission,Gray,Gray,None reported,Yes,33000,6,7714.285714285715,0.6111111111111112,0,0
Alfa,Romeo Stelvio Quadrifoglio,2019,26500,Gasoline,505.0HP 2.9L V6 Cylinder Engine Gasoline Fuel,8-Speed A/T,Gray,Black,None reported,Yes,53900,6,3785.714285714286,2.0339622641509436,0,1
Land,Rover Range Rover Evoque SE,2020,38356,Gasoline,2.0 Liter,Automatic,Firenze Red Metallic,Ebony,None reported,Yes,36598,5,6392.666666666667,0.9541662321409949,0,1
Alfa,Romeo Stelvio Ti Sport,2020,21487,Gasoline,2.0L I4 16V GDI SOHC Turbo,8-Speed Automatic,Anodized Blue Metallic,Ice,None reported,Yes,35345,5,3581.1666666666665,1.6449481081584214,0,1
Cadillac,Escalade EXT Base,2007,99000,Gasoline,403.0HP 6.2L 8 Cylinder Engine Gasoline Fuel,6-Speed A/T,Black,Black,None reported,Yes,22999,18,5210.526315789473,0.2323131313131313,0,1
Ford,F-250 Lariat,2019,35597,E85 Flex Fuel,6.2L V8 16V MPFI SOHC Flexible Fuel,6-Speed Automatic,Black,Black,None reported,Yes,47756,6,5085.285714285715,1.3415737281231563,0,1
Nissan,350Z Enthusiast,2005,130307,Gasoline,287.0HP 3.5L V6 Cylinder Engine Gasoline Fuel,5-Speed A/T,Blue,Black,None reported,Yes,9950,20,6205.0952380952385,0.07635813885669995,0,1
Subaru,Legacy 2.5 i Premium,2010,178000,Gasoline,170.0HP 2.5L 4 Cylinder Engine Gasoline Fuel,A/T,Blue,Black,None reported,Yes,7600,15,11125.0,0.04269662921348315,0,1
Honda,Civic LX,2003,160265,Gasoline,115.0HP 1.7L 4 Cylinder Engine Gasoline Fuel,A/T,White,Gray,At least 1 accident or damage reported,Yes,3000,22,6968.04347826087,0.01871899666177893,1,1
McLaren,570S Spider,2020,8700,Gasoline,562.0HP 3.8L 8 Cylinder Engine Gasoline Fuel,Transmission w/Dual Shift Mode,Black,Black,None reported,Yes,185000,5,1450.0,21.264367816091955,0,0
Maserati,Ghibli S Q4,2016,1000,Gasoline,404.0HP 3.0L V6 Cylinder Engine Gasoline Fuel,Transmission w/Dual Shift Mode,Gray,Red,None reported,Yes,36000,9,100.0,36.0,0,0
Jeep,Wagoneer Series II 4x4,2022,29800,Gasoline,"HEMI 5.7L V-8 variable valve control, regular unleaded, engine w","Automatic, 8-Spd",–,–,None reported,Yes,58900,3,7450.0,1.976510067114094,0,1
Maserati,Ghibli S Q4,2017,49750,Gasoline,404.0HP 3.0L V6 Cylinder Engine Gasoline Fuel,Transmission w/Dual Shift Mode,White,Red,None reported,Yes,27995,8,5527.777777777777,0.562713567839196,0,0
Lexus,RX 300 Base,2002,121000,Gasoline,220.0HP 3.0L V6 Cylinder Engine Gasoline Fuel,A/T,Silver,Black,None reported,Yes,6348,23,5041.666666666667,0.05246280991735537,0,1
Lincoln,Aviator Luxury,2005,140000,Gasoline,302.0HP 4.6L 8 Cylinder Engine Gasoline Fuel,A/T,Black,Beige,None reported,Yes,2000,20,6666.666666666667,0.014285714285714285,0,1
Ford,Transit Connect XL,2018,66770,E85 Flex Fuel,169.0HP 2.5L 4 Cylinder Engine Flex Fuel Capability,6-Speed A/T,Red,–,None reported,Yes,21500,7,8346.25,0.3220008986071589,0,1
Cadillac,SRX Luxury Collection,2016,61549,Gasoline,3.6 Liter SIDI DOHC,Automatic,Red,Ebony,At least 1 accident or damage reported,Yes,19998,9,6154.9,0.32491185884417295,1,1
Lincoln,MKS EcoBoost,2016,38100,Gasoline,365.0HP 3.5L V6 Cylinder Engine Gasoline Fuel,A/T,Silver,Beige,None reported,Yes,21000,9,3810.0,0.5511811023622047,0,1
Toyota,Yaris Base,2010,138071,Gasoline,106.0HP 1.5L 4 Cylinder Engine Gasoline Fuel,5-Speed M/T,Red,Gray,None reported,Yes,5000,15,8629.4375,0.0362132526019222,0,0
Mercedes-Benz,AMG E 63 S 4MATIC,2019,40000,Gasoline,603.0HP 4.0L 8 Cylinder Engine Gasoline Fuel,Transmission w/Dual Shift Mode,Black,Black,At least 1 accident or damage reported,Yes,72000,6,5714.285714285715,1.8,1,0
Mercedes-Benz,GLS 450 Base,2022,41545,Hybrid,3.0 Liter DOHC Twin Turbo,Automatic,MANUFAKTUR Diamond White Bright,Macchiato Beige/Black,None reported,Yes,71998,3,10386.25,1.7330123961968948,0,1
Mercedes-Benz,G-Class G 550 4MATIC,2019,47850,Gasoline,416.0HP 4.0L 8 Cylinder Engine Gasoline Fuel,A/T,White,Black,At least 1 accident or damage reported,Yes,127899,6,6835.714285714285,2.6729153605015674,1,1
Hyundai,Veloster Turbo R-Spec,2014,128000,Gasoline,201.0HP 1.6L 4 Cylinder Engine Gasoline Fuel,6-Speed M/T,Blue,Red,None reported,Yes,11000,11,10666.666666666666,0.0859375,0,0
Toyota,4Runner Limited,2019,48156,Gasoline,4.0L V6 24V MPFI DOHC,5-Speed Automatic,Midnight Black Metallic,Sand Beige,None reported,Yes,40368,6,6879.428571428572,0.8382756042860703,0,1
Mercedes-Benz,S-Class S 580 4MATIC,2021,4700,Hybrid,496.0HP 4.0L 8 Cylinder Engine Gasoline/Mild Electric Hybrid,9-Speed A/T,Black,Black,None reported,Yes,99900,4,940.0,21.25531914893617,0,1
Audi,RS 7 4.0T Performance Prestige,2017,39071,Gasoline,4.0L V8 32V GDI DOHC Twin Turbo,8-Speed Automatic,White,Black,None reported,Yes,67900,8,4341.222222222223,1.737861841263341,0,1
Mazda,MX-5 Miata Base,1999,96680,Gasoline,140.0HP 1.8L 4 Cylinder Engine Gasoline Fuel,5-Speed M/T,Green,Beige,At least 1 accident or damage reported,Yes,12900,26,3580.740740740741,0.13342987174182872,1,0
Mercedes-Benz,AMG C 43 Base,2017,53500,Gasoline,362.0HP 3.0L V6 Cylinder Engine Gasoline Fuel,9-Speed A/T,White,Brown,At least 1 accident or damage reported,Yes,33999,8,5944.444444444444,0.6354953271028038,1,1
Chevrolet,Corvette Z06,2007,11025,Gasoline,505.0HP 7.0L 8 Cylinder Engine Gasoline Fuel,6-Speed M/T,Orange,Black,None reported,Yes,47500,18,580.2631578947369,4.308390022675737,0,0
Ford,F-250 King Ranch,2021,44000,Diesel,475.0HP 6.7L 8 Cylinder Engine Diesel Fuel,10-Speed A/T,White,Brown,At least 1 accident or damage reported,Yes,73000,4,8800.0,1.6590909090909092,1,1
Volkswagen,Tiguan 2.0T SE,2022,11000,Gasoline,184.0HP 2.0L 4 Cylinder Engine Gasoline Fuel,A/T,Blue,White,None reported,Yes,27900,3,2750.0,2.536363636363636,0,1
BMW,750 Li xDrive,2012,103000,Gasoline,407.0HP 4.4L 8 Cylinder Engine Gasoline Fuel,6-Speed A/T,Black,Black,None reported,Yes,16000,13,7357.142857142857,0.1553398058252427,0,1
BMW,M3 CS,2024,456,Gasoline,543.0HP 3.0L Straight 6 Cylinder Engine Gasoline Fuel,Transmission w/Dual Shift Mode,Black,Black,None reported,Yes,128995,1,228.0,282.88377192982455,0,0
Lexus,GX 460 Base,2018,64000,Gasoline,301.0HP 4.6L 8 Cylinder Engine Gasoline Fuel,6-Speed A/T,Red,Brown,None reported,Yes,37300,7,8000.0,0.5828125,0,1
Audi,Q7 3.0T Premium,2017,108000,Gasoline,333.0HP 3.0L V6 Cylinder Engine Gasoline Fuel,8-Speed A/T,Gray,Brown,None reported,Yes,25999,8,12000.0,0.2407314814814815,0,1
Alfa,Romeo Stelvio Ti Sport,2018,37045,Gasoline,280.0HP 2.0L 4 Cylinder Engine Gasoline Fuel,Transmission w/Dual Shift Mode,White,Red,At least 1 accident or damage reported,Yes,26600,7,4630.625,0.7180456201916587,1,0
Land,Rover Defender X,2023,5433,Hybrid,3.0 Liter,Automatic,Santorin Black,Black,None reported,Yes,95998,2,1811.0,17.669427572243695,0,1
BMW,750 i xDrive,2019,28744,Gasoline,4.4 Liter DOHC Twin Turbo,Automatic,Black,Black,None reported,Yes,50998,6,4106.285714285715,1.774213748956304,0,1
BMW,M3 Base,2015,65800,Gasoline,425.0HP 3.0L Straight 6 Cylinder Engine Gasoline Fuel,Transmission w/Dual Shift Mode,White,Red,None reported,Yes,44950,10,5981.818181818182,0.6831306990881459,0,0
Rolls-Royce,Ghost Base,2021,850,Gasoline,563.0HP 6.7L 12 Cylinder Engine Gasoline Fuel,A/T,White,White,None reported,Yes,314900,4,170.0,370.47058823529414,0,1
Audi,e-tron Prestige,2019,33012,Gasoline,355.0HP Electric Motor Electric Fuel System,1-Speed A/T,Blue,Beige,None reported,Yes,38000,6,4716.0,1.1510965709438992,0,1
Lexus,IS 250 Base,2011,107818,Gasoline,204.0HP 2.5L V6 Cylinder Engine Gasoline Fuel,6-Speed A/T,Gray,Beige,At least 1 accident or damage reported,Yes,11400,14,7187.866666666667,0.10573373648184904,1,1
Land,Rover Range Rover Evoque SE Premium,2016,79500,Gasoline,240.0HP 2.0L 4 Cylinder Engine Gasoline Fuel,9-Speed A/T,White,Black,None reported,Yes,19000,9,7950.0,0.2389937106918239,0,1
Ferrari,California T,2015,20000,Gasoline,553.0HP 3.9L 8 Cylinder Engine Gasoline Fuel,7-Speed A/T,Red,Brown,At least 1 accident or damage reported,Yes,124990,10,1818.1818181818182,6.2495,1,1
Lexus,LC 500 Base,2018,37000,Gasoline,471.0HP 5.0L 8 Cylinder Engine Gasoline Fuel,10-Speed A/T,Black,Red,None reported,Yes,63997,7,4625.0,1.7296486486486486,0,1
Kia,EV6 Wind,2022,11945,Gasoline,111.2Ah / FR 70kW / RR 160kW (697V),Automatic,Glacier,Black,None reported,Yes,38998,3,2986.25,3.264796986186689,0,1
GMC,Sierra 1500 SLE Crew Cab,2005,131800,Gasoline,295.0HP 5.3L 8 Cylinder Engine Gasoline Fuel,4-Speed A/T,Silver,Gray,At least 1 accident or damage reported,Yes,5800,20,6276.190476190476,0.04400606980273141,1,1
Lexus,ES 350 Base,2008,146000,Gasoline,272.0HP 3.5L V6 Cylinder Engine Gasoline Fuel,A/T,Red,Beige,None reported,Yes,8995,17,8111.111111111111,0.06160958904109589,0,1
Nissan,370Z NISMO,2010,29000,Gasoline,350.0HP 3.7L V6 Cylinder Engine Gasoline Fuel,M/T,Silver,–,None reported,Yes,29000,15,1812.5,1.0,0,0
Dodge,Ram 1500 Laramie,2004,141209,Gasoline,345.0HP 5.7L 8 Cylinder Engine Gasoline Fuel,A/T,Black,Black,None reported,Yes,5700,21,6418.590909090909,0.04036569907017258,0,1
Ford,Expedition Limited,2016,85253,Gasoline,365.0HP 3.5L V6 Cylinder Engine Gasoline Fuel,A/T,White,Beige,None reported,Yes,19995,9,8525.3,0.23453720103691367,0,1
INFINITI,QX70 Base,2015,87009,Gasoline,325.0HP 3.7L V6 Cylinder Engine Gasoline Fuel,A/T,Gray,Black,None reported,Yes,17800,10,7909.909090909091,0.20457653805928122,0,1
BMW,X5 M Base,2023,4348,Gasoline,4.4L V8 32V GDI DOHC Twin Turbo,8-Speed Automatic,Alpine White,Black,None reported,Yes,105900,2,1449.3333333333333,24.35602575896964,0,1
Lincoln,Navigator Select,2016,158000,Gasoline,380.0HP 3.5L V6 Cylinder Engine Gasoline Fuel,Transmission w/Dual Shift Mode,Red,Beige,None reported,Yes,19780,9,15800.0,0.12518987341772153,0,0
Volvo,V60 Cross Country T5,2020,10500,Gasoline,250.0HP 2.0L 4 Cylinder Engine Gasoline Fuel,8-Speed A/T,White,Black,None reported,Yes,36000,5,1750.0,3.4285714285714284,0,1
Audi,A7 3.0T Premium Plus,2018,45843,Gasoline,340.0HP 3.0L V6 Cylinder Engine Gasoline Fuel,A/T,Silver,Black,None reported,Yes,37000,7,5730.375,0.8071025020177562,0,1
Ford,Bronco Sport Outer Banks,2021,15198,Gasoline,1.5L I3 12V PDI DOHC Turbo,8-Speed Automatic,Blue,Navy Pier,None reported,Yes,31621,4,3039.6,2.080602710883011,0,1
Volkswagen,Eurovan MV,2001,220000,Gasoline,140.0HP 2.8L V6 Cylinder Engine Gasoline Fuel,A/T,Silver,–,None reported,Yes,5500,24,8800.0,0.025,0,1
Jaguar,F-TYPE R,2017,58000,Gasoline,550.0HP 5.0L 8 Cylinder Engine Gasoline Fuel,A/T,Black,Black,None reported,Yes,51500,8,6444.444444444444,0.8879310344827587,0,1
Land,Rover Range Rover Evoque R-Dynamic HSE,2020,30424,Hybrid,2.0 Liter,Automatic,Silver,Black,None reported,Yes,44998,5,5070.666666666667,1.4790297133841703,0,1
RAM,1500 Laramie,2021,38012,Gasoline,5.7L V8 16V MPFI OHV,8-Speed Automatic,Delmonico Red Pearlcoat,Black,None reported,Yes,45277,4,7602.4,1.1911238556245396,0,1
Rivian,R1S Adventure Package,2023,2500,Gasoline,835.0HP Electric Motor Electric Fuel System,A/T,Gray,Gray,None reported,Yes,91000,2,833.3333333333334,36.4,0,1
BMW,M760 i xDrive,2021,11078,Gasoline,"6.6L V-12 gasoline direct injection, DOHC, variable valve contro","Automatic, 8-Spd Sport w/Sport & Manual Modes",BLACK,WHITE,None reported,Yes,91900,4,2215.6,8.295721249322982,0,1
Lexus,LX 570 Three-Row,2018,50000,Gasoline,383.0HP 5.7L 8 Cylinder Engine Gasoline Fuel,A/T,White,Black,None reported,Yes,65000,7,6250.0,1.3,0,1
Land,Rover Range Rover Velar P250 SE R-Dynamic,2019,58000,Gasoline,247.0HP 2.0L 4 Cylinder Engine Gasoline Fuel,A/T,White,Black,None reported,Yes,38000,6,8285.714285714286,0.6551724137931034,0,1
Acura,MDX w/Technology Package,2023,3415,Gasoline,3.5 Liter SOHC,F,White,Parchment.,None reported,Yes,54998,2,1138.3333333333333,16.104831625183017,0,0
Lexus,LC 500 Base,2018,61000,Gasoline,471.0HP 5.0L 8 Cylinder Engine Gasoline Fuel,Transmission w/Dual Shift Mode,Black,Black,None reported,Yes,65000,7,7625.0,1.0655737704918034,0,0
Audi,SQ5 3.0T Prestige,2019,48500,Gasoline,349.0HP 3.0L V6 Cylinder Engine Gasoline Fuel,Transmission w/Dual Shift Mode,Gray,Black,At least 1 accident or damage reported,Yes,43500,6,6928.571428571428,0.8969072164948454,1,0
Land,Rover Range Rover Velar P250 SE R-Dynamic,2018,65680,Gasoline,247.0HP 2.0L 4 Cylinder Engine Gasoline Fuel,A/T,Silver,Black,At least 1 accident or damage reported,Yes,34900,7,8210.0,0.5313641900121803,1,1
RAM,1500 Limited,2020,44362,Gasoline,5.7L V8 16V MPFI OHV,8-Speed Automatic,Bright White Clearcoat,Black,None reported,Yes,50658,5,7393.666666666667,1.141923267661512,0,1
Audi,S4 3.0T Premium,2019,18603,Gasoline,3.0L V6 24V GDI DOHC Turbo,8-Speed Automatic,Brilliant Black,Black,None reported,Yes,42900,6,2657.5714285714284,2.3060796645702304,0,1
Audi,A8 4.0,2020,35999,Hybrid,4.0 Liter Turbo,Automatic,Mythos Black Metallic,Sarder Brown,None reported,Yes,59598,5,5999.833333333333,1.6555459873885385,0,1
Cadillac,Escalade ESV Sport,2021,8044,Gasoline,420.0HP 6.2L 8 Cylinder Engine Gasoline Fuel,Transmission w/Dual Shift Mode,Black,Beige,None reported,Yes,93000,4,1608.8,11.56141223272004,0,0
Mercedes-Benz,AMG GT AMG GT S,2016,9738,Gasoline,503.0HP 4.0L 8 Cylinder Engine Gasoline Fuel,7-Speed A/T,Red,Black,None reported,Yes,85500,9,973.8,8.78003696857671,0,1
BMW,M3 Base,2009,112000,Gasoline,420.0HP 4.0L 8 Cylinder Engine Gasoline Fuel,Transmission w/Dual Shift Mode,Gray,Black,At least 1 accident or damage reported,Yes,28000,16,6588.235294117647,0.25,1,0
Honda,Accord EX-L,2009,167300,Gasoline,190.0HP 2.4L 4 Cylinder Engine Gasoline Fuel,5-Speed A/T,Silver,Black,None reported,Yes,6250,16,9841.176470588236,0.03735803945008966,0,1
Rolls-Royce,Cullinan,2022,115,Gasoline,6.7L V12 48V GDI DOHC Twin Turbo,8-Speed Automatic,–,Grace White,None reported,Yes,449995,3,28.75,3913.0,0,1
Cadillac,Escalade Premium,2015,71000,Gasoline,420.0HP 6.2L 8 Cylinder Engine Gasoline Fuel,6-Speed A/T,Black,Brown,At least 1 accident or damage reported,Yes,35999,10,6454.545454545455,0.5070281690140845,1,1
Acura,RDX Technology Package,2020,31015,Gasoline,2.0L I4 16V GDI DOHC Turbo,10-Speed Automatic,Silver,Ebony,None reported,Yes,36570,5,5169.166666666667,1.1791068837659198,0,1
BMW,X2 xDrive28i,2022,33000,Gasoline,228.0HP 2.0L 4 Cylinder Engine Gasoline Fuel,Transmission w/Dual Shift Mode,Orange,Black,None reported,Yes,29999,3,8250.0,0.909060606060606,0,0
Chrysler,Pacifica Touring,2017,63000,–,–,9-Speed A/T,White,Beige,None reported,Yes,20000,8,7000.0,0.31746031746031744,0,1
Buick,Verano Convenience,2013,68325,E85 Flex Fuel,180.0HP 2.4L 4 Cylinder Engine Flex Fuel Capability,Transmission w/Dual Shift Mode,Silver,Gray,None reported,Yes,11995,12,5255.7692307692305,0.17555799487742407,0,0
Mercedes-Benz,AMG S 63 Base 4MATIC,2020,20937,Gasoline,4.0L V8 32V GDI DOHC Twin Turbo,9-Speed Automatic,Magnetite Black Metallic,Black,None reported,Yes,104900,5,3489.5,5.010268901943927,0,1
RAM,2500 Tradesman,2021,34365,Gasoline,410.0HP 6.4L 8 Cylinder Engine Gasoline Fuel,8-Speed A/T,Gray,Gray,At least 1 accident or damage reported,Yes,48000,4,6873.0,1.396769969445657,1,1
Mercedes-Benz,Metris Base,2018,32000,Gasoline,208.0HP 2.0L 4 Cylinder Engine Gasoline Fuel,Transmission w/Dual Shift Mode,Black,Black,None reported,Yes,44900,7,4000.0,1.403125,0,0
Land,Rover Range Rover Evoque S,2020,40237,Gasoline,2.0 Liter,Automatic,Carpathian Grey Premium Metallic,Cloud,None reported,Yes,36998,5,6706.166666666667,0.9195019509406764,0,1
Volvo,XC90 T6 Inscription,2020,22500,Gasoline,316.0HP 2.0L 4 Cylinder Engine Gasoline Fuel,A/T,Black,White,None reported,Yes,50000,5,3750.0,2.2222222222222223,0,1
Ford,Expedition King Ranch,2020,58700,Gasoline,375.0HP 3.5L V6 Cylinder Engine Gasoline Fuel,10-Speed A/T,Black,Brown,At least 1 accident or damage reported,Yes,48999,5,9783.333333333334,0.8347359454855195,1,1
Toyota,Highlander Hybrid Limited,2006,264893,Hybrid,208.0HP 3.3L V6 Cylinder Engine Gas/Electric Hybrid,A/T,Gold,Beige,At least 1 accident or damage reported,Yes,5000,19,13244.65,0.018875545975167333,1,1
Toyota,Tundra SR5 Access Cab,2005,209500,Gasoline,282.0HP 4.7L 8 Cylinder Engine Gasoline Fuel,5-Speed A/T,Blue,Gray,None reported,Yes,8500,20,9976.190476190477,0.0405727923627685,0,1
Ford,Transit-350 Base,2023,195,Gasoline,310.0HP 3.5L V6 Cylinder Engine Gasoline Fuel,10-Speed A/T,Blue,Gray,None reported,Yes,87500,2,65.0,448.71794871794873,0,1
Chevrolet,Express 3500 LT,2016,120000,Diesel,260.0HP 6.6L 8 Cylinder Engine Diesel Fuel,6-Speed A/T,White,Gray,None reported,Yes,19500,9,12000.0,0.1625,0,1
Chevrolet,Bolt EUV Premier,2022,14676,Gasoline,200.0HP Electric Motor Electric Fuel System,A/T,Black,Blue,None reported,Yes,33000,3,3669.0,2.248569092395748,0,1
Jeep,Wrangler Unlimited 4xe Sahara,2021,33704,Hybrid,2.0L I4 16V GDI DOHC Turbo Hybrid,8-Speed Automatic,Bright White Clearcoat,Black,None reported,Yes,42998,4,6740.8,1.2757536197483978,0,1
BMW,X7 xDrive40i,2023,2950,Hybrid,375.0HP 3.0L Straight 6 Cylinder Engine Gasoline/Mild Electric Hybrid,8-Speed A/T,Black,Brown,None reported,Yes,87000,2,983.3333333333334,29.491525423728813,0,1
Mercedes-Benz,AMG GT 53 Base,2021,17994,Gasoline,3.0L I6 24V GDI DOHC Turbo,9-Speed Automatic,–,–,None reported,Yes,87500,4,3598.8,4.86273202178504,0,1
Toyota,Tundra Limited,2020,44101,Gasoline,5.7L V8 32V MPFI DOHC,6-Speed Automatic,Gray,Black,None reported,Yes,45423,5,7350.166666666667,1.0299766445205325,0,1
BMW,X1 xDrive28i,2021,25918,Gasoline,228.0HP 2.0L 4 Cylinder Engine Gasoline Fuel,Transmission w/Dual Shift Mode,Gray,Black,None reported,Yes,32000,4,5183.6,1.234663168454356,0,0
BMW,135 i,2008,87000,Gasoline,300.0HP 3.0L Straight 6 Cylinder Engine Gasoline Fuel,A/T,White,Beige,None reported,Yes,15300,17,4833.333333333333,0.17586206896551723,0,1
Mazda,Mazda3 Touring,2018,28333,Gasoline,184.0HP 2.5L 4 Cylinder Engine Gasoline Fuel,Transmission w/Dual Shift Mode,Blue,Black,None reported,Yes,20500,7,3541.625,0.7235379239755761,0,0
Audi,A7 3.0T Premium Plus,2018,29294,Gasoline,340.0HP 3.0L V6 Cylinder Engine Gasoline Fuel,A/T,White,Beige,None reported,Yes,39999,7,3661.75,1.3654331945108213,0,1
Saturn,Sky Red Line,2008,37000,Gasoline,260.0HP 2.0L 4 Cylinder Engine Gasoline Fuel,A/T,Blue,Black,None reported,Yes,14995,17,2055.5555555555557,0.4052702702702703,0,1
BMW,Z4 2.5i Roadster,2005,138000,Gasoline,184.0HP 2.5L Straight 6 Cylinder Engine Gasoline Fuel,5-Speed A/T,White,Beige,None reported,Yes,9950,20,6571.428571428572,0.07210144927536231,0,1
Volvo,XC90 Hybrid T8 Inscription,2020,44487,Plug-In Hybrid,400.0HP 2.0L 4 Cylinder Engine Plug-In Electric/Gas,8-Speed A/T,Blue,Brown,None reported,Yes,65000,5,7414.5,1.4611009957965249,0,1
Acura,TLX A-Spec,2021,16878,Gasoline,2.0L I4 16V GDI DOHC Turbo,10-Speed Automatic,Red,Ebony,None reported,Yes,38781,4,3375.6,2.2977248489157485,0,1
Acura,MDX w/Technology Package,2022,30177,Gasoline,3.5L 24V SOHC I-VTEC V6,2,Majestic Black Pearl,Espresso,None reported,Yes,46598,3,7544.25,1.5441561454087551,0,0
Chevrolet,Tahoe High Country,2021,53000,Gasoline,420.0HP 6.2L 8 Cylinder Engine Gasoline Fuel,10-Speed A/T,Black,Black,At least 1 accident or damage reported,Yes,67100,4,10600.0,1.2660377358490567,1,1
Tesla,Model Y Long Range,2021,61308,Gasoline,425.0HP Electric Motor Electric Fuel System,A/T,White,White,None reported,Yes,42000,4,12261.6,0.6850655705617538,0,1
Mercedes-Benz,GLK-Class GLK 350,2013,99200,Gasoline,302.0HP 3.5L V6 Cylinder Engine Gasoline Fuel,A/T,Silver,Black,None reported,Yes,11495,12,7630.7692307692305,0.11587701612903226,0,1
Chevrolet,Traverse LS,2022,32117,Gasoline,3.6L V6 24V GDI DOHC,Automatic,Northsky Blue Metallic,Jet Black,None reported,Yes,33299,3,8029.25,1.0368029392533549,0,1
BMW,550 Gran Turismo i,2013,79341,Gasoline,445.0HP 4.4L 8 Cylinder Engine Gasoline Fuel,A/T,Gold,Brown,None reported,Yes,16800,12,6103.153846153846,0.21174424320338792,0,1
Land,Rover Range Rover Sport HSE,2007,220000,Gasoline,300.0HP 4.4L 8 Cylinder Engine Gasoline Fuel,A/T,White,Beige,None reported,Yes,5750,18,11578.947368421053,0.026136363636363635,0,1
BMW,430 i xDrive,2021,16900,Gasoline,255.0HP 2.0L 4 Cylinder Engine Gasoline Fuel,8-Speed A/T,Blue,White,None reported,Yes,43000,4,3380.0,2.544378698224852,0,1
Porsche,Cayman Base,2007,75137,Gasoline,245.0HP 2.7L Flat 6 Cylinder Engine Gasoline Fuel,M/T,Black,Gray,At least 1 accident or damage reported,Yes,24999,18,3954.5789473684213,0.33271224563131346,1,0
Ford,Expedition Max King Ranch,2021,37594,Gasoline,3.5L V6 24V PDI DOHC Twin Turbo,10-Speed Automatic,Black,Mesa,None reported,Yes,62595,4,7518.8,1.6650263339894664,0,1
Rivian,R1S Adventure Package,2023,250,Gasoline,835.0HP Electric Motor Electric Fuel System,A/T,Red,Black,None reported,Yes,94000,2,83.33333333333333,376.0,0,1
Mercedes-Benz,GLC 300 GLC 300,2021,12771,Gasoline,2.0 Liter Turbo,Automatic,Black,–,None reported,Yes,42598,4,2554.2,3.33552580064208,0,1
Ford,Mustang Shelby GT500,2012,6400,Gasoline,550.0HP 5.4L 8 Cylinder Engine Gasoline Fuel,6-Speed M/T,Silver,Black,None reported,Yes,48000,13,457.14285714285717,7.5,0,0
Tesla,Model Y Long Range,2021,69548,Gasoline,425.0HP Electric Motor Electric Fuel System,1-Speed A/T,Black,Black,At least 1 accident or damage reported,Yes,36300,4,13909.6,0.52194168056594,1,1
Nissan,370Z Base,2009,79893,Gasoline,332.0HP 3.7L V6 Cylinder Engine Gasoline Fuel,7-Speed A/T,Silver,Black,None reported,Yes,15900,16,4699.588235294118,0.19901618414629568,0,1
Toyota,Sequoia Platinum,2014,124838,Gasoline,381.0HP 5.7L 8 Cylinder Engine Gasoline Fuel,A/T,Black,Gray,None reported,Yes,33000,11,10403.166666666666,0.26434258799404026,0,1
Nissan,NV Passenger NV3500 HD SL V8,2020,14353,Gasoline,375.0HP 5.6L 8 Cylinder Engine Gasoline Fuel,A/T,Black,Gray,None reported,Yes,63900,5,2392.1666666666665,4.45203093429945,0,1
Ford,Transit Connect XL w/Rear Symmetrical Doors,2022,22985,Gasoline,169.0HP 2.5L 4 Cylinder Engine Gasoline Fuel,A/T,White,Gray,None reported,Yes,33500,3,5746.25,1.4574722645203393,0,1
INFINITI,QX80 Base,2014,161894,Gasoline,400.0HP 5.6L 8 Cylinder Engine Gasoline Fuel,7-Speed A/T,White,Beige,None reported,Yes,18900,11,13491.166666666666,0.11674305409712528,0,1
Aston,Martin V8 Vantage Base,2008,25025,Gasoline,380.0HP 4.3L 8 Cylinder Engine Gasoline Fuel,6-Speed A/T,White,Black,At least 1 accident or damage reported,Yes,39000,17,1390.2777777777778,1.5584415584415585,1,1
Porsche,911 Carrera S,2017,16701,Gasoline,3.0 Liter,–,Red,–,None reported,Yes,107998,8,1855.6666666666667,6.4665588886893,0,0
Lotus,Evora 400 Base,2017,19650,Gasoline,400.0HP 3.5L V6 Cylinder Engine Gasoline Fuel,6-Speed M/T,Silver,Red,None reported,Yes,69250,8,2183.3333333333335,3.524173027989822,0,0
Land,Rover Range Rover Velar P250 S R-Dynamic,2020,29500,Gasoline,247.0HP 2.0L 4 Cylinder Engine Gasoline Fuel,A/T,Red,White,None reported,Yes,45000,5,4916.666666666667,1.5254237288135593,0,1
Nissan,Xterra S,2007,132272,Gasoline,261.0HP 4.0L V6 Cylinder Engine Gasoline Fuel,M/T,Gray,Gray,At least 1 accident or damage reported,Yes,6700,18,6961.684210526316,0.05065319946776339,1,0
Dodge,Charger R/T,2012,122000,Gasoline,370.0HP 5.7L 8 Cylinder Engine Gasoline Fuel,5-Speed A/T,White,Black,At least 1 accident or damage reported,Yes,13500,13,8714.285714285714,0.11065573770491803,1,1
Buick,Encore GX Essence,2022,18185,Gasoline,1.3L I3 12V GDI DOHC Turbo,Automatic CVT,Summit White,Whisper Beige,None reported,Yes,31755,3,4546.25,1.7462194116029695,0,1
Nissan,Leaf S,2018,56450,Gasoline,147.0HP Electric Motor Electric Fuel System,A/T,Black,Black,At least 1 accident or damage reported,Yes,13999,7,7056.25,0.24798937112488928,1,1
Nissan,Leaf SL,2012,102000,Gasoline,107.0HP Electric Motor Electric Fuel System,1-Speed A/T,Silver,Gray,None reported,Yes,4200,13,7285.714285714285,0.041176470588235294,0,1
Jeep,Grand Wagoneer Series III,2022,18428,Gasoline,6.4 Liter,Automatic,Baltic Gray,Black,None reported,Yes,83998,3,4607.0,4.558172346429346,0,1
Nissan,Z Proto Spec,2023,535,Gasoline,400.0HP 3.0L V6 Cylinder Engine Gasoline Fuel,6-Speed M/T,Yellow,Black,None reported,Yes,65990,2,178.33333333333334,123.34579439252336,0,0
Land,Rover Range Rover Sport HSE,2013,81648,Gasoline,"5L V-8 gasoline direct injection, DOHC, variable valve control,","Auto, 6-Spd w/CmdShft",Fuji White,–,None reported,Yes,15900,12,6280.615384615385,0.19473838918283362,0,0
Porsche,Boxster S,2003,138202,Gasoline,3.2L H6 24V MPFI DOHC,6-Speed Manual,Silver,Black,At least 1 accident or damage reported,Yes,22550,22,6008.782608695652,0.1631669585100071,1,0
Bentley,Continental GT Base,2004,69600,Gasoline,550.0HP 6.0L 12 Cylinder Engine Gasoline Fuel,A/T,Silver,Black,None reported,Yes,37900,21,3163.6363636363635,0.5445402298850575,0,1
Jaguar,F-TYPE R,2018,39900,Gasoline,550.0HP 5.0L 8 Cylinder Engine Gasoline Fuel,8-Speed A/T,White,Black,None reported,Yes,53600,7,4987.5,1.3433583959899749,0,1
Cadillac,Escalade ESV Sport,2021,36500,Gasoline,420.0HP 6.2L 8 Cylinder Engine Gasoline Fuel,Transmission w/Dual Shift Mode,White,Black,None reported,Yes,85000,4,7300.0,2.328767123287671,0,0
Audi,TT 2.0T,2018,42650,Gasoline,220.0HP 2.0L 4 Cylinder Engine Gasoline Fuel,Transmission w/Dual Shift Mode,Gray,Black,None reported,Yes,31990,7,5331.25,0.7500586166471278,0,0
Jeep,Wrangler Unlimited Sahara,2020,68816,Gasoline,2.0L I4 16V GDI DOHC Turbo,8-Speed Automatic,Black Clearcoat,Black,None reported,Yes,35297,5,11469.333333333334,0.5129185073238781,0,1
Audi,S6 4.0T,2016,91188,Gasoline,450.0HP 4.0L 8 Cylinder Engine Gasoline Fuel,7-Speed A/T,Black,Black,None reported,Yes,29995,9,9118.8,0.32893582488923984,0,1
GMC,Sierra 2500 SLE,2015,116210,E85 Flex Fuel,360.0HP 6.0L 8 Cylinder Engine Flex Fuel Capability,Transmission Overdrive Switch,Black,Beige,None reported,Yes,31900,10,10564.545454545454,0.27450305481455983,0,0
Tesla,Model 3 Long Range,2022,3077,Gasoline,Dual Motor - Standard,Automatic,Silver,Black,None reported,Yes,44998,3,769.25,14.62398440038999,0,1
Mazda,CX-90 Premium,2024,3880,Gasoline,2.5L,8-Speed Automatic,Machine Gray Metallic,Black,None reported,Yes,52991,1,1940.0,13.657474226804124,0,1
Ford,C-Max Energi SE,2017,67482,Plug-In Hybrid,188.0HP 2.0L 4 Cylinder Engine Plug-In Electric/Gas,CVT Transmission,Gray,Black,At least 1 accident or damage reported,Yes,11499,8,7498.0,0.17040099582110785,1,0
Cadillac,Escalade ESV Platinum,2018,67726,Gasoline,420.0HP 6.2L 8 Cylinder Engine Gasoline Fuel,10-Speed A/T,Black,Black,None reported,Yes,52000,7,8465.75,0.7677996633493783,0,1
Audi,TT 3.2 Cabriolet quattro,2008,207000,Gasoline,250.0HP 3.2L V6 Cylinder Engine Gasoline Fuel,6-Speed M/T,Black,Black,At least 1 accident or damage reported,Yes,10500,17,11500.0,0.050724637681159424,1,0
Hyundai,Santa Fe SE,2021,35550,Gasoline,2.5L I4 16V PDI DOHC,8-Speed Automatic,Twilight Black,Black,At least 1 accident or damage reported,Yes,25987,4,7110.0,0.7309985935302391,1,1
Mercedes-Benz,AMG GLE AMG GLE 63 S-Model 4MATIC,2016,44000,Gasoline,577.0HP 5.5L 8 Cylinder Engine Gasoline Fuel,7-Speed A/T,Black,Black,None reported,Yes,46599,9,4400.0,1.0590681818181817,0,1
Mercedes-Benz,SL-Class SL 550,2015,11249,Gasoline,429.0HP 4.7L 8 Cylinder Engine Gasoline Fuel,7-Speed A/T,White,Beige,None reported,Yes,54500,10,1022.6363636363636,4.84487510000889,0,1
Acura,MDX 3.5L Technology Package,2014,111650,Gasoline,290.0HP 3.5L V6 Cylinder Engine Gasoline Fuel,6-Speed A/T,Green,Beige,At least 1 accident or damage reported,Yes,17500,11,9304.166666666666,0.15673981191222572,1,1
RAM,2500 Laramie,2019,18526,Diesel,6.7L I6 24V DDI OHV Turbo Diesel,6-Speed Automatic,Pearl White,Black,None reported,Yes,67999,6,2646.5714285714284,3.670463132894311,0,1
Audi,A7 Premium,2012,103272,Gasoline,310.0HP 3.0L V6 Cylinder Engine Gasoline Fuel,8-Speed A/T,Black,Brown,None reported,Yes,15500,13,7376.571428571428,0.15008908513440236,0,1
BMW,M2 Base,2023,1160,Gasoline,453.0HP 3.0L Straight 6 Cylinder Engine Gasoline Fuel,6-Speed M/T,Gray,Black,None reported,Yes,73600,2,386.6666666666667,63.44827586206897,0,0
RAM,1500 Laramie,2019,107714,Gasoline,5.7L V8 16V MPFI OHV,8-Speed Automatic,Diamond Black,Black,None reported,Yes,34918,6,15387.714285714286,0.32417327366916093,0,1
Audi,Q5 2.0T Premium Plus,2013,111773,Gasoline,211.0HP 2.0L 4 Cylinder Engine Gasoline Fuel,8-Speed A/T,Brown,Beige,None reported,Yes,17000,12,8597.923076923076,0.15209397618387266,0,1
Cadillac,XTS Luxury,2019,54002,Gasoline,304.0HP 3.6L V6 Cylinder Engine Gasoline Fuel,A/T,Black,Beige,At least 1 accident or damage reported,Yes,22500,6,7714.571428571428,0.4166512351394393,1,1
Volkswagen,Jetta 1.4T SE,2016,87000,Gasoline,150.0HP 1.4L 4 Cylinder Engine Gasoline Fuel,Transmission w/Dual Shift Mode,Gray,Gray,At least 1 accident or damage reported,Yes,13000,9,8700.0,0.14942528735632185,1,0
Ford,Focus RS Base,2016,49700,Gasoline,350.0HP 2.3L 4 Cylinder Engine Gasoline Fuel,6-Speed M/T,Blue,Black,None reported,Yes,31700,9,4970.0,0.6378269617706237,0,0
Mercedes-Benz,AMG C 63 S,2017,34500,Gasoline,503.0HP 4.0L 8 Cylinder Engine Gasoline Fuel,7-Speed A/T,Gray,Black,None reported,Yes,64600,8,3833.3333333333335,1.872463768115942,0,1
Ford,Bronco Sport Big Bend,2021,31729,Gasoline,1.5L I3 12V PDI DOHC Turbo,8-Speed Automatic,Maroon,Medium Dark Slate,At least 1 accident or damage reported,Yes,29614,4,6345.8,0.9333417378423524,1,1
Jeep,Gladiator Overland,2021,7388,Gasoline,3.6L V6 24V MPFI DOHC,8-Speed Automatic,Firecracker Red Clearcoat,Black,None reported,Yes,43663,4,1477.6,5.90998917162967,0,1
BMW,330e iPerformance,2017,41550,Plug-In Hybrid,247.0HP 2.0L 4 Cylinder Engine Plug-In Electric/Gas,Transmission w/Dual Shift Mode,Silver,Black,None reported,Yes,20995,8,4616.666666666667,0.505294825511432,0,0
Mercedes-Benz,GLC 300 Base 4MATIC,2018,44486,Gasoline,2.0L I4 16V GDI DOHC Turbo,9-Speed Automatic,Gray,Black,None reported,Yes,25625,7,5560.75,0.5760239176370094,0,1
Acura,MDX 3.7L Advance,2013,20750,Gasoline,300.0HP 3.7L V6 Cylinder Engine Gasoline Fuel,6-Speed A/T,Black,Black,None reported,Yes,33000,12,1596.1538461538462,1.5903614457831325,0,1
Genesis,G70 3.3T,2022,12000,Gasoline,365.0HP 3.3L V6 Cylinder Engine Gasoline Fuel,8-Speed A/T,Green,Beige,None reported,Yes,41000,3,3000.0,3.4166666666666665,0,1
Lexus,LX 570 Three-Row,2021,14206,Gasoline,383.0HP 5.7L 8 Cylinder Engine Gasoline Fuel,A/T,Black,Black,None reported,Yes,98000,4,2841.2,6.898493594255948,0,1
Jeep,Grand Cherokee L Limited,2022,31700,Gasoline,293.0HP 3.6L V6 Cylinder Engine Gasoline Fuel,A/T,Gray,Black,None reported,Yes,43500,3,7925.0,1.3722397476340693,0,1
Hyundai,IONIQ Plug-In Hybrid SEL,2022,13044,Plug-In Hybrid,139.0HP 1.6L 4 Cylinder Engine Plug-In Electric/Gas,A/T,Blue,Gray,At least 1 accident or damage reported,Yes,24999,3,3261.0,1.9165133394664213,1,1
Kia,Sportage LX,2009,100730,Gasoline,173.0HP 2.7L V6 Cylinder Engine Gasoline Fuel,A/T,Gold,Gold,None reported,Yes,6975,16,5925.294117647059,0.0692445150402065,0,1
BMW,X5 PHEV xDrive45e,2023,5338,Plug-In Hybrid,389.0HP 3.0L Straight 6 Cylinder Engine Plug-In Electric/Gas,8-Speed A/T,Blue,White,None reported,Yes,76500,2,1779.3333333333333,14.331210191082803,0,1
Ford,Expedition EL XLT,2014,85149,Gasoline,5.4 Liter,Automatic,Oxford White,Camel Leather,None reported,Yes,23598,11,7095.75,0.27713772328506503,0,1
BMW,X6 M Base,2018,48291,Gasoline,567.0HP 4.4L 8 Cylinder Engine Gasoline Fuel,Transmission w/Dual Shift Mode,Gray,Brown,None reported,Yes,67250,7,6036.375,1.3925990350168769,0,0
Volkswagen,Eurovan MV,2001,111887,Gasoline,140.0HP 2.8L V6 Cylinder Engine Gasoline Fuel,A/T,Blue,Gray,None reported,Yes,14000,24,4475.48,0.1251262434420442,0,1
Rolls-Royce,Ghost Base,2010,79000,Gasoline,563.0HP 6.6L 12 Cylinder Engine Gasoline Fuel,8-Speed A/T,Silver,Black,None reported,Yes,69000,15,4937.5,0.8734177215189873,0,1
Lincoln,Navigator Reserve,2016,125000,Gasoline,380.0HP 3.5L V6 Cylinder Engine Gasoline Fuel,Transmission w/Dual Shift Mode,Gray,Beige,None reported,Yes,26500,9,12500.0,0.212,0,0
Mercedes-Benz,GLA 250 Base 4MATIC,2022,13777,Gasoline,221.0HP 2.0L 4 Cylinder Engine Gasoline Fuel,8-Speed A/T,Black,Black,At least 1 accident or damage reported,Yes,39777,3,3444.25,2.8872033098642667,1,1
RAM,1500 Big Horn,2022,14920,Gasoline,3.6L V6 24V MPFI DOHC,Automatic,Diamond Black,Black,None reported,Yes,41741,3,3730.0,2.7976541554959784,0,1
Jeep,Grand Cherokee L Summit,2022,14627,Gasoline,3.6L V6 24V MPFI DOHC,Automatic,Diamond Black,Tupelo,None reported,Yes,56740,3,3656.75,3.8791276406645245,0,1
Volvo,S80 3.2,2010,90050,Gasoline,235.0HP 3.2L Straight 6 Cylinder Engine Gasoline Fuel,A/T,Brown,Beige,None reported,Yes,5800,15,5628.125,0.06440866185452526,0,1
Subaru,BRZ Premium,2014,45000,Gasoline,200.0HP 2.0L 4 Cylinder Engine Gasoline Fuel,6-Speed M/T,Blue,Black,At least 1 accident or damage reported,Yes,25000,11,3750.0,0.5555555555555556,1,0
Chevrolet,Corvette Base,1998,7666,Gasoline,340.0HP 5.7L 8 Cylinder Engine Gasoline Fuel,4-Speed A/T,Red,Black,None reported,Yes,39500,27,273.7857142857143,5.152621967127576,0,1
Hummer,H2 SUT,2006,89900,Gasoline,325.0HP 6.0L 8 Cylinder Engine Gasoline Fuel,4-Speed A/T,Red,Beige,None reported,Yes,29994,19,4495.0,0.3336373748609566,0,1
Audi,RS 7 4.0T,2021,14724,Hybrid,4.0 Liter TFSI,Automatic,Glacier White,Black/Red,None reported,Yes,101998,4,2944.8,6.9273295300190165,0,1
Ford,Edge Sport,2011,132000,Gasoline,305.0HP 3.7L V6 Cylinder Engine Gasoline Fuel,Transmission w/Dual Shift Mode,Black,Black,At least 1 accident or damage reported,Yes,10999,14,8800.0,0.08332575757575758,1,0
GMC,Terrain SLT,2010,32652,Gasoline,182.0HP 2.4L 4 Cylinder Engine Gasoline Fuel,6-Speed A/T,Red,Brown,None reported,Yes,6500,15,2040.75,0.1990689697415166,0,1
Land,Rover Range Rover 5.0L Supercharged Autobiography LWB,2018,36632,Gasoline,518.0HP 5.0L 8 Cylinder Engine Gasoline Fuel,8-Speed A/T,Blue,Blue,None reported,Yes,72567,7,4579.0,1.980972919851496,0,1
Jeep,Grand Cherokee WK Laredo X,2022,11164,Gasoline,293.0HP 3.6L V6 Cylinder Engine Gasoline Fuel,8-Speed A/T,Black,Black,None reported,Yes,37500,3,2791.0,3.359011107130061,0,1
BMW,M4 Base,2020,22655,Gasoline,425.0HP 3.0L Straight 6 Cylinder Engine Gasoline Fuel,7-Speed A/T,Silver,Black,None reported,Yes,63999,5,3775.8333333333335,2.824939306996248,0,1
Mercedes-Benz,AMG GT 63 S 4-Door,2019,9500,Gasoline,630.0HP 4.0L 8 Cylinder Engine Gasoline Fuel,Transmission w/Dual Shift Mode,Gray,Gray,None reported,Yes,135000,6,1357.142857142857,14.210526315789474,0,0
Chevrolet,Camaro 1LT,2021,10300,Gasoline,335.0HP 3.6L V6 Cylinder Engine Gasoline Fuel,M/T,Black,Black,None reported,Yes,29900,4,2060.0,2.9029126213592233,0,0
BMW,X6 M Base,2018,48000,Gasoline,567.0HP 4.4L 8 Cylinder Engine Gasoline Fuel,8-Speed A/T,Blue,Black,None reported,Yes,54000,7,6000.0,1.125,0,1
Mercedes-Benz,CLK-Class 550,2007,138000,Gasoline,382.0HP 5.5L 8 Cylinder Engine Gasoline Fuel,7-Speed A/T,Silver,Black,At least 1 accident or damage reported,Yes,10000,18,7263.1578947368425,0.07246376811594203,1,1
RAM,1500 TRX,2022,24058,Gasoline,"HEMI 6.2L V-8 intercooled supercharger, premium unleaded, engine","Automatic, 8-Spd",Flame Red Clearcoat,BLACK,None reported,Yes,81900,3,6014.5,3.4042730068999916,0,1
Audi,RS 7 4.0T Prestige,2016,31500,Gasoline,560.0HP 4.0L 8 Cylinder Engine Gasoline Fuel,8-Speed A/T,Gray,Black,None reported,Yes,67000,9,3150.0,2.126984126984127,0,1
Porsche,Macan S,2020,19701,Gasoline,3.0 Liter,Automatic,–,–,None reported,Yes,55998,5,3283.5,2.8423937871174054,0,1
Genesis,GV70 3.5T Sport,2022,10200,Gasoline,375.0HP 3.5L V6 Cylinder Engine Gasoline Fuel,A/T,White,Black,None reported,Yes,50500,3,2550.0,4.950980392156863,0,1
Aston,Martin V8 Vantage Base,2008,62378,Gasoline,380.0HP 4.3L 8 Cylinder Engine Gasoline Fuel,M/T,Red,Beige,At least 1 accident or damage reported,Yes,33995,17,3465.4444444444443,0.5449838083939851,1,0
Nissan,350Z Touring,2006,84200,Gasoline,300.0HP 3.5L V6 Cylinder Engine Gasoline Fuel,6-Speed M/T,Silver,Gray,None reported,Yes,10200,19,4210.0,0.12114014251781473,0,0
Toyota,Sequoia SR5,2013,138700,E85 Flex Fuel,381.0HP 5.7L 8 Cylinder Engine Flex Fuel Capability,A/T,White,Gray,At least 1 accident or damage reported,Yes,18800,12,10669.23076923077,0.13554434030281182,1,1
Chevrolet,Tahoe Premier,2021,41050,Gasoline,355.0HP 5.3L 8 Cylinder Engine Gasoline Fuel,10-Speed A/T,Gray,Gray,None reported,Yes,62900,4,8210.0,1.5322777101096223,0,1
Jeep,Compass Limited,2020,39192,Gasoline,2.4L I4 16V MPFI SOHC,9-Speed Automatic,White Clearcoat,Black,None reported,Yes,24590,5,6532.0,0.6274239640743009,0,1
BMW,430 430i,2022,7758,Gasoline,2.0 Liter Turbo,Automatic,Black,Black,None reported,Yes,47998,3,1939.5,6.186903841196185,0,1
Ford,Bronco Sport Outer Banks,2021,31654,Gasoline,1.5L I3 12V PDI DOHC Turbo,8-Speed Automatic,Rapid Red Metallic Tinted Clearcoat,Navy Pier,None reported,Yes,33410,4,6330.8,1.0554748215075505,0,1
Mercedes-Benz,AMG C 63 Base,2017,63000,Gasoline,469.0HP 4.0L 8 Cylinder Engine Gasoline Fuel,A/T,White,Black,At least 1 accident or damage reported,Yes,42000,8,7000.0,0.6666666666666666,1,1
Volvo,S40 T5,2005,257700,Gasoline,218.0HP 2.5L 5 Cylinder Engine Gasoline Fuel,6-Speed M/T,Red,Beige,None reported,Yes,3550,20,12271.42857142857,0.013775708187815289,0,0
Mercedes-Benz,GLE 350 Base 4MATIC,2017,57000,Gasoline,302.0HP 3.5L V6 Cylinder Engine Gasoline Fuel,7-Speed A/T,White,Black,At least 1 accident or damage reported,Yes,29500,8,6333.333333333333,0.5175438596491229,1,1
Chevrolet,Silverado 1500 1LT,2017,89000,Gasoline,355.0HP 5.3L 8 Cylinder Engine Gasoline Fuel,6-Speed A/T,Gray,Gray,None reported,Yes,29999,8,9888.888888888889,0.3370674157303371,0,1
Chevrolet,Tahoe LTZ,2015,134500,Gasoline,355.0HP 5.3L 8 Cylinder Engine Gasoline Fuel,A/T,Black,Black,None reported,Yes,28000,10,12227.272727272728,0.20817843866171004,0,1
Acura,MDX Technology,2022,15895,Gasoline,3.5L V6 24V GDI SOHC,10-Speed Automatic,Majestic Black Pearl,Parchment,None reported,Yes,47950,3,3973.75,3.0166719094054733,0,1
Bentley,Bentayga Speed,2020,15109,Gasoline,6.0L W12 48V PDI DOHC Twin Turbo,8-Speed Automatic,Ice,Beluga Hide,None reported,Yes,162950,5,2518.1666666666665,10.784962605069826,0,1
Rolls-Royce,Cullinan,2022,398,Gasoline,6.7L V12 48V GDI DOHC Twin Turbo,8-Speed Automatic,Silver,Charles Blue,None reported,Yes,695000,3,99.5,1746.2311557788944,0,1
Genesis,GV70 2.5T,2022,20319,Gasoline,300.0HP 2.5L 4 Cylinder Engine Gasoline Fuel,Transmission w/Dual Shift Mode,White,Black,None reported,Yes,44249,3,5079.75,2.177715438751907,0,0
Pontiac,Firebird Base,1999,158000,Gasoline,200.0HP 3.8L V6 Cylinder Engine Gasoline Fuel,4-Speed A/T,White,Black,At least 1 accident or damage reported,Yes,2500,26,5851.851851851852,0.015822784810126583,1,1
Lexus,GX 460 Base,2021,40906,Gasoline,4.6 Liter,Automatic,Black,Black,None reported,Yes,51998,4,8181.2,1.2711582652911553,0,1
BMW,ALPINA B7 ALPINA B7 xDrive,2020,33749,Gasoline,4.4 Liter Twin Turbo,Automatic,Blue,Red,None reported,Yes,85998,5,5624.833333333333,2.5481643900560016,0,1
BMW,M4 Competition xDrive,2023,1120,Gasoline,503.0HP 3.0L Straight 6 Cylinder Engine Gasoline Fuel,8-Speed A/T,Gray,White,None reported,Yes,92900,2,373.3333333333333,82.94642857142857,0,1
Jeep,Grand Cherokee L Limited,2021,26088,Gasoline,3.6L V6 24V MPFI DOHC,8-Speed Automatic,Silver Zynith,Global Black,None reported,Yes,38383,4,5217.6,1.4712894817540632,0,1
Kia,Forte GT-Line,2022,14950,Gasoline,147.0HP 2.0L 4 Cylinder Engine Gasoline Fuel,A/T,Silver,Gray,At least 1 accident or damage reported,Yes,24000,3,3737.5,1.605351170568562,1,1
Kia,Forte LX,2018,47466,Gasoline,"2L I-4 DOHC, D-CVVT variable valve control, engine with 147HP",Automatic,Silky Silver,Black,None reported,Yes,14699,7,5933.25,0.309674293178275,0,1
BMW,X6 M Base,2022,10376,Gasoline,4.4L V8 32V GDI DOHC Twin Turbo,8-Speed Automatic,Ametrin Metallic,Black,None reported,Yes,98900,3,2594.0,9.531611410948342,0,1
RAM,ProMaster 3500 High Roof,2021,18500,Gasoline,280.0HP 3.6L V6 Cylinder Engine Gasoline Fuel,A/T,White,Black,None reported,Yes,41950,4,3700.0,2.2675675675675677,0,1
Volkswagen,Atlas Cross Sport 3.6L V6 SEL Premium,2021,24596,Gasoline,3.6L V6 24V GDI DOHC,8-Speed Automatic,Deep Black Pearl Effect,Titan Black / Quarzit,None reported,Yes,38322,4,4919.2,1.5580582208489184,0,1
Hyundai,Santa Fe SEL,2021,2905,Gasoline,2.5L I4 16V PDI DOHC,8-Speed Automatic,Shimmering Silver,Black,None reported,Yes,27599,4,581.0,9.50051635111876,0,1
Jaguar,XF 3.0 Portfolio,2015,71290,Gasoline,340.0HP 3.0L V6 Cylinder Engine Gasoline Fuel,A/T,Brown,Black,At least 1 accident or damage reported,Yes,21000,10,6480.909090909091,0.29457146864917944,1,1
Audi,A7 55 Premium Plus,2022,15000,Hybrid,335.0HP 3.0L V6 Cylinder Engine Gasoline/Mild Electric Hybrid,A/T,Gray,Black,None reported,Yes,63000,3,3750.0,4.2,0,1
INFINITI,QX30 Premium,2017,37900,Gasoline,208.0HP 2.0L 4 Cylinder Engine Gasoline Fuel,7-Speed A/T,Gray,Black,None reported,Yes,22000,8,4211.111111111111,0.5804749340369393,0,1
Mercedes-Benz,AMG G 63 4MATIC,2022,2000,Gasoline,577.0HP 4.0L 8 Cylinder Engine Gasoline Fuel,Transmission w/Dual Shift Mode,Black,Black,None reported,Yes,244896,3,500.0,122.448,0,0
Mercedes-Benz,AMG C 43 AMG C 43 4MATIC,2019,32500,Gasoline,385.0HP 3.0L V6 Cylinder Engine Gasoline Fuel,9-Speed A/T,Black,Black,None reported,Yes,43500,6,4642.857142857143,1.3384615384615384,0,1
Mitsubishi,Lancer Evolution Base,2003,61491,Gasoline,271.0HP 2.0L 4 Cylinder Engine Gasoline Fuel,5-Speed M/T,Blue,Black,At least 1 accident or damage reported,Yes,28000,22,2673.521739130435,0.45535118960498283,1,0
Jeep,Wrangler Unlimited Sport,2013,77634,Gasoline,3.6L V6 24V MPFI DOHC,5-Speed Automatic,Gecko Pearlcoat,Black,None reported,Yes,24590,12,5971.846153846154,0.3167426642965711,0,1
Audi,A3 2.0 TDI Premium Plus,2015,83000,Diesel,150.0HP 2.0L 4 Cylinder Engine Diesel Fuel,6-Speed A/T,Black,Black,At least 1 accident or damage reported,Yes,18999,10,7545.454545454545,0.22890361445783133,1,1
Volkswagen,Jetta GLX VR6,2002,121800,Gasoline,174.0HP 2.8L V6 Cylinder Engine Gasoline Fuel,5-Speed M/T,Black,Black,None reported,Yes,4300,23,5075.0,0.035303776683087026,0,0
BMW,ALPINA B7 ALPINA B7 xDrive,2020,65852,Gasoline,4.4 Liter Twin Turbo,Automatic,Black,Mocha,None reported,Yes,68998,5,10975.333333333334,1.0477737957844864,0,1
Bentley,Bentayga Azure First Edition,2023,1335,Gasoline,4.0L V8 32V GDI DOHC Twin Turbo,8-Speed Automatic,Onyx,Portland,None reported,Yes,272950,2,445.0,204.4569288389513,0,1
Mercedes-Benz,CLA-Class CLA 250,2014,83315,Gasoline,208.0HP 2.0L 4 Cylinder Engine Gasoline Fuel,A/T,White,White,None reported,Yes,15000,11,6942.916666666667,0.18003960871391705,0,1
BMW,i8 Base,2019,18421,Plug-In Hybrid,369.0HP 1.5L 3 Cylinder Engine Plug-In Electric/Gas,6-Speed A/T,Black,Black,None reported,Yes,85000,6,2631.5714285714284,4.614298897996852,0,1
Lexus,CT 200h Premium,2015,101000,Hybrid,134.0HP 1.8L 4 Cylinder Engine Gas/Electric Hybrid,A/T,Black,Black,At least 1 accident or damage reported,Yes,16500,10,9181.818181818182,0.16336633663366337,1,1
Toyota,Tundra SR5,2022,29322,Gasoline,3.4L V6 24V PDI DOHC Twin Turbo,10-Speed Automatic,Gray,Black,None reported,Yes,44999,3,7330.5,1.5346497510401746,0,1
Mercedes-Benz,SLC 300 Base,2019,23900,Gasoline,241.0HP 2.0L 4 Cylinder Engine Gasoline Fuel,9-Speed A/T,White,Black,None reported,Yes,35999,6,3414.285714285714,1.506234309623431,0,1
Mercedes-Benz,AMG C AMG C 63 S,2016,40515,Gasoline,4.0L V8 32V GDI DOHC Twin Turbo,7-Speed Automatic,Black,Black,At least 1 accident or damage reported,Yes,47999,9,4051.5,1.1847217080093793,1,1
Ford,F-150 XLT,2020,67516,Gasoline,3.5L V6 24V PDI DOHC Twin Turbo,Automatic,Gray,Medium Light Camel,None reported,Yes,36994,5,11252.666666666666,0.547929379702589,0,1
Mazda,CX-9 Grand Touring,2010,155000,Gasoline,273.0HP 3.7L V6 Cylinder Engine Gasoline Fuel,6-Speed A/T,Silver,Black,None reported,Yes,8300,15,9687.5,0.053548387096774196,0,1
Honda,Ridgeline RTL-E,2019,26998,Gasoline,3.5L V6 24V GDI SOHC,6-Speed Automatic,Black,Black,None reported,Yes,35557,6,3856.8571428571427,1.3170234832209793,0,1
Bentley,Bentayga Onyx Edition,2018,18500,Gasoline,600.0HP 6.0L 12 Cylinder Engine Gasoline Fuel,8-Speed A/T,Black,Brown,None reported,Yes,115000,7,2312.5,6.216216216216216,0,1
MINI,Cooper S Clubman Base,2009,137600,Gasoline,172.0HP 1.6L 4 Cylinder Engine Gasoline Fuel,6-Speed M/T,Gold,Black,None reported,Yes,6880,16,8094.117647058823,0.05,0,0
Nissan,Murano SL,2005,125500,Gasoline,245.0HP 3.5L V6 Cylinder Engine Gasoline Fuel,CVT Transmission,Black,Beige,None reported,Yes,3950,20,5976.190476190476,0.03147410358565737,0,0
Bentley,Bentayga V8,2019,22039,Gasoline,542.0HP 4.0L 8 Cylinder Engine Gasoline Fuel,8-Speed A/T,White,Black,None reported,Yes,113990,6,3148.4285714285716,5.172194745678116,0,1
Nissan,Juke SV,2011,137483,Gasoline,188.0HP 1.6L 4 Cylinder Engine Gasoline Fuel,CVT Transmission,White,Gray,None reported,Yes,3200,14,9165.533333333333,0.023275604983888917,0,0
Ford,Expedition Max Limited,2019,67500,Gasoline,375.0HP 3.5L V6 Cylinder Engine Gasoline Fuel,10-Speed A/T,Gray,Black,None reported,Yes,40500,6,9642.857142857143,0.6,0,1
Ford,Expedition Max King Ranch,2020,52000,Gasoline,375.0HP 3.5L V6 Cylinder Engine Gasoline Fuel,10-Speed A/T,Gray,Brown,At least 1 accident or damage reported,Yes,53722,5,8666.666666666666,1.0331153846153847,1,1
Lamborghini,Murcielago Base,2006,10000,Gasoline,571.0HP 6.2L 12 Cylinder Engine Gasoline Fuel,A/T,Red,Black,None reported,Yes,259000,19,500.0,25.9,0,1
Chevrolet,Suburban LT,2017,195361,Gasoline,355.0HP 5.3L 8 Cylinder Engine Gasoline Fuel,Transmission Overdrive Switch,Black,Black,At least 1 accident or damage reported,Yes,26000,8,21706.777777777777,0.13308695184811709,1,0
Bentley,Bentayga Onyx Edition,2018,32500,Gasoline,600.0HP 6.0L 12 Cylinder Engine Gasoline Fuel,A/T,Black,Beige,At least 1 accident or damage reported,Yes,103000,7,4062.5,3.169230769230769,1,1
BMW,M760 i xDrive,2019,14806,Gasoline,601.0HP 6.6L 12 Cylinder Engine Gasoline Fuel,Transmission w/Dual Shift Mode,Black,Black,At least 1 accident or damage reported,Yes,81330,6,2115.1428571428573,5.493043360799676,1,0
Genesis,GV70 2.5T,2022,11000,Gasoline,300.0HP 2.5L 4 Cylinder Engine Gasoline Fuel,A/T,White,–,At least 1 accident or damage reported,Yes,48950,3,2750.0,4.45,1,1
Chevrolet,Tahoe LT,2011,92530,E85 Flex Fuel,320.0HP 5.3L 8 Cylinder Engine Flex Fuel Capability,A/T,Red,Black,At least 1 accident or damage reported,Yes,18500,14,6168.666666666667,0.19993515616556792,1,1
Dodge,Durango GT,2017,34845,Gasoline,295.0HP 3.6L V6 Cylinder Engine Gasoline Fuel,A/T,White,Black,At least 1 accident or damage reported,Yes,30000,8,3871.6666666666665,0.8609556607834696,1,1
Porsche,718 Cayman GTS,2018,16280,Gasoline,365.0HP 2.5L 4 Cylinder Engine Gasoline Fuel,Transmission w/Dual Shift Mode,Red,Black,None reported,Yes,85500,7,2035.0,5.2518427518427515,0,0
Porsche,Cayman Base,2011,77000,Gasoline,265.0HP 2.9L Flat 6 Cylinder Engine Gasoline Fuel,A/T,Red,Beige,None reported,Yes,32000,14,5133.333333333333,0.4155844155844156,0,1
Porsche,Panamera Turbo,2010,63000,Gasoline,500.0HP 4.8L 8 Cylinder Engine Gasoline Fuel,7-Speed A/T,Black,Beige,At least 1 accident or damage reported,Yes,38500,15,3937.5,0.6111111111111112,1,1
Lexus,ES 350 Base,2016,39700,Gasoline,268.0HP 3.5L V6 Cylinder Engine Gasoline Fuel,6-Speed A/T,White,Beige,None reported,Yes,25500,9,3970.0,0.6423173803526449,0,1
Kia,Optima Hybrid LX,2013,103111,Hybrid,199.0HP 2.4L 4 Cylinder Engine Gas/Electric Hybrid,A/T,Silver,Beige,At least 1 accident or damage reported,Yes,9200,12,7931.615384615385,0.08922423407783844,1,1
Land,Rover Range Rover Velar R-Dynamic SE,2019,75897,Gasoline,2.0 Liter,Automatic,Black,Black,None reported,Yes,35998,6,10842.42857142857,0.47430069699724625,0,1
Jaguar,XF S,2017,55000,Gasoline,380.0HP 3.0L V6 Cylinder Engine Gasoline Fuel,Transmission w/Dual Shift Mode,Gray,Red,None reported,Yes,34000,8,6111.111111111111,0.6181818181818182,0,0
Lexus,GX 470 Base,2005,114000,Gasoline,270.0HP 4.7L 8 Cylinder Engine Gasoline Fuel,A/T,Silver,Gray,At least 1 accident or damage reported,Yes,13450,20,5428.571428571428,0.11798245614035088,1,1
Mercedes-Benz,GL-Class GL 550,2011,80124,Gasoline,382.0HP 5.5L 8 Cylinder Engine Gasoline Fuel,7-Speed A/T,Black,Black,None reported,Yes,17500,14,5341.6,0.21841146223353802,0,1
BMW,X6 M Base,2023,7000,Gasoline,600.0HP 4.4L 8 Cylinder Engine Gasoline Fuel,Transmission w/Dual Shift Mode,Gray,Gray,None reported,Yes,144900,2,2333.3333333333335,20.7,0,0
RAM,1500 Longhorn,2023,4285,Gasoline,5.7L V8 16V MPFI OHV,Automatic,Delmonico Red Pearlcoat,Black / Saddle,None reported,Yes,65688,2,1428.3333333333333,15.32975495915986,0,1
Lamborghini,Huracan LP580-2S,2019,17175,Gasoline,5.2L V10 40V GDI DOHC,7-Speed Automatic with Auto-Shift,Rosso Mars Metallic,Nero Ade,None reported,Yes,234900,6,2453.5714285714284,13.676855895196507,0,1
Toyota,Highlander Hybrid Limited Platinum,2017,34049,Hybrid,3.5L V6 24V PDI DOHC Hybrid,Automatic CVT,Shoreline Blue Pearl,Ash,None reported,Yes,37999,8,3783.222222222222,1.1160092807424593,0,1
Audi,e-tron Prestige,2019,16000,Gasoline,355.0HP Electric Motor Electric Fuel System,A/T,White,Beige,At least 1 accident or damage reported,Yes,39990,6,2285.714285714286,2.499375,1,1
GMC,Suburban 2500,1996,95000,Gasoline,290.0HP 7.4L 8 Cylinder Engine Gasoline Fuel,4-Speed A/T,White,Gray,None reported,Yes,25000,29,3166.6666666666665,0.2631578947368421,0,1
Land,Rover Range Rover Velar SVAutobiography Dynamic Edition,2020,59355,Gasoline,V8,Automatic,Santorini Black,Ebony / Pimento,None reported,Yes,72995,5,9892.5,1.2298037233594474,0,1
Chevrolet,Bolt EUV Premier,2022,31000,Gasoline,200.0HP Electric Motor Electric Fuel System,1-Speed A/T,Red,White,None reported,Yes,36000,3,7750.0,1.1612903225806452,0,1
BMW,M240 i,2019,19300,Gasoline,335.0HP 3.0L Straight 6 Cylinder Engine Gasoline Fuel,8-Speed A/T,White,Red,None reported,Yes,36000,6,2757.1428571428573,1.8652849740932642,0,1
Cadillac,Escalade EXT Base,2009,155000,E85 Flex Fuel,403.0HP 6.2L 8 Cylinder Engine Flex Fuel Capability,6-Speed A/T,Red,Beige,At least 1 accident or damage reported,Yes,16900,16,9117.64705882353,0.10903225806451614,1,1
Scion,tC Release Series 6.0,2010,120010,Gasoline,161.0HP 2.4L 4 Cylinder Engine Gasoline Fuel,4-Speed A/T,Gray,Black,At least 1 accident or damage reported,Yes,6500,15,7500.625,0.05416215315390384,1,1
Kia,Optima EX,2012,152520,Gasoline,200.0HP 2.4L 4 Cylinder Engine Gasoline Fuel,6-Speed A/T,White,Beige,None reported,Yes,10900,13,10894.285714285714,0.07146603724101758,0,1
Honda,Civic EX,1993,58981,–,–,A/T,White,Beige,None reported,Yes,9599,32,1787.3030303030303,0.16274732540987777,0,1
Maserati,Quattroporte Base,2005,32000,Gasoline,394.0HP 4.2L 8 Cylinder Engine Gasoline Fuel,Transmission w/Dual Shift Mode,Red,Beige,At least 1 accident or damage reported,Yes,2954083,20,1523.8095238095239,92.31509375,1,0
Porsche,Panamera Turbo,2015,47000,Gasoline,520.0HP 4.8L 8 Cylinder Engine Gasoline Fuel,Transmission w/Dual Shift Mode,Black,Brown,None reported,Yes,50000,10,4272.727272727273,1.0638297872340425,0,0
Genesis,G70 2.0T,2023,2046,Gasoline,252.0HP 2.0L 4 Cylinder Engine Gasoline Fuel,8-Speed A/T,Green,Gray,None reported,Yes,43499,2,682.0,21.260508308895407,0,1
Chevrolet,Trailblazer LS,2021,24965,Gasoline,1.2L I3 12V GDI DOHC Turbo,Automatic CVT,Mosaic Black Metallic,Jet Black,At least 1 accident or damage reported,Yes,22995,4,4993.0,0.9210895253354696,1,1
Toyota,Camry LE,2005,108000,Gasoline,160.0HP 2.4L 4 Cylinder Engine Gasoline Fuel,5-Speed A/T,Beige,Gray,None reported,Yes,7850,20,5142.857142857143,0.07268518518518519,0,1
Toyota,Sienna LE,2015,76000,Gasoline,266.0HP 3.5L V6 Cylinder Engine Gasoline Fuel,A/T,Red,Gray,None reported,Yes,18300,10,6909.090909090909,0.24078947368421053,0,1
Porsche,911 Carrera S,2014,30000,Gasoline,400.0HP 3.8L Flat 6 Cylinder Engine Gasoline Fuel,7-Speed A/T,Black,Brown,None reported,Yes,78500,11,2500.0,2.6166666666666667,0,1
Volvo,V60 T6 R-Design Platinum,2015,59271,Gasoline,325.0HP 3.0L Straight 6 Cylinder Engine Gasoline Fuel,6-Speed A/T,Blue,Black,None reported,Yes,29900,10,5388.272727272727,0.5044625533566163,0,1
Lexus,LX 600 Premium,2023,1500,Gasoline,409.0HP 3.4L V6 Cylinder Engine Gasoline Fuel,10-Speed A/T,Gray,Black,None reported,Yes,119500,2,500.0,79.66666666666667,0,1
BMW,330e iPerformance,2017,52500,Plug-In Hybrid,247.0HP 2.0L 4 Cylinder Engine Plug-In Electric/Gas,Transmission w/Dual Shift Mode,Blue,Black,At least 1 accident or damage reported,Yes,24950,8,5833.333333333333,0.47523809523809524,1,0
Tesla,Model Y Long Range,2020,23100,Gasoline,425.0HP Electric Motor Electric Fuel System,A/T,Blue,White,None reported,Yes,36495,5,3850.0,1.5798701298701299,0,1
FIAT,124 Spider Abarth,2017,45000,Gasoline,164.0HP 1.4L 4 Cylinder Engine Gasoline Fuel,6-Speed M/T,Gray,Black,At least 1 accident or damage reported,Yes,22500,8,5000.0,0.5,1,0
Dodge,Ram 1500 Quad Cab,2002,179000,Gasoline,245.0HP 5.9L 8 Cylinder Engine Gasoline Fuel,A/T,Black,Black,At least 1 accident or damage reported,Yes,6500,23,7458.333333333333,0.036312849162011177,1,1
Toyota,Supra A91-MT Edition,2023,1500,Gasoline,382.0HP 3.0L Straight 6 Cylinder Engine Gasoline Fuel,6-Speed M/T,Gray,Orange,None reported,Yes,84900,2,500.0,56.6,0,0
BMW,X7 xDrive40i,2022,38671,Hybrid,3.0 Liter Turbo,Automatic,Gray,Blk,None reported,Yes,66998,3,9667.75,1.7325127356416954,0,1
Jeep,Wrangler Unlimited X,2007,135465,Gasoline,205.0HP 3.8L V6 Cylinder Engine Gasoline Fuel,A/T,Black,Gray,None reported,Yes,15750,18,7129.736842105263,0.1162661942199092,0,1
MINI,Countryman Cooper S ALL4,2014,79000,Gasoline,181.0HP 1.6L 4 Cylinder Engine Gasoline Fuel,Transmission w/Dual Shift Mode,White,Black,None reported,Yes,17000,11,6583.333333333333,0.21518987341772153,0,0
Nissan,Maxima SV,2012,42259,Gasoline,290.0HP 3.5L V6 Cylinder Engine Gasoline Fuel,CVT Transmission,Black,Black,At least 1 accident or damage reported,Yes,17000,13,3018.5,0.4022811708748432,1,0
Toyota,Camry Solara SLE V6,2006,159890,Gasoline,225.0HP 3.3L V6 Cylinder Engine Gasoline Fuel,A/T,Blue,Gray,At least 1 accident or damage reported,Yes,6500,19,7994.5,0.04065294890237038,1,1
Maserati,Grecale Modena,2023,2200,Hybrid,325.0HP 2.0L 4 Cylinder Engine Gasoline/Mild Electric Hybrid,Transmission w/Dual Shift Mode,Black,Red,None reported,Yes,75000,2,733.3333333333334,34.09090909090909,0,0
Lexus,RX 450h Base,2022,15833,Hybrid,308.0HP 3.5L V6 Cylinder Engine Gas/Electric Hybrid,CVT Transmission,White,Beige,None reported,Yes,52000,3,3958.25,3.284279669045664,0,0
BMW,328 i xDrive,2013,96000,Gasoline,240.0HP 2.0L 4 Cylinder Engine Gasoline Fuel,Transmission w/Dual Shift Mode,Black,Black,At least 1 accident or damage reported,Yes,13500,12,7384.615384615385,0.140625,1,0
BMW,135 i,2009,72900,Gasoline,300.0HP 3.0L Straight 6 Cylinder Engine Gasoline Fuel,6-Speed A/T,Gray,Gray,None reported,Yes,15500,16,4288.235294117647,0.21262002743484226,0,1
BMW,X7 M50i,2021,7121,Gasoline,4.4 Liter Twin Turbo,Automatic,Gray,Black,None reported,Yes,94998,4,1424.2,13.34054205869962,0,1
Hyundai,Tucson Hybrid SEL Convenience,2023,3402,Hybrid,226.0HP 1.6L 4 Cylinder Engine Gas/Electric Hybrid,A/T,White,Black,None reported,Yes,44000,2,1134.0,12.933568489124045,0,1
Volvo,C30 T5 Premier Plus,2013,73000,Gasoline,227.0HP 2.5L 5 Cylinder Engine Gasoline Fuel,A/T,Silver,Black,None reported,Yes,13900,12,5615.384615384615,0.19041095890410958,0,1
Karma,Revero Base,2018,21000,Gasoline,403.0HP 2.0L Electric Motor Electric Fuel System,A/T,White,Black,None reported,Yes,51000,7,2625.0,2.4285714285714284,0,1
BMW,X7 xDrive40i,2021,30309,Hybrid,3.0 Liter Turbo,Automatic,Blue,Tan,None reported,Yes,63598,4,6061.8,2.098320630835725,0,1
Ford,Mustang Mach-E California Route 1,2021,24000,Gasoline,290.0HP Electric Motor Electric Fuel System,1-Speed A/T,White,Black,None reported,Yes,38000,4,4800.0,1.5833333333333333,0,1
BMW,740 i,2016,73000,Gasoline,320.0HP 3.0L Straight 6 Cylinder Engine Gasoline Fuel,Transmission w/Dual Shift Mode,Black,Black,None reported,Yes,23999,9,7300.0,0.32875342465753427,0,0
Ford,Edge SEL,2019,26465,Gasoline,2.0L I4 16V GDI DOHC Turbo,8-Speed Automatic,White Platinum Tri-Coat Metallic,Ebony,None reported,Yes,24998,6,3780.714285714286,0.9445682977517476,0,1
Volkswagen,Arteon 2.0T SEL Premium R-Line,2020,26870,Gasoline,2.0L I4 16V GDI DOHC Turbo,8-Speed Automatic,Deep Black Pearl Effect,Mistral Gray / Raven,At least 1 accident or damage reported,Yes,34645,5,4478.333333333333,1.2893561592854486,1,1
Honda,Pilot EX,2004,184000,Gasoline,240.0HP 3.5L V6 Cylinder Engine Gasoline Fuel,A/T,Blue,Gray,At least 1 accident or damage reported,Yes,10500,21,8363.636363636364,0.057065217391304345,1,1
BMW,X7 ALPINA XB7,2022,4514,Gasoline,4.4 Liter Twin Turbo,Automatic,Gray,Black,None reported,Yes,132998,3,1128.5,29.463447053610988,0,1
RAM,2500 Tradesman,2022,1300,Gasoline,410.0HP 6.4L 8 Cylinder Engine Gasoline Fuel,8-Speed A/T,Red,Black,None reported,Yes,48000,3,325.0,36.92307692307692,0,1
Jeep,Grand Cherokee Limited,2018,49924,Gasoline,293.0HP 3.6L V6 Cylinder Engine Gasoline Fuel,8-Speed A/T,White,Black,None reported,Yes,26500,7,6240.5,0.5308068263760917,0,1
GMC,Yukon Denali,2019,36526,Gasoline,420.0HP 6.2L 8 Cylinder Engine Gasoline Fuel,10-Speed A/T,Red,Black,None reported,Yes,57850,6,5218.0,1.583803318184307,0,1
BMW,M6 Base,2015,37000,Gasoline,560.0HP 4.4L 8 Cylinder Engine Gasoline Fuel,Transmission w/Dual Shift Mode,Silver,Silver,None reported,Yes,45950,10,3363.6363636363635,1.241891891891892,0,0
Acura,MDX 3.5L w/Advance & Entertainment Pkgs,2017,79884,Gasoline,3.5L V6 24V GDI SOHC,9-Speed Automatic,Gray,Graystone,At least 1 accident or damage reported,Yes,24840,8,8876.0,0.3109508787742226,1,1
Volkswagen,Beetle 1.8T,2016,30000,Gasoline,170.0HP 1.8L 4 Cylinder Engine Gasoline Fuel,Transmission w/Dual Shift Mode,Blue,Beige,At least 1 accident or damage reported,Yes,19000,9,3000.0,0.6333333333333333,1,0
BMW,X6 M Base,2021,11102,Gasoline,600.0HP 4.4L 8 Cylinder Engine Gasoline Fuel,8-Speed A/T,Black,Black,None reported,Yes,101000,4,2220.4,9.09745991713205,0,1
Ford,Mustang GT Premium,2012,105500,Gasoline,412.0HP 5.0L 8 Cylinder Engine Gasoline Fuel,6-Speed M/T,Silver,Black,None reported,Yes,19000,13,7535.714285714285,0.18009478672985782,0,0
BMW,X7 xDrive50i,2019,31157,Gasoline,4.4 Liter GDI DOHC Twin Turbo,Automatic,Black,Blk,None reported,Yes,65998,6,4451.0,2.1182398818885,0,1
Kia,Sorento LX V6,2019,86204,Gasoline,3.3L V6 24V GDI DOHC,8-Speed Automatic,Sparkling Silver,Satin Black,At least 1 accident or damage reported,Yes,20708,6,12314.857142857143,0.24022087142127976,1,1
BMW,435 i,2014,80211,Gasoline,300.0HP 3.0L Straight 6 Cylinder Engine Gasoline Fuel,A/T,Gray,Red,At least 1 accident or damage reported,Yes,17995,11,6684.25,0.2243457879841917,1,1
Aston,Martin V8 Vantage Base,2010,25991,Gasoline,420.0HP 4.7L 8 Cylinder Engine Gasoline Fuel,6-Speed A/T,Silver,Black,None reported,Yes,69995,15,1624.4375,2.6930475933977145,0,1
Mercedes-Benz,CLK-Class CLK 350,2008,73000,Gasoline,268.0HP 3.5L V6 Cylinder Engine Gasoline Fuel,7-Speed A/T,Black,Black,None reported,Yes,8400,17,4055.5555555555557,0.11506849315068493,0,1
BMW,740 i,2018,40989,Gasoline,320.0HP 3.0L Straight 6 Cylinder Engine Gasoline Fuel,8-Speed A/T,Black,Gold,None reported,Yes,35000,7,5123.625,0.8538876283881042,0,1
Dodge,Caliber Express,2010,102681,Gasoline,158.0HP 2.0L 4 Cylinder Engine Gasoline Fuel,M/T,Red,Black,None reported,Yes,6000,15,6417.5625,0.058433400531743944,0,0
Acura,ZDX Base,2010,123000,Gasoline,300.0HP 3.7L V6 Cylinder Engine Gasoline Fuel,Transmission w/Dual Shift Mode,Black,Black,At least 1 accident or damage reported,Yes,13888,15,7687.5,0.11291056910569106,1,0
Jeep,Wrangler X,2005,160900,Gasoline,190.0HP 4.0L Straight 6 Cylinder Engine Gasoline Fuel,4-Speed A/T,Black,–,At least 1 accident or damage reported,Yes,7200,20,7661.9047619047615,0.044748290863890615,1,1
BMW,M3 Base,2011,105000,Gasoline,414.0HP 4.0L 8 Cylinder Engine Gasoline Fuel,6-Speed M/T,Silver,Black,At least 1 accident or damage reported,Yes,21900,14,7000.0,0.20857142857142857,1,0
Kia,Sportage Plug-In Hybrid X-Line,2023,1340,Plug-In Hybrid,177.0HP 1.6L 4 Cylinder Engine Plug-In Electric/Gas,A/T,Black,Black,None reported,Yes,41000,2,446.6666666666667,30.597014925373134,0,1
Ford,Mustang Mach-E Premium,2021,17850,Gasoline,266.0HP Electric Motor Electric Fuel System,A/T,Red,Black,None reported,Yes,41999,4,3570.0,2.3528851540616245,0,1
BMW,M3 Base,2011,72277,Gasoline,414.0HP 4.0L 8 Cylinder Engine Gasoline Fuel,Transmission w/Dual Shift Mode,Gray,Red,None reported,Yes,34950,14,4818.466666666666,0.4835563180541528,0,0
Jeep,Wrangler Rubicon,2023,7000,Hybrid,285.0HP 3.6L V6 Cylinder Engine Gasoline/Mild Electric Hybrid,8-Speed A/T,Gray,Black,None reported,Yes,46000,2,2333.3333333333335,6.571428571428571,0,1
Porsche,Panamera 4 Platinum Edition,2022,10627,Gasoline,"2.9L V-6 gasoline direct injection, DOHC, variable valve control","Automatic, 8-Spd PDK Dual-Clutch",Chalk,BLACK,None reported,Yes,99000,3,2656.75,9.315893478874564,0,1
Ford,Explorer XLT,2020,67015,Gasoline,2.3L I4 16V GDI DOHC Turbo,10-Speed Automatic,Oxford White,Sandstone,None reported,Yes,28590,5,11169.166666666666,0.4266209057673655,0,1
BMW,M4 Base,2018,19600,Gasoline,425.0HP 3.0L Straight 6 Cylinder Engine Gasoline Fuel,7-Speed A/T,Black,Black,At least 1 accident or damage reported,Yes,62000,7,2450.0,3.163265306122449,1,1
Ford,Mustang Mach-E Premium,2022,5800,Gasoline,346.0HP Electric Motor Electric Fuel System,1-Speed A/T,White,White,None reported,Yes,42500,3,1450.0,7.327586206896552,0,1
FIAT,500e Battery Electric,2017,33812,Gasoline,111.0HP Electric Motor Electric Fuel System,1-Speed A/T,Silver,Black,None reported,Yes,14999,8,3756.8888888888887,0.44359990535904414,0,1
Cadillac,Escalade Luxury,2015,99897,Gasoline,420.0HP 6.2L 8 Cylinder Engine Gasoline Fuel,8-Speed A/T,Black,Black,None reported,Yes,26950,10,9081.545454545454,0.2697778712073436,0,1
Mercedes-Benz,SL-Class SL 550,2014,127500,Gasoline,429.0HP 4.7L 8 Cylinder Engine Gasoline Fuel,Transmission w/Dual Shift Mode,White,White,None reported,Yes,29000,11,10625.0,0.22745098039215686,0,0
Ford,Expedition Limited,2021,23842,Gasoline,3.5L V6 24V PDI DOHC Twin Turbo,10-Speed Automatic,Gray,Medium Stone,None reported,Yes,59203,4,4768.4,2.483138998406174,0,1
Rivian,R1S Adventure Package,2023,2108,Gasoline,835.0HP Electric Motor Electric Fuel System,1-Speed A/T,Silver,White,None reported,Yes,91000,2,702.6666666666666,43.16888045540797,0,1
BMW,M6 Base,2014,65550,Gasoline,560.0HP 4.4L 8 Cylinder Engine Gasoline Fuel,Transmission w/Dual Shift Mode,Black,Black,None reported,Yes,39985,11,5462.5,0.6099923722349352,0,0
Lamborghini,Huracan LP580-2,2017,22000,Gasoline,573.0HP 5.2L 10 Cylinder Engine Gasoline Fuel,Transmission w/Dual Shift Mode,White,Black,None reported,Yes,210000,8,2444.4444444444443,9.545454545454545,0,0
Ford,Bronco Wildtrak Advanced,2022,15600,Gasoline,315.0HP 2.7L V6 Cylinder Engine Gasoline Fuel,Transmission w/Dual Shift Mode,Gray,–,At least 1 accident or damage reported,Yes,68995,3,3900.0,4.42275641025641,1,0
Lexus,LC 500 Base,2021,22400,Gasoline,471.0HP 5.0L 8 Cylinder Engine Gasoline Fuel,A/T,White,Red,None reported,Yes,81900,4,4480.0,3.65625,0,1
Lexus,LS 460 Crafted Line,2015,89150,Gasoline,360.0HP 4.6L 8 Cylinder Engine Gasoline Fuel,A/T,White,Black,None reported,Yes,31900,10,8104.545454545455,0.35782389231632084,0,1
BMW,M4 Base,2023,15000,Gasoline,"3L I-6 gasoline direct injection, DOHC, Double VANOS variable va","Automatic, 8-Spd M STEPTRONIC w/Drivelogic, Sport & Manual Modes",BLUE,ORANGE,None reported,Yes,81000,2,5000.0,5.4,0,1
Audi,A3 2.0T Tech Premium,2018,49500,Gasoline,220.0HP 2.0L 4 Cylinder Engine Gasoline Fuel,6-Speed A/T,Blue,Gray,None reported,Yes,25000,7,6187.5,0.5050505050505051,0,1
Audi,S8 4.2 quattro,2003,126000,Gasoline,360.0HP 4.2L 8 Cylinder Engine Gasoline Fuel,Transmission w/Dual Shift Mode,Gray,Black,None reported,Yes,13850,22,5478.260869565217,0.10992063492063492,0,0
Volkswagen,Golf GTI 2.0T Autobahn 4-Door,2015,85385,Gasoline,210.0HP 2.0L 4 Cylinder Engine Gasoline Fuel,6-Speed M/T,Gray,Black,None reported,Yes,15550,10,7762.272727272727,0.18211629677343796,0,0
Cadillac,Escalade Sport,2023,3000,Diesel,277.0HP 3.0L Straight 6 Cylinder Engine Diesel Fuel,A/T,White,Brown,None reported,Yes,123999,2,1000.0,41.333,0,1
Hyundai,Tucson SE,2018,66126,Gasoline,2.0L I4 16V GDI DOHC,6-Speed Automatic,Dazzling White,Gray,None reported,Yes,19190,7,8265.75,0.29020355079696336,0,1
Toyota,GR86 Premium,2023,1075,Gasoline,228.0HP 2.4L 4 Cylinder Engine Gasoline Fuel,6-Speed M/T,White,Black,None reported,Yes,35000,2,358.3333333333333,32.55813953488372,0,0
Ford,Bronco Raptor,2023,2489,Gasoline,3.0L V6 24V GDI DOHC Twin Turbo,10-Speed Automatic,Oxford White,Black Onyx,None reported,Yes,98900,2,829.6666666666666,39.734833266372036,0,1
Hyundai,Santa Fe SEL,2021,25000,Gasoline,191.0HP 2.5L 4 Cylinder Engine Gasoline Fuel,8-Speed A/T,Black,Gray,None reported,Yes,28500,4,5000.0,1.14,0,1
Nissan,Armada Platinum,2017,92000,Gasoline,390.0HP 5.6L 8 Cylinder Engine Gasoline Fuel,7-Speed A/T,Black,Black,None reported,Yes,20900,8,10222.222222222223,0.22717391304347825,0,1
Lexus,GX 470 Base,2008,123500,Gasoline,263.0HP 4.7L 8 Cylinder Engine Gasoline Fuel,A/T,White,Gray,At least 1 accident or damage reported,Yes,14500,17,6861.111111111111,0.11740890688259109,1,1
Cadillac,CTS Premium,2013,105000,Gasoline,318.0HP 3.6L V6 Cylinder Engine Gasoline Fuel,6-Speed A/T,Black,Black,At least 1 accident or damage reported,Yes,12000,12,8076.923076923077,0.11428571428571428,1,1
Audi,R8 Base,2008,49000,Gasoline,420.0HP 4.2L 8 Cylinder Engine Gasoline Fuel,6-Speed M/T,Black,Black,None reported,Yes,63000,17,2722.222222222222,1.2857142857142858,0,0
Jaguar,F-PACE S,2020,28357,Gasoline,3.0 Liter,Automatic,Santorini Black Metallic,Pimento Red w/Ebony,None reported,Yes,47598,5,4726.166666666667,1.6785273477448248,0,1
Chevrolet,Silverado 1500 1LT,2018,81000,E85 Flex Fuel,285.0HP 4.3L V6 Cylinder Engine Flex Fuel Capability,A/T,Red,Gray,None reported,Yes,32000,7,10125.0,0.3950617283950617,0,1
Ford,Expedition Limited,2021,45000,Gasoline,375.0HP 3.5L V6 Cylinder Engine Gasoline Fuel,Transmission w/Dual Shift Mode,Gray,Black,None reported,Yes,52000,4,9000.0,1.1555555555555554,0,0
Toyota,Sequoia Platinum,2011,173456,E85 Flex Fuel,381.0HP 5.7L 8 Cylinder Engine Flex Fuel Capability,6-Speed A/T,Black,Gray,At least 1 accident or damage reported,Yes,16000,14,11563.733333333334,0.09224241306152568,1,1
BMW,M440 i,2021,13700,Hybrid,382.0HP 3.0L Straight 6 Cylinder Engine Gasoline/Mild Electric Hybrid,8-Speed A/T,Black,Beige,None reported,Yes,60000,4,2740.0,4.37956204379562,0,1
Audi,A8 L 55,2019,93400,Hybrid,335.0HP 3.0L V6 Cylinder Engine Gasoline/Mild Electric Hybrid,A/T,Silver,Brown,None reported,Yes,42500,6,13342.857142857143,0.4550321199143469,0,1
Toyota,Avalon XLE,2015,90000,Gasoline,268.0HP 3.5L V6 Cylinder Engine Gasoline Fuel,6-Speed A/T,White,Beige,None reported,Yes,18200,10,8181.818181818182,0.20222222222222222,0,1
Porsche,Macan Base,2017,40600,Gasoline,252.0HP 2.0L 4 Cylinder Engine Gasoline Fuel,7-Speed A/T,Gray,Black,None reported,Yes,32000,8,4511.111111111111,0.7881773399014779,0,1
Lexus,IS 350 F Sport,2023,20121,Gasoline,311.0HP 3.5L V6 Cylinder Engine Gasoline Fuel,8-Speed A/T,Gray,Red,None reported,Yes,47124,2,6707.0,2.3420307141792156,0,1
Mercedes-Benz,Metris Base,2020,3921,Gasoline,2.0L I4 16V GDI DOHC Turbo,7-Speed Automatic,Black,White,None reported,Yes,175000,5,653.5,44.63147156337669,0,1
Lexus,RX 350 Base,2011,187450,Gasoline,275.0HP 3.5L V6 Cylinder Engine Gasoline Fuel,A/T,Silver,Beige,At least 1 accident or damage reported,Yes,10400,14,12496.666666666666,0.055481461723126166,1,1
Toyota,Supra A91 Edition,2021,6400,Gasoline,382.0HP 3.0L Straight 6 Cylinder Engine Gasoline Fuel,Transmission w/Dual Shift Mode,Gray,Black,None reported,Yes,68000,4,1280.0,10.625,0,0
Mercedes-Benz,AMG C 43 Base 4MATIC,2017,54500,Gasoline,362.0HP 3.0L V6 Cylinder Engine Gasoline Fuel,9-Speed A/T,White,Black,None reported,Yes,37995,8,6055.555555555556,0.6971559633027523,0,1
BMW,X6 xDrive50i,2017,78500,Gasoline,445.0HP 4.4L 8 Cylinder Engine Gasoline Fuel,8-Speed A/T,Red,Brown,At least 1 accident or damage reported,Yes,42000,8,8722.222222222223,0.535031847133758,1,1
Chevrolet,Tahoe LT,2018,75000,Gasoline,355.0HP 5.3L 8 Cylinder Engine Gasoline Fuel,6-Speed A/T,Silver,Black,None reported,Yes,36000,7,9375.0,0.48,0,1
Ford,F-150 SVT Raptor,2014,89988,Gasoline,411.0HP 6.2L 8 Cylinder Engine Gasoline Fuel,A/T,Red,Red,At least 1 accident or damage reported,Yes,42500,11,7499.0,0.4722851935813664,1,1
Subaru,Outback 3.0 R VDC Limited,2005,107000,Gasoline,250.0HP 3.0L Flat 6 Cylinder Engine Gasoline Fuel,A/T,Gold,Beige,None reported,Yes,7100,20,5095.238095238095,0.06635514018691589,0,1
Alfa,Romeo Giulia Ti,2019,21400,Gasoline,280.0HP 2.0L 4 Cylinder Engine Gasoline Fuel,8-Speed A/T,White,Black,None reported,Yes,28500,6,3057.1428571428573,1.3317757009345794,0,1
Mazda,CX-7 Grand Touring,2007,83150,Gasoline,244.0HP 2.3L 4 Cylinder Engine Gasoline Fuel,6-Speed A/T,White,Beige,None reported,Yes,6950,18,4376.315789473684,0.0835838845460012,0,1
Ford,F-150 Platinum,2018,92000,Diesel,250.0HP 3.0L V6 Cylinder Engine Diesel Fuel,10-Speed A/T,Black,Black,At least 1 accident or damage reported,Yes,36500,7,11500.0,0.3967391304347826,1,1
Mercedes-Benz,GLE 350 Base 4MATIC,2021,15042,Gasoline,2.0L I4 16V GDI DOHC Turbo,9-Speed Automatic,Selenite Gray Metallic,Macchiato,None reported,Yes,54599,4,3008.4,3.6297699773966228,0,1
Audi,A7 3.0T Premium Plus,2017,39000,Gasoline,333.0HP 3.0L V6 Cylinder Engine Gasoline Fuel,Transmission w/Dual Shift Mode,Black,Black,At least 1 accident or damage reported,Yes,35000,8,4333.333333333333,0.8974358974358975,1,0
RAM,2500 Laramie,2017,67483,Gasoline,410.0HP 6.4L 8 Cylinder Engine Gasoline Fuel,6-Speed A/T,Brown,Beige,At least 1 accident or damage reported,Yes,46500,8,7498.111111111111,0.6890624305380615,1,1
Tesla,Model S 70D,2015,62089,Gasoline,329.0HP Electric Motor Electric Fuel System,A/T,Black,Beige,None reported,Yes,29975,10,5644.454545454545,0.48277472660213566,0,1
Audi,S8 4.0T Plus,2017,54300,Gasoline,605.0HP 4.0L 8 Cylinder Engine Gasoline Fuel,8-Speed A/T,Black,Black,None reported,Yes,53500,8,6033.333333333333,0.9852670349907919,0,1
Hyundai,Sonata Hybrid Limited,2022,30565,Hybrid,192.0HP 2.0L 4 Cylinder Engine Gas/Electric Hybrid,A/T,Gray,Black,None reported,Yes,29000,3,7641.25,0.9487976443644691,0,1
Audi,A8 L 4.0T,2016,142666,Gasoline,450.0HP 4.0L 8 Cylinder Engine Gasoline Fuel,8-Speed A/T,Black,Black,At least 1 accident or damage reported,Yes,22000,9,14266.6,0.15420632806695359,1,1
Ford,Ranger Sport SuperCab,2009,166200,Gasoline,207.0HP 4.0L V6 Cylinder Engine Gasoline Fuel,A/T,Blue,Gray,At least 1 accident or damage reported,Yes,6999,16,9776.470588235294,0.04211191335740072,1,1
INFINITI,Q50 Hybrid Premium,2015,88977,Hybrid,354.0HP 3.5L V6 Cylinder Engine Gas/Electric Hybrid,7-Speed A/T,Gray,Black,At least 1 accident or damage reported,Yes,19977,10,8088.818181818182,0.2245186958427459,1,1
BMW,M3 Base,2011,114890,Gasoline,414.0HP 4.0L 8 Cylinder Engine Gasoline Fuel,Transmission w/Dual Shift Mode,White,Beige,None reported,Yes,20990,14,7659.333333333333,0.1826964922969797,0,0
Mercedes-Benz,E-Class E 350 4MATIC,2009,171000,Gasoline,268.0HP 3.5L V6 Cylinder Engine Gasoline Fuel,5-Speed A/T,Black,Black,At least 1 accident or damage reported,Yes,4750,16,10058.823529411764,0.027777777777777776,1,1
Ford,Explorer sport,2019,90067,Gasoline,3.5L V6 24V GDI DOHC Twin Turbo,6-Speed Automatic,Black,Ebony Black,None reported,Yes,28590,6,12866.714285714286,0.31743035740060177,0,1
Chevrolet,Camaro 1LT,2014,97579,Gasoline,323.0HP 3.6L V6 Cylinder Engine Gasoline Fuel,Transmission w/Dual Shift Mode,Black,Black,At least 1 accident or damage reported,Yes,15000,11,8131.583333333333,0.15372159993441212,1,0
Mazda,MX-5 Miata RF Grand Touring,2017,52000,Gasoline,155.0HP 2.0L 4 Cylinder Engine Gasoline Fuel,6-Speed M/T,Black,Black,At least 1 accident or damage reported,Yes,20500,8,5777.777777777777,0.3942307692307692,1,0
Jeep,Grand Cherokee L Limited,2021,25968,Gasoline,3.6L V6 24V MPFI DOHC,8-Speed Automatic,Metallic,Global Black,None reported,Yes,38405,4,5193.6,1.4789356130622304,0,1
MINI,Hardtop Cooper S,2016,41680,Gasoline,189.0HP 2.0L 4 Cylinder Engine Gasoline Fuel,6-Speed A/T,Silver,Black,None reported,Yes,17495,9,4168.0,0.4197456813819578,0,1
Saab,9-3 SE,2002,77200,Gasoline,205.0HP 2.0L 4 Cylinder Engine Gasoline Fuel,5-Speed M/T,Black,Beige,None reported,Yes,7500,23,3216.6666666666665,0.09715025906735751,0,0
BMW,X5 xDrive40i,2019,50000,Gasoline,335.0HP 3.0L Straight 6 Cylinder Engine Gasoline Fuel,8-Speed A/T,Blue,Gold,None reported,Yes,43000,6,7142.857142857143,0.86,0,1
Porsche,Macan,2021,21613,Gasoline,2.0 Liter,Automatic,White,–,None reported,Yes,58998,4,4322.6,2.729745986212002,0,1
Audi,Q3 S line Premium Plus,2022,17377,Gasoline,2.0 Liter TFSI,Automatic,Glacier White,Pearl Beige,None reported,Yes,39998,3,4344.25,2.3017782125798467,0,1
GMC,Acadia SLE,2020,30426,Gasoline,2.5L I4 16V GDI DOHC,9-Speed Automatic,Ebony Twilight Metallic,Jet Black,None reported,Yes,29645,5,5071.0,0.9743311641359363,0,1
Audi,allroad 2.7T,2005,153000,Gasoline,250.0HP 2.7L V6 Cylinder Engine Gasoline Fuel,M/T,Blue,Blue,At least 1 accident or damage reported,Yes,6500,20,7285.714285714285,0.042483660130718956,1,0
Mercury,Marauder Base,2004,56600,Gasoline,302.0HP 4.6L 8 Cylinder Engine Gasoline Fuel,Transmission Overdrive Switch,Silver,Black,None reported,Yes,23000,21,2572.7272727272725,0.40636042402826855,0,0
Hyundai,Genesis 3.8,2015,116612,Gasoline,311.0HP 3.8L V6 Cylinder Engine Gasoline Fuel,8-Speed A/T,White,White,At least 1 accident or damage reported,Yes,12700,10,10601.09090909091,0.10890817411587143,1,1
Audi,SQ5 3.0T Premium Plus,2018,72000,Gasoline,354.0HP 3.0L V6 Cylinder Engine Gasoline Fuel,A/T,Blue,Black,At least 1 accident or damage reported,Yes,30000,7,9000.0,0.4166666666666667,1,1
Audi,A8 L 55,2019,39000,Hybrid,335.0HP 3.0L V6 Cylinder Engine Gasoline/Mild Electric Hybrid,8-Speed A/T,Black,Brown,None reported,Yes,50000,6,5571.428571428572,1.2820512820512822,0,1
Lincoln,Navigator Base,2008,149000,Gasoline,300.0HP 5.4L 8 Cylinder Engine Gasoline Fuel,A/T,Gold,Beige,None reported,Yes,10099,17,8277.777777777777,0.06777852348993288,0,1
BMW,M4 Base,2018,19300,Gasoline,425.0HP 3.0L Straight 6 Cylinder Engine Gasoline Fuel,6-Speed M/T,White,Silver,None reported,Yes,64000,7,2412.5,3.316062176165803,0,0
Mazda,CX-9 Carbon Edition,2021,27836,Gasoline,2.5L I4 16V GDI DOHC Turbo,6-Speed Automatic,Polymetal Gray Metallic,Red,None reported,Yes,36969,4,5567.2,1.3281003017674953,0,1
Chevrolet,Corvette Stingray w/1LT,2023,3273,Gasoline,490.0HP 6.2L 8 Cylinder Engine Gasoline Fuel,Transmission w/Dual Shift Mode,Black,Red,None reported,Yes,78999,2,1091.0,24.136571952337306,0,0
Ford,F-150 Lariat,2017,74349,Gasoline,375.0HP 3.5L V6 Cylinder Engine Gasoline Fuel,10-Speed A/T,White,–,None reported,Yes,36000,8,8261.0,0.484202881007142,0,1
Ford,F-250 Lariat,2019,85000,Diesel,450.0HP 6.7L 8 Cylinder Engine Diesel Fuel,6-Speed A/T,White,Black,At least 1 accident or damage reported,Yes,55000,6,12142.857142857143,0.6470588235294118,1,1
Ferrari,Roma Base,2022,2250,Gasoline,611.0HP 3.9L 8 Cylinder Engine Gasoline Fuel,8-Speed A/T,Gray,Blue,None reported,Yes,259500,3,562.5,115.33333333333333,0,1
Mercedes-Benz,GLS 450 Base 4MATIC,2017,46100,Gasoline,362.0HP 3.0L V6 Cylinder Engine Gasoline Fuel,9-Speed A/T,Black,Beige,At least 1 accident or damage reported,Yes,33000,8,5122.222222222223,0.7158351409978309,1,1
Hyundai,Santa Fe SEL Plus 2.4,2019,49500,Gasoline,185.0HP 2.4L 4 Cylinder Engine Gasoline Fuel,8-Speed A/T,Silver,Gray,None reported,Yes,28000,6,7071.428571428572,0.5656565656565656,0,1
Mercedes-Benz,E-Class E 350,2012,31130,Gasoline,302.0HP 3.5L V6 Cylinder Engine Gasoline Fuel,7-Speed A/T,Black,Black,None reported,Yes,23500,13,2223.5714285714284,0.7548988114359139,0,1
Ford,F-250 XLT SuperCab Super Duty,2008,149460,Diesel,350.0HP 6.4L 8 Cylinder Engine Diesel Fuel,A/T,Blue,Gray,At least 1 accident or damage reported,Yes,12240,17,8303.333333333334,0.08189482135688479,1,1
Mercury,Marauder Base,2003,90000,Gasoline,302.0HP 4.6L 8 Cylinder Engine Gasoline Fuel,4-Speed A/T,Blue,Beige,At least 1 accident or damage reported,Yes,15500,22,3913.0434782608695,0.17222222222222222,1,1
Ford,Transit-350 XLT,2021,48000,E85 Flex Fuel,275.0HP 3.5L V6 Cylinder Engine Flex Fuel Capability,A/T,White,Gray,None reported,Yes,57000,4,9600.0,1.1875,0,1
Mercedes-Benz,C-Class C 300 4MATIC Sport,2013,98000,Gasoline,248.0HP 3.5L V6 Cylinder Engine Gasoline Fuel,A/T,White,Beige,At least 1 accident or damage reported,Yes,15500,12,7538.461538461538,0.15816326530612246,1,1
Volkswagen,Arteon SEL R-Line,2022,18655,Gasoline,2.0 Liter TSI,Automatic,Oryx White Prl,Titan Black,None reported,Yes,38698,3,4663.75,2.0744036451353525,0,1
Chevrolet,Suburban 2500 LS,2006,60000,Gasoline,325.0HP 8.1L 8 Cylinder Engine Gasoline Fuel,A/T,Brown,Brown,At least 1 accident or damage reported,Yes,24950,19,3000.0,0.41583333333333333,1,1
Chevrolet,Suburban 1500 LT,2014,169500,E85 Flex Fuel,320.0HP 5.3L 8 Cylinder Engine Flex Fuel Capability,A/T,Purple,Brown,None reported,Yes,15000,11,14125.0,0.08849557522123894,0,1
Mitsubishi,Eclipse GS,2008,189500,Gasoline,162.0HP 2.4L 4 Cylinder Engine Gasoline Fuel,5-Speed M/T,Red,Black,None reported,Yes,6000,17,10527.777777777777,0.0316622691292876,0,0
Toyota,Land Cruiser Base,2016,91000,Gasoline,381.0HP 5.7L 8 Cylinder Engine Gasoline Fuel,A/T,Black,Brown,None reported,Yes,68500,9,9100.0,0.7527472527472527,0,1
Genesis,G80 2.5T,2022,7396,Gasoline,2.5L I4 16V PDI DOHC Turbo,8-Speed Automatic,Black Forest Green,Black,None reported,Yes,41299,3,1849.0,5.583964305029745,0,1
Toyota,Tundra SR5 Access Cab,2004,229450,Gasoline,240.0HP 4.7L 8 Cylinder Engine Gasoline Fuel,A/T,Gray,Gray,None reported,Yes,8250,21,10429.545454545454,0.03595554587056003,0,1
Maserati,Quattroporte Modena Q4,2023,8603,Gasoline,3.0L V6 24V GDI DOHC Twin Turbo,8-Speed Automatic,Blu,Tan,None reported,Yes,125900,2,2867.6666666666665,14.634429850052307,0,1
Audi,RS 5 4.2,2014,49098,Gasoline,450.0HP 4.2L 8 Cylinder Engine Gasoline Fuel,Transmission w/Dual Shift Mode,White,Black,At least 1 accident or damage reported,Yes,44900,11,4091.5,0.9144975355411625,1,0
Nissan,Rogue S,2022,21212,Gasoline,1.5L I3 12V GDI DOHC Turbo,Automatic CVT,Gun Metallic,Charcoal,None reported,Yes,28906,3,5303.0,1.3627192155383745,0,1
Porsche,Panamera 4S,2010,62743,Gasoline,400.0HP 4.8L 8 Cylinder Engine Gasoline Fuel,Transmission w/Dual Shift Mode,Silver,Gray,None reported,Yes,28600,15,3921.4375,0.4558277417401144,0,0
BMW,M440 i xDrive,2021,24300,Hybrid,382.0HP 3.0L Straight 6 Cylinder Engine Gasoline/Mild Electric Hybrid,8-Speed A/T,Gray,Beige,None reported,Yes,49999,4,4860.0,2.0575720164609055,0,1
Cadillac,Escalade Premium,2010,104000,E85 Flex Fuel,403.0HP 6.2L 8 Cylinder Engine Flex Fuel Capability,A/T,Gray,–,None reported,Yes,19500,15,6500.0,0.1875,0,1
Volvo,S60 T6 Momentum,2020,46250,Gasoline,2.0L I4 16V GDI DOHC,8-Speed Automatic,White,Charcoal,At least 1 accident or damage reported,Yes,27800,5,7708.333333333333,0.601081081081081,1,1
Mazda,CX-9 Touring Plus,2023,1930,Gasoline,2.5L I4 16V GDI DOHC Turbo,6-Speed Automatic,Jet Black Mica,Black,At least 1 accident or damage reported,Yes,40655,2,643.3333333333334,21.064766839378237,1,1
Chrysler,Pacifica Hybrid Touring L,2022,61494,Hybrid,3.6L V6 24V MPFI DOHC Hybrid,Automatic CVT,Bright White Clearcoat,Black,None reported,Yes,35850,3,15373.5,0.582983705727388,0,1
Jeep,Wrangler Unlimited Sport,2020,24040,Gasoline,2.0L I4 16V GDI DOHC Turbo,8-Speed Automatic,Black Clearcoat,Black,None reported,Yes,35273,5,4006.6666666666665,1.4672628951747089,0,1
Toyota,Highlander Base,2001,231581,Gasoline,220.0HP 3.0L V6 Cylinder Engine Gasoline Fuel,A/T,Beige,Beige,None reported,Yes,4300,24,9263.24,0.018568017238029026,0,1
Ford,F-150 Lariat,2019,81000,Gasoline,375.0HP 3.5L V6 Cylinder Engine Gasoline Fuel,10-Speed A/T,Gray,Black,None reported,Yes,38500,6,11571.42857142857,0.47530864197530864,0,1
Ford,Bronco,1974,6217,–,–,–,Dark Gray Metallic,–,None reported,Yes,115000,51,119.5576923076923,18.4976676853788,0,0
Land,Rover Discovery Sport S R-Dynamic,2022,23568,Gasoline,2.0 Liter,Automatic,Firenze Red,Ebony,None reported,Yes,44998,3,5892.0,1.9092837746096403,0,1
Mazda,Mazda6 Touring,2020,78700,Gasoline,187.0HP 2.5L 4 Cylinder Engine Gasoline Fuel,A/T,White,Black,None reported,Yes,18000,5,13116.666666666666,0.22871664548919948,0,1
Kia,Optima EX,2015,109580,Gasoline,192.0HP 2.4L 4 Cylinder Engine Gasoline Fuel,6-Speed A/T,Red,Black,At least 1 accident or damage reported,Yes,11900,10,9961.818181818182,0.10859645920788465,1,1
Lexus,RX 350 Base,2009,178000,Gasoline,270.0HP 3.5L V6 Cylinder Engine Gasoline Fuel,A/T,Gray,Gray,At least 1 accident or damage reported,Yes,4500,16,10470.588235294117,0.025280898876404494,1,1
Mitsubishi,Outlander Sport 2.4 SE,2016,131193,Gasoline,2.4L I4 16V MPFI DOHC,Automatic CVT,Black,Black,None reported,Yes,11970,9,13119.3,0.09123962406530836,0,1
Mercedes-Benz,GLS 450 Base 4MATIC,2017,106000,Gasoline,362.0HP 3.0L V6 Cylinder Engine Gasoline Fuel,9-Speed A/T,White,Black,None reported,Yes,25900,8,11777.777777777777,0.24433962264150944,0,1
Audi,A3 2.0T Premium,2019,28211,Gasoline,184.0HP 2.0L 4 Cylinder Engine Gasoline Fuel,Transmission w/Dual Shift Mode,Gray,Black,At least 1 accident or damage reported,Yes,27500,6,4030.1428571428573,0.9747970649746552,1,0
Audi,A4 2.0T Premium,2015,91403,E85 Flex Fuel,2.0L I4 16V GDI DOHC Turbo Flexible Fuel,8-Speed Automatic,Silver,Gray,None reported,Yes,14998,10,8309.363636363636,0.1640865179479886,0,1
Mercedes-Benz,CLA-Class CLA 250,2016,88600,Gasoline,208.0HP 2.0L 4 Cylinder Engine Gasoline Fuel,A/T,Black,Black,At least 1 accident or damage reported,Yes,16800,9,8860.0,0.18961625282167044,1,1
INFINITI,FX50 Base,2011,84900,Gasoline,390.0HP 5.0L 8 Cylinder Engine Gasoline Fuel,7-Speed A/T,Silver,Black,None reported,Yes,22450,14,5660.0,0.26442873969375735,0,1
Kia,K5 EX,2021,11154,Gasoline,1.6L I4 16V GDI DOHC Turbo,8-Speed Automatic,Glacial White Pearl,Black,None reported,Yes,28998,4,2230.8,2.599784830554061,0,1
BMW,X5 eDrive xDrive40e,2018,45090,Plug-In Hybrid,313.0HP 2.0L 4 Cylinder Engine Plug-In Electric/Gas,8-Speed A/T,Gray,Black,At least 1 accident or damage reported,Yes,30750,7,5636.25,0.6819693945442449,1,1
Mercedes-Benz,SLK-Class SLK230 Kompressor,2003,33272,Gasoline,192.0HP 2.3L 4 Cylinder Engine Gasoline Fuel,A/T,Red,Gray,At least 1 accident or damage reported,Yes,11900,22,1446.608695652174,0.3576580908872325,1,1
Jeep,Wrangler SE,2003,71000,Gasoline,150.0HP 2.4L 4 Cylinder Engine Gasoline Fuel,5-Speed M/T,Red,Gray,None reported,Yes,12499,22,3086.9565217391305,0.17604225352112676,0,0
Kia,Telluride SX,2020,55400,Gasoline,291.0HP 3.8L V6 Cylinder Engine Gasoline Fuel,8-Speed A/T,Green,White,None reported,Yes,36500,5,9233.333333333334,0.6588447653429603,0,1
Land,Rover LR4 Lux,2012,141525,Gasoline,375.0HP 5.0L 8 Cylinder Engine Gasoline Fuel,A/T,Black,Black,None reported,Yes,14490,13,10108.92857142857,0.10238473767885532,0,1
Jaguar,XKR Base,2007,50000,Gasoline,420.0HP 4.2L 8 Cylinder Engine Gasoline Fuel,Transmission w/Dual Shift Mode,Black,Beige,At least 1 accident or damage reported,Yes,21900,18,2631.5789473684213,0.438,1,0
BMW,M4 Base,2020,29140,Gasoline,425.0HP 3.0L Straight 6 Cylinder Engine Gasoline Fuel,M/T,Orange,Orange,None reported,Yes,71995,5,4856.666666666667,2.470658888126287,0,0
BMW,M340 i xDrive,2022,9000,Hybrid,382.0HP 3.0L Straight 6 Cylinder Engine Gasoline/Mild Electric Hybrid,8-Speed A/T,White,Red,None reported,Yes,56900,3,2250.0,6.322222222222222,0,1
Mercedes-Benz,AMG GLE 53 AMG GLE 53,2021,5595,Hybrid,3.0 Liter Turbo,Automatic,designo Diamond White Metallic,Black,None reported,Yes,83598,4,1119.0,14.941554959785522,0,1
RAM,1500 Laramie,2022,34121,Gasoline,5.7L V8 16V MPFI OHV,Automatic,Granite Crystal Clearcoat Metallic,Black,None reported,Yes,48190,3,8530.25,1.412326719615486,0,1
BMW,ALPINA B7 Base,2013,36750,Gasoline,445.0HP 4.4L 8 Cylinder Engine Gasoline Fuel,A/T,Black,Black,None reported,Yes,35999,12,2826.923076923077,0.9795646258503401,0,1
Mercedes-Benz,C-Class C280 4MATIC,2007,49626,Gasoline,228.0HP 3.0L V6 Cylinder Engine Gasoline Fuel,A/T,White,–,None reported,Yes,12000,18,2611.8947368421054,0.24180872929512756,0,1
Jeep,Compass High Altitude,2017,45000,Gasoline,172.0HP 2.4L 4 Cylinder Engine Gasoline Fuel,A/T,White,Beige,At least 1 accident or damage reported,Yes,16500,8,5000.0,0.36666666666666664,1,1
Toyota,Highlander Hybrid XLE,2019,69350,Hybrid,306.0HP 3.5L V6 Cylinder Engine Gas/Electric Hybrid,A/T,Black,Gray,None reported,Yes,36000,6,9907.142857142857,0.5191059841384282,0,1
BMW,X5 M Base,2022,8307,Gasoline,4.4L V8 32V GDI DOHC Twin Turbo,8-Speed Automatic,Blue Metallic,Sakhir Orange,None reported,Yes,98900,3,2076.75,11.905621764776694,0,1
BMW,M3 Base,2023,4106,Gasoline,3.0L I6 24V GDI DOHC Twin Turbo,6-Speed Manual,Isle of Man Green Metallic,Kyalami Orange,None reported,Yes,84645,2,1368.6666666666667,20.614953726254264,0,0
BMW,M3 Base,1999,184700,Gasoline,240.0HP 3.2L Straight 6 Cylinder Engine Gasoline Fuel,5-Speed M/T,Blue,Gray,None reported,Yes,36950,26,6840.740740740741,0.20005414185165132,0,0
Maserati,Quattroporte S Q4 GranLusso,2018,57500,Gasoline,424.0HP 3.0L V6 Cylinder Engine Gasoline Fuel,8-Speed A/T,White,Brown,None reported,Yes,41900,7,7187.5,0.7286956521739131,0,1
Acura,RDX Advance Package,2021,29000,Gasoline,272.0HP 2.0L 4 Cylinder Engine Gasoline Fuel,10-Speed A/T,Black,Black,None reported,Yes,39650,4,5800.0,1.3672413793103448,0,1
Mercedes-Benz,GLA-Class GLA 250 4MATIC,2015,61675,Gasoline,208.0HP 2.0L 4 Cylinder Engine Gasoline Fuel,Transmission w/Dual Shift Mode,Gray,Black,At least 1 accident or damage reported,Yes,19000,10,5606.818181818182,0.3080664775030401,1,0
Mercedes-Benz,Sprinter 3500XD High Roof,2021,33300,Diesel,188.0HP 3.0L V6 Cylinder Engine Diesel Fuel,7-Speed A/T,White,Black,None reported,Yes,45000,4,6660.0,1.3513513513513513,0,1
Cadillac,XTS Luxury,2014,62950,Gasoline,304.0HP 3.6L V6 Cylinder Engine Gasoline Fuel,6-Speed A/T,Silver,Gray,At least 1 accident or damage reported,Yes,17498,11,5245.833333333333,0.2779666401906275,1,1
Chevrolet,Camaro 2LT,2015,56675,Gasoline,323.0HP 3.6L V6 Cylinder Engine Gasoline Fuel,Transmission w/Dual Shift Mode,Silver,Black,None reported,Yes,19750,10,5152.272727272727,0.34847816497573886,0,0
Porsche,Cayenne S,2013,92000,Gasoline,400.0HP 4.8L 8 Cylinder Engine Gasoline Fuel,8-Speed A/T,Green,Gray,None reported,Yes,23000,12,7076.923076923077,0.25,0,1
Dodge,Magnum R/T,2005,96000,Gasoline,340.0HP 5.7L 8 Cylinder Engine Gasoline Fuel,5-Speed A/T,Gray,Gold,At least 1 accident or damage reported,Yes,12000,20,4571.428571428572,0.125,1,1
INFINITI,Q70 3.7X,2014,33500,Gasoline,330.0HP 3.7L V6 Cylinder Engine Gasoline Fuel,7-Speed A/T,Black,Black,None reported,Yes,23000,11,2791.6666666666665,0.6865671641791045,0,1
Land,Rover Range Rover SV Autobiography Dynamic SWB,2020,16754,Gasoline,557.0HP 5.0L 8 Cylinder Engine Gasoline Fuel,8-Speed A/T,White,White,None reported,Yes,112000,5,2792.3333333333335,6.684970753252954,0,1
Toyota,Camry Hybrid Base,2007,53249,Hybrid,147.0HP 2.4L 4 Cylinder Engine Gas/Electric Hybrid,A/T,Silver,Gray,At least 1 accident or damage reported,Yes,9250,18,2802.5789473684213,0.17371218238840166,1,1
GMC,Acadia SLT-1,2016,119000,Gasoline,281.0HP 3.6L V6 Cylinder Engine Gasoline Fuel,A/T,Gold,Brown,None reported,Yes,12500,9,11900.0,0.10504201680672269,0,1
Lincoln,Corsair Reserve,2021,29336,Gasoline,2.0L I4 16V GDI DOHC Turbo,8-Speed Automatic,Black,Sandstone,None reported,Yes,36999,4,5867.2,1.2612148895554949,0,1
RAM,2500 SLT,2017,86000,Diesel,350.0HP 6.7L Straight 6 Cylinder Engine Diesel Fuel,6-Speed A/T,Gray,Gray,At least 1 accident or damage reported,Yes,41000,8,9555.555555555555,0.47674418604651164,1,1
RAM,3500 Laramie,2014,177000,Diesel,385.0HP 6.7L Straight 6 Cylinder Engine Diesel Fuel,6-Speed A/T,Black,–,At least 1 accident or damage reported,Yes,40500,11,14750.0,0.2288135593220339,1,1
Mercedes-Benz,GL-Class GL 450 4MATIC,2013,93500,Gasoline,362.0HP 4.6L 8 Cylinder Engine Gasoline Fuel,A/T,Black,Black,At least 1 accident or damage reported,Yes,15900,12,7192.307692307692,0.17005347593582887,1,1
BMW,M5 Base,2018,47700,Gasoline,600.0HP 4.4L 8 Cylinder Engine Gasoline Fuel,8-Speed A/T,Red,White,At least 1 accident or damage reported,Yes,54999,7,5962.5,1.1530188679245283,1,1
Ford,Mustang SVT Cobra,2003,97496,Gasoline,390.0HP 4.6L 8 Cylinder Engine Gasoline Fuel,6-Speed M/T,Gray,Gray,None reported,Yes,24500,22,4238.95652173913,0.2512923607122344,0,0
Acura,ILX Premium Package,2022,16120,Gasoline,2.4L I4 16V GDI DOHC,8-Speed Automatic with Auto-Shift,Gray,Ebony,None reported,Yes,26599,3,4030.0,1.6500620347394541,0,1
Buick,Rainier CXL,2005,147589,Gasoline,275.0HP 4.2L Straight 6 Cylinder Engine Gasoline Fuel,A/T,White,Beige,At least 1 accident or damage reported,Yes,2800,20,7028.047619047619,0.01897160357479216,1,1
Cadillac,Escalade Luxury,2013,95570,E85 Flex Fuel,403.0HP 6.2L 8 Cylinder Engine Flex Fuel Capability,A/T,Black,Black,At least 1 accident or damage reported,Yes,22000,12,7351.538461538462,0.23019776080359947,1,1
Mercedes-Benz,S-Class S 560,2018,45791,Gasoline,463.0HP 4.0L 8 Cylinder Engine Gasoline Fuel,9-Speed A/T,Gray,Gray,None reported,Yes,52000,7,5723.875,1.135594330763687,0,1
INFINITI,QX80 Base,2016,60000,Gasoline,400.0HP 5.6L 8 Cylinder Engine Gasoline Fuel,7-Speed A/T,Silver,Beige,At least 1 accident or damage reported,Yes,25950,9,6000.0,0.4325,1,1
Buick,Encore Preferred,2019,50000,Gasoline,138.0HP 1.4L 4 Cylinder Engine Gasoline Fuel,6-Speed A/T,White,Black,None reported,Yes,18795,6,7142.857142857143,0.3759,0,1
Mercedes-Benz,GLS 450 Base 4MATIC,2019,33481,Gasoline,3.0L V6 24V GDI DOHC Twin Turbo,9-Speed Automatic,Black,Almond Beige,None reported,Yes,43999,6,4783.0,1.3141483229294226,0,1
Jeep,Liberty Limited,2010,107000,Gasoline,210.0HP 3.7L V6 Cylinder Engine Gasoline Fuel,A/T,Gray,Gray,None reported,Yes,5900,15,6687.5,0.05514018691588785,0,1
Mercedes-Benz,S-Class S 63 AMG,2011,60000,Gasoline,536.0HP 5.5L 8 Cylinder Engine Gasoline Fuel,Transmission w/Dual Shift Mode,White,Black,At least 1 accident or damage reported,Yes,37000,14,4000.0,0.6166666666666667,1,0
Audi,A8 L 3.0T,2016,55000,Gasoline,333.0HP 3.0L V6 Cylinder Engine Gasoline Fuel,A/T,White,Brown,None reported,Yes,28000,9,5500.0,0.509090909090909,0,1
Mazda,CX-30 2.5 S Select Package,2022,4004,Gasoline,186.0HP 2.5L 4 Cylinder Engine Gasoline Fuel,6-Speed A/T,Black,Black,None reported,Yes,25500,3,1001.0,6.368631368631369,0,1
Bentley,Continental GT Speed,2009,57800,Gasoline,600.0HP 6.0L 12 Cylinder Engine Gasoline Fuel,6-Speed A/T,Blue,Beige,None reported,Yes,59400,16,3400.0,1.027681660899654,0,1
Bentley,Continental GT V8,2022,10972,Gasoline,4.0L V8 32V GDI DOHC Twin Turbo,8-Speed Automatic with Auto-Shift,Red,Black,None reported,Yes,217950,3,2743.0,19.864199781261394,0,1
Bentley,Flying Spur V8,2022,27858,Gasoline,4.0L V8 32V GDI DOHC Twin Turbo,8-Speed Automatic with Auto-Shift,–,–,None reported,Yes,197750,3,6964.5,7.098499533347692,0,1
Porsche,911 Carrera 4S,2018,31678,Gasoline,3.0 Liter,–,Silver,–,None reported,Yes,106798,7,3959.75,3.3713618283982574,0,0
Volkswagen,Golf R 4-Door,2016,47144,Gasoline,292.0HP 2.0L 4 Cylinder Engine Gasoline Fuel,6-Speed M/T,Blue,Black,None reported,Yes,29950,9,4714.4,0.6352876293908026,0,0
Hyundai,Genesis Coupe 3.8 Grand Touring,2011,165454,Gasoline,306.0HP 3.8L V6 Cylinder Engine Gasoline Fuel,6-Speed A/T,Gray,Black,At least 1 accident or damage reported,Yes,4000,14,11030.266666666666,0.024175903876606186,1,1
Ford,F-150 XLT,2018,98000,Gasoline,375.0HP 3.5L V6 Cylinder Engine Gasoline Fuel,10-Speed A/T,White,–,At least 1 accident or damage reported,Yes,25500,7,12250.0,0.2602040816326531,1,1
Hyundai,Tucson Limited,2020,39913,Gasoline,2.4L I4 16V GDI DOHC,6-Speed Automatic,Black Noir Pearl,Beige,None reported,Yes,22749,5,6652.166666666667,0.569964673164132,0,1
Ford,Mustang V6,2013,147191,Gasoline,305.0HP 3.7L V6 Cylinder Engine Gasoline Fuel,6-Speed A/T,Blue,Black,At least 1 accident or damage reported,Yes,12990,12,11322.384615384615,0.08825267849257087,1,1
BMW,435 i,2014,53600,Gasoline,300.0HP 3.0L Straight 6 Cylinder Engine Gasoline Fuel,8-Speed A/T,Silver,Black,None reported,Yes,25980,11,4466.666666666667,0.4847014925373134,0,1
Dodge,Challenger R/T,2010,100100,–,–,Transmission w/Dual Shift Mode,Purple,Black,None reported,Yes,17000,15,6256.25,0.16983016983016982,0,0
Mercedes-Benz,AMG G 63 Base,2020,1750,Gasoline,577.0HP 4.0L 8 Cylinder Engine Gasoline Fuel,9-Speed A/T,Blue,Black,None reported,Yes,199995,5,291.6666666666667,114.28285714285714,0,1
Dodge,Challenger SRT Hellcat,2020,2750,Gasoline,797.0HP 6.2L 8 Cylinder Engine Gasoline Fuel,8-Speed A/T,Orange,Black,None reported,Yes,104500,5,458.3333333333333,38.0,0,1
Porsche,Boxster Base,2013,40800,Gasoline,265.0HP 2.7L Flat 6 Cylinder Engine Gasoline Fuel,7-Speed A/T,Brown,Beige,None reported,Yes,35500,12,3138.4615384615386,0.8700980392156863,0,1
Porsche,Macan Base,2018,36798,Gasoline,2.0L I4 16V GDI DOHC Turbo,7-Speed Automatic with Auto-Shift,Volcano Grey Metallic,Black,At least 1 accident or damage reported,Yes,49500,7,4599.75,1.3451818033588783,1,1
Ford,F-250 XL,2021,77699,Diesel,6.7L V8 32V DDI OHV Turbo Diesel,Automatic,White,Medium Earth Gray,None reported,Yes,49883,4,15539.8,0.6420031145831993,0,1
Ford,Mustang GT,2010,87500,Gasoline,315.0HP 4.6L 8 Cylinder Engine Gasoline Fuel,A/T,Red,Black,At least 1 accident or damage reported,Yes,14900,15,5468.75,0.1702857142857143,1,1
Chevrolet,Suburban LT,2020,93000,Gasoline,355.0HP 5.3L 8 Cylinder Engine Gasoline Fuel,A/T,Black,Black,None reported,Yes,38500,5,15500.0,0.41397849462365593,0,1
Mercedes-Benz,C-Class C 300 4MATIC,2018,41515,Gasoline,2.0L I4 16V GDI DOHC Turbo,9-Speed Automatic,Black,Black,None reported,Yes,28251,7,5189.375,0.680501023726364,0,1
RAM,1500 Classic Warlock,2019,19000,E85 Flex Fuel,3.6L V6 24V MPFI DOHC Flexible Fuel,8-Speed Automatic,Diamond Black,Diesel Gray / Black,At least 1 accident or damage reported,Yes,33242,6,2714.285714285714,1.7495789473684211,1,1
Toyota,Sequoia SR5,2023,1539,Hybrid,3.4L V6 24V PDI DOHC Twin Turbo Hybrid,Automatic,Green,Boulder,At least 1 accident or damage reported,Yes,76373,2,513.0,49.62508122157245,1,1
BMW,M5 Base,2018,31090,Gasoline,600.0HP 4.4L 8 Cylinder Engine Gasoline Fuel,8-Speed A/T,Green,Black,At least 1 accident or damage reported,Yes,68000,7,3886.25,2.1871984560952074,1,1
Mazda,Mazda3 FWD w/Premium Package,2022,21701,Gasoline,2.5L I4 16V,6-Speed Automatic,Soul Red Crystal Metallic,Black,None reported,Yes,25099,3,5425.25,1.1565826459610156,0,1
Nissan,Rogue SL,2016,97726,Gasoline,"2.5L I-4 DOHC, variable valve control, regular unleaded, engine",Variable,Gun Metallic,Charcoal,At least 1 accident or damage reported,Yes,15998,9,9772.6,0.16370259705707796,1,0
Audi,A7 3.0T Prestige,2015,73000,Diesel,240.0HP 3.0L V6 Cylinder Engine Diesel Fuel,8-Speed A/T,White,Gray,None reported,Yes,34000,10,6636.363636363636,0.4657534246575342,0,1
Genesis,G80 3.8,2020,23600,Gasoline,311.0HP 3.8L V6 Cylinder Engine Gasoline Fuel,A/T,Blue,Gray,None reported,Yes,31900,5,3933.3333333333335,1.3516949152542372,0,1
Rolls-Royce,Ghost Base,2016,8755,Gasoline,563.0HP 6.6L 12 Cylinder Engine Gasoline Fuel,A/T,Black,Black,None reported,Yes,166900,9,875.5,19.063392347230153,0,1
BMW,M6 Gran Coupe Base,2019,20500,Gasoline,560.0HP 4.4L 8 Cylinder Engine Gasoline Fuel,Transmission w/Dual Shift Mode,Blue,Black,None reported,Yes,67900,6,2928.5714285714284,3.3121951219512193,0,0
Ford,Mustang V6,2013,57912,Gasoline,305.0HP 3.7L V6 Cylinder Engine Gasoline Fuel,6-Speed M/T,Black,Black,At least 1 accident or damage reported,Yes,18750,12,4454.7692307692305,0.32376709490261085,1,0
BMW,650 i,2009,35000,Gasoline,360.0HP 4.8L 8 Cylinder Engine Gasoline Fuel,A/T,Black,Black,None reported,Yes,18500,16,2058.823529411765,0.5285714285714286,0,1
Nissan,Leaf SV PLUS,2023,7089,Gasoline,214.0HP Electric Motor Electric Fuel System,1-Speed A/T,Black,Black,At least 1 accident or damage reported,Yes,29895,2,2363.0,4.217096910706728,1,1
Lincoln,MKC Reserve,2019,35469,Gasoline,2.3L I4 16V GDI DOHC Turbo,6-Speed Automatic,Black,–,None reported,Yes,30890,6,5067.0,0.8709013504750628,0,1
Kia,Telluride EX,2022,14676,Gasoline,3.8L V6 24V GDI DOHC,8-Speed Automatic,Dark Moss,Gray,None reported,Yes,46787,3,3669.0,3.1879940038157537,0,1
Lincoln,Navigator Reserve,2022,13750,Gasoline,440.0HP 3.5L V6 Cylinder Engine Gasoline Fuel,10-Speed A/T,White,Beige,None reported,Yes,79999,3,3437.5,5.818109090909091,0,1
Mercedes-Benz,S-Class S 550 4MATIC,2015,13300,Gasoline,449.0HP 4.7L 8 Cylinder Engine Gasoline Fuel,A/T,Black,Black,None reported,Yes,62500,10,1209.090909090909,4.6992481203007515,0,1
Chevrolet,Suburban LT,2017,117000,Gasoline,6.0L 8 Cylinder Engine Gasoline Fuel,6-Speed A/T,Blue,Beige,None reported,Yes,27000,8,13000.0,0.23076923076923078,0,1
Audi,A7 55 Premium,2020,27100,Hybrid,335.0HP 3.0L V6 Cylinder Engine Gasoline/Mild Electric Hybrid,A/T,White,Black,None reported,Yes,50000,5,4516.666666666667,1.845018450184502,0,1
Ford,Mustang EcoBoost Premium,2017,89352,Gasoline,310.0HP 2.3L 4 Cylinder Engine Gasoline Fuel,6-Speed A/T,White,Black,At least 1 accident or damage reported,Yes,20989,8,9928.0,0.23490240845196525,1,1
Chevrolet,Cruze LS,2018,100000,Gasoline,153.0HP 1.4L 4 Cylinder Engine Gasoline Fuel,A/T,White,Black,At least 1 accident or damage reported,Yes,8500,7,12500.0,0.085,1,1
Land,Rover Range Rover HSE SWB,2020,16000,Hybrid,395.0HP 3.0L Straight 6 Cylinder Engine Gasoline/Mild Electric Hybrid,A/T,Silver,Black,None reported,Yes,75500,5,2666.6666666666665,4.71875,0,1
Land,Rover Defender S,2023,15200,Gasoline,296.0HP 2.0L 4 Cylinder Engine Gasoline Fuel,A/T,White,Black,None reported,Yes,62999,2,5066.666666666667,4.144671052631579,0,1
BMW,650 i,2012,39960,Gasoline,400.0HP 4.4L 8 Cylinder Engine Gasoline Fuel,6-Speed M/T,White,Brown,None reported,Yes,38995,13,2854.285714285714,0.9758508508508509,0,0
Ford,Mustang Base,2008,119000,Gasoline,210.0HP 4.0L V6 Cylinder Engine Gasoline Fuel,A/T,White,Black,At least 1 accident or damage reported,Yes,13500,17,6611.111111111111,0.1134453781512605,1,1
Kia,K5 GT-Line,2022,10971,Gasoline,1.6L I4 16V GDI DOHC Turbo,8-Speed Automatic,Passion Red,Black,None reported,Yes,29998,3,2742.75,2.7342995169082127,0,1
Mazda,Mazda3 i Touring,2014,118500,Gasoline,155.0HP 2.0L 4 Cylinder Engine Gasoline Fuel,M/T,Silver,Black,At least 1 accident or damage reported,Yes,11500,11,9875.0,0.0970464135021097,1,0
Kia,Stinger GT1,2021,8288,Gasoline,365.0HP 3.3L V6 Cylinder Engine Gasoline Fuel,8-Speed A/T,Black,Black,None reported,Yes,45899,4,1657.6,5.538006756756757,0,1
Chevrolet,Camaro ZL1,2023,2950,Gasoline,650.0HP 6.2L 8 Cylinder Engine Gasoline Fuel,10-Speed A/T,Red,Gray,None reported,Yes,74500,2,983.3333333333334,25.25423728813559,0,1
Mercedes-Benz,AMG G 63 Base,2017,73000,Gasoline,563.0HP 5.5L 8 Cylinder Engine Gasoline Fuel,7-Speed A/T,White,Black,At least 1 accident or damage reported,Yes,78000,8,8111.111111111111,1.0684931506849316,1,1
Ford,Thunderbird Premium,2005,82000,Gasoline,280.0HP 3.9L 8 Cylinder Engine Gasoline Fuel,Transmission w/Dual Shift Mode,Gold,White,None reported,Yes,14900,20,3904.7619047619046,0.18170731707317073,0,0
Audi,e-tron Prestige,2019,7874,Gasoline,Electric,1-Speed Automatic,Typhoon Gray Metallic,Pearl Beige,None reported,Yes,38999,6,1124.857142857143,4.9528829057658115,0,1
GMC,Sierra 1500 SLT,2017,49105,Gasoline,420.0HP 6.2L 8 Cylinder Engine Gasoline Fuel,8-Speed A/T,White,Black,None reported,Yes,39750,8,5456.111111111111,0.8094898686488138,0,1
Kia,Telluride LX,2023,5500,Gasoline,291.0HP 3.8L V6 Cylinder Engine Gasoline Fuel,8-Speed A/T,Silver,Black,None reported,Yes,40000,2,1833.3333333333333,7.2727272727272725,0,1
Chevrolet,Corvette Base,2005,36700,Gasoline,400.0HP 6.0L 8 Cylinder Engine Gasoline Fuel,6-Speed M/T,Blue,Black,None reported,Yes,26000,20,1747.6190476190477,0.7084468664850136,0,0
BMW,650 i,2014,40000,Gasoline,445.0HP 4.4L 8 Cylinder Engine Gasoline Fuel,Transmission w/Dual Shift Mode,White,Beige,None reported,Yes,34000,11,3333.3333333333335,0.85,0,0
Nissan,Rogue SL,2017,78110,Gasoline,170.0HP 2.5L 4 Cylinder Engine Gasoline Fuel,A/T,Silver,Black,None reported,Yes,17500,8,8678.888888888889,0.22404301625912176,0,1
GMC,Acadia Denali,2015,74864,Gasoline,288.0HP 3.6L V6 Cylinder Engine Gasoline Fuel,A/T,Gray,Beige,None reported,Yes,19780,10,6805.818181818182,0.26421243855524684,0,1
Cadillac,Escalade Premium Luxury Platinum,2021,15350,Gasoline,420.0HP 6.2L 8 Cylinder Engine Gasoline Fuel,10-Speed A/T,Black,Black,None reported,Yes,93500,4,3070.0,6.091205211726384,0,1
Nissan,GT-R Premium,2010,46100,Gasoline,485.0HP 3.8L V6 Cylinder Engine Gasoline Fuel,6-Speed A/T,Blue,Black,None reported,Yes,72999,15,2881.25,1.5834924078091106,0,1
Toyota,Highlander XLE,2018,61454,Gasoline,295.0HP 3.5L V6 Cylinder Engine Gasoline Fuel,A/T,Silver,Gray,None reported,Yes,31000,7,7681.75,0.5044423471214241,0,1
BMW,X7 xDrive40i,2020,45241,Gasoline,335.0HP 3.0L Straight 6 Cylinder Engine Gasoline Fuel,A/T,Blue,Brown,None reported,Yes,54500,5,7540.166666666667,1.2046594902853607,0,1
INFINITI,QX60 Base,2018,48000,Gasoline,295.0HP 3.5L V6 Cylinder Engine Gasoline Fuel,CVT Transmission,Black,Black,None reported,Yes,27000,7,6000.0,0.5625,0,0
Lexus,IS 250C Base,2010,68500,Gasoline,204.0HP 2.5L V6 Cylinder Engine Gasoline Fuel,6-Speed M/T,Black,Beige,None reported,Yes,18500,15,4281.25,0.27007299270072993,0,0
GMC,Sierra 1500 Denali,2019,43433,Gasoline,5.3L V8 16V GDI OHV,Automatic,Onyx Black,Walnut,None reported,Yes,51899,6,6204.714285714285,1.1949209126700895,0,1
Chevrolet,SSR Base,2005,122961,Gasoline,6.0L V8 16V MPFI OHV,4-Speed Automatic,Redline Red,Ebony,None reported,Yes,20995,20,5855.285714285715,0.17074519563113508,0,1
Dodge,Challenger R/T,2014,92861,Gasoline,375.0HP 5.7L 8 Cylinder Engine Gasoline Fuel,5-Speed A/T,Gray,Red,None reported,Yes,19750,11,7738.416666666667,0.21268347314803845,0,1
Hyundai,Equus Signature,2016,72000,Gasoline,429.0HP 5.0L 8 Cylinder Engine Gasoline Fuel,8-Speed A/T,White,Beige,None reported,Yes,21400,9,7200.0,0.2972222222222222,0,1
Lamborghini,Aventador SVJ Base,2019,6929,Gasoline,759.0HP 6.5L 12 Cylinder Engine Gasoline Fuel,A/T,Blue,Black,None reported,Yes,649999,6,989.8571428571429,93.80848607302642,0,1
Ford,Mustang GT,2003,83000,Gasoline,260.0HP 4.6L 8 Cylinder Engine Gasoline Fuel,A/T,Gray,Black,None reported,Yes,10500,22,3608.695652173913,0.12650602409638553,0,1
Audi,e-tron Premium,2021,18031,Gasoline,Electric,1-Speed Automatic,Navarra Blue Metallic,Black,None reported,Yes,39599,4,3606.2,2.1961621651600023,0,1
Toyota,Sequoia Limited,2023,8200,Hybrid,437.0HP 3.4L V6 Cylinder Engine Gas/Electric Hybrid,10-Speed A/T,Brown,Black,None reported,Yes,78900,2,2733.3333333333335,9.621951219512194,0,1
Land,Rover Range Rover Sport HST MHEV,2020,19000,Hybrid,395.0HP 3.0L Straight 6 Cylinder Engine Gasoline/Mild Electric Hybrid,Transmission w/Dual Shift Mode,Silver,Black,None reported,Yes,74900,5,3166.6666666666665,3.942105263157895,0,0
Jeep,Grand Cherokee L Limited,2022,12875,Gasoline,3.6L V6 24V MPFI DOHC,8-Speed Automatic,Diamond Black,Global Black,None reported,Yes,42599,3,3218.75,3.3086601941747573,0,1
Maserati,GranTurismo Sport,2015,32000,Gasoline,454.0HP 4.7L 8 Cylinder Engine Gasoline Fuel,A/T,Beige,Brown,None reported,Yes,36000,10,2909.090909090909,1.125,0,1
BMW,M5 Base,2013,61145,Gasoline,560.0HP 4.4L 8 Cylinder Engine Gasoline Fuel,7-Speed A/T,White,Beige,At least 1 accident or damage reported,Yes,37500,12,4703.461538461538,0.6132962629814376,1,1
Mercedes-Benz,C-Class 4MATIC Sedan,2022,9612,Gasoline,"2L I-4 gasoline direct injection, DOHC, variable valve control,","Automatic, 9-Spd 9G-Tronic",–,–,None reported,Yes,43900,3,2403.0,4.567207657095298,0,1
Land,Rover Range Rover Sport First Edition,2023,3534,Hybrid,4.4 Liter,Automatic,Red,Black,None reported,Yes,143998,2,1178.0,40.74646293152235,0,1
Ford,F-150 Lariat,2011,152000,Gasoline,365.0HP 3.5L V6 Cylinder Engine Gasoline Fuel,6-Speed A/T,Brown,Beige,None reported,Yes,14000,14,10133.333333333334,0.09210526315789473,0,1
Audi,A4 2.0T Premium,2012,129567,Gasoline,211.0HP 2.0L 4 Cylinder Engine Gasoline Fuel,A/T,White,Black,None reported,Yes,7000,13,9254.785714285714,0.0540261023254378,0,1
BMW,540 i xDrive,2019,36000,Gasoline,335.0HP 3.0L Straight 6 Cylinder Engine Gasoline Fuel,8-Speed A/T,Gray,Black,At least 1 accident or damage reported,Yes,41995,6,5142.857142857143,1.1665277777777778,1,1
BMW,X6 xDrive35i,2009,92008,Gasoline,300.0HP 3.0L Straight 6 Cylinder Engine Gasoline Fuel,6-Speed A/T,White,Black,None reported,Yes,12500,16,5412.235294117647,0.1358577514998696,0,1
Ford,Mustang Base,1998,63900,Gasoline,150.0HP 3.8L V6 Cylinder Engine Gasoline Fuel,A/T,White,Gray,None reported,Yes,10300,27,2282.1428571428573,0.16118935837245696,0,1
Toyota,Sequoia Limited,2012,150900,Gasoline,381.0HP 5.7L 8 Cylinder Engine Gasoline Fuel,A/T,Black,Gray,None reported,Yes,17500,13,10778.57142857143,0.11597084161696487,0,1
Dodge,Challenger R/T Scat Pack,2019,43000,–,–,6-Speed M/T,Green,Black,None reported,Yes,50000,6,6142.857142857143,1.1627906976744187,0,0
Land,Rover Range Rover 3.0L Supercharged,2018,38020,Gasoline,5.0 Liter,Automatic,White,Espresso,None reported,Yes,63998,7,4752.5,1.6832719621251973,0,1
Audi,Q8 55 Premium Plus,2021,14750,Hybrid,335.0HP 3.0L V6 Cylinder Engine Gasoline/Mild Electric Hybrid,Transmission w/Dual Shift Mode,Silver,Black,None reported,Yes,61059,4,2950.0,4.139593220338983,0,0
Subaru,WRX Base,2015,52500,Gasoline,268.0HP 2.0L 4 Cylinder Engine Gasoline Fuel,6-Speed M/T,Gray,Black,None reported,Yes,23000,10,4772.727272727273,0.4380952380952381,0,0
Chevrolet,Suburban LT,2017,207571,Gasoline,355.0HP 5.3L 8 Cylinder Engine Gasoline Fuel,6-Speed A/T,Black,Black,At least 1 accident or damage reported,Yes,21000,8,23063.444444444445,0.10117020200316999,1,1
INFINITI,QX60 Pure,2020,39000,Gasoline,295.0HP 3.5L V6 Cylinder Engine Gasoline Fuel,A/T,Gray,Gray,None reported,Yes,29900,5,6500.0,0.7666666666666667,0,1
Porsche,Cayman Base,2011,66000,Gasoline,265.0HP 2.9L Flat 6 Cylinder Engine Gasoline Fuel,A/T,Black,Brown,None reported,Yes,28000,14,4400.0,0.42424242424242425,0,1
INFINITI,QX60 Base,2017,93500,Gasoline,295.0HP 3.5L V6 Cylinder Engine Gasoline Fuel,A/T,Black,Black,None reported,Yes,16000,8,10388.888888888889,0.1711229946524064,0,1
BMW,M4 Base,2018,7200,Gasoline,425.0HP 3.0L Straight 6 Cylinder Engine Gasoline Fuel,7-Speed A/T,Black,Black,None reported,Yes,64000,7,900.0,8.88888888888889,0,1
Maserati,MC20 MC20,2022,1220,Gasoline,"Nettuno 3L V-6 port/direct injection, DOHC, variable valve contr","Automatic, 8-Spd Dual-Clutch",–,–,None reported,Yes,238900,3,305.0,195.81967213114754,0,1
Land,Rover Defender SE,2023,8421,Hybrid,395.0HP 3.0L Straight 6 Cylinder Engine Gasoline/Mild Electric Hybrid,A/T,Black,White,None reported,Yes,90000,2,2807.0,10.687566797292483,0,1
BMW,M8 Base,2020,25520,Gasoline,4.4L V8 32V GDI DOHC Twin Turbo,8-Speed Automatic,Brands Hatch Gray Metallic,Black,None reported,Yes,84900,5,4253.333333333333,3.3268025078369905,0,1
Tesla,Model Y Performance,2020,30554,Gasoline,Electric,1-Speed Automatic,Blue,Black,None reported,Yes,41999,5,5092.333333333333,1.3745827060286706,0,1
Volvo,C40 Recharge Pure Electric Twin Ultimate,2023,17000,Gasoline,402.0HP Electric Motor Electric Fuel System,A/T,Gray,Blue,None reported,Yes,54900,2,5666.666666666667,3.2294117647058824,0,1
Mercedes-Benz,SL-Class SL 550,2011,41314,Gasoline,382.0HP 5.5L 8 Cylinder Engine Gasoline Fuel,Transmission w/Dual Shift Mode,Red,White,At least 1 accident or damage reported,Yes,30999,14,2754.266666666667,0.7503267657452679,1,0
Land,Rover Range Rover P525 HSE SWB,2020,49899,Gasoline,518.0HP 5.0L 8 Cylinder Engine Gasoline Fuel,Transmission w/Dual Shift Mode,White,Black,At least 1 accident or damage reported,Yes,64500,5,8316.5,1.292611074370228,1,0
Ford,Escape XLT,2012,186268,E85 Flex Fuel,240.0HP 3.0L V6 Cylinder Engine Flex Fuel Capability,6-Speed A/T,Blue,Black,None reported,Yes,4500,13,13304.857142857143,0.024158739021195266,0,1
Lexus,ES 350 Base,2016,51335,Gasoline,268.0HP 3.5L V6 Cylinder Engine Gasoline Fuel,6-Speed A/T,Silver,Black,At least 1 accident or damage reported,Yes,25995,9,5133.5,0.5063796629979546,1,1
Porsche,718 Boxster GTS,2019,10400,Gasoline,365.0HP 2.5L 4 Cylinder Engine Gasoline Fuel,A/T,Gray,Black,None reported,Yes,99750,6,1485.7142857142858,9.591346153846153,0,1
Mercedes-Benz,G-Class G 550,2020,20622,Gasoline,4.0 Liter Twin Turbo,Automatic,designo Diamond White Metallic,Black,None reported,Yes,142998,5,3437.0,6.934244981088158,0,1
RAM,1500 Big Horn,2022,19376,Gasoline,5.7L V8 16V MPFI OHV,Automatic,Bright White Clearcoat,Black,None reported,Yes,45861,3,4844.0,2.366897192402973,0,1
Audi,R8 5.2 V10 performance,2020,12245,Gasoline,5.2L V10 40V PDI DOHC,7-Speed Automatic with Auto-Shift,Daytona Gray Pearl Effect w/ Black Roof,Black / Express Red,None reported,Yes,187900,5,2040.8333333333333,15.345038791343406,0,1
Mitsubishi,Lancer Evolution IX,2006,77000,Gasoline,286.0HP 2.0L 4 Cylinder Engine Gasoline Fuel,5-Speed M/T,Silver,Black,None reported,Yes,57000,19,3850.0,0.7402597402597403,0,0
Acura,TL Technology,2013,40000,Gasoline,280.0HP 3.5L V6 Cylinder Engine Gasoline Fuel,6-Speed A/T,Blue,Gray,None reported,Yes,24000,12,3076.923076923077,0.6,0,1
Cadillac,CTS Luxury,2012,113000,Gasoline,270.0HP 3.0L V6 Cylinder Engine Gasoline Fuel,6-Speed A/T,White,Beige,None reported,Yes,10000,13,8071.428571428572,0.08849557522123894,0,1
Chevrolet,Camaro 1SS,2022,7600,Gasoline,455.0HP 6.2L 8 Cylinder Engine Gasoline Fuel,6-Speed M/T,Gray,Black,At least 1 accident or damage reported,Yes,46000,3,1900.0,6.052631578947368,1,0
Toyota,Camry Hybrid LE,2022,20400,Hybrid,208.0HP 2.5L 4 Cylinder Engine Gas/Electric Hybrid,CVT Transmission,White,Gray,None reported,Yes,29900,3,5100.0,1.4656862745098038,0,0
Ford,Transit-350 XLT,2019,115000,Gasoline,310.0HP 3.5L V6 Cylinder Engine Gasoline Fuel,A/T,White,Gray,None reported,Yes,39000,6,16428.571428571428,0.3391304347826087,0,1
Lexus,RX 450h Base,2012,239000,Hybrid,295.0HP 3.5L V6 Cylinder Engine Gas/Electric Hybrid,A/T,Black,Black,None reported,Yes,7000,13,17071.428571428572,0.029288702928870293,0,1
Jaguar,F-TYPE V6 S,2014,62194,Gasoline,3.0 Liter SC ULEV,Automatic,Black,Black,None reported,Yes,32998,11,5182.833333333333,0.5305656494195582,0,1
Jeep,Wrangler Sahara,2020,22138,Gasoline,3.6 Liter,Automatic,Black,Black,None reported,Yes,38598,5,3689.6666666666665,1.743517932965941,0,1
Porsche,718 Boxster S,2017,48900,Gasoline,350.0HP 2.5L 4 Cylinder Engine Gasoline Fuel,Transmission w/Dual Shift Mode,Blue,Black,None reported,Yes,62500,8,5433.333333333333,1.278118609406953,0,0
Audi,R8 5.2,2014,21800,Gasoline,525.0HP 5.2L 10 Cylinder Engine Gasoline Fuel,Transmission w/Dual Shift Mode,White,Black,None reported,Yes,117000,11,1816.6666666666667,5.36697247706422,0,0
Lincoln,MKZ Base,2016,68200,Gasoline,300.0HP 3.7L V6 Cylinder Engine Gasoline Fuel,6-Speed A/T,Silver,Black,At least 1 accident or damage reported,Yes,16750,9,6820.0,0.24560117302052786,1,1
Chevrolet,S-10 LS Crew Cab,2001,139000,Gasoline,190.0HP 4.3L V6 Cylinder Engine Gasoline Fuel,A/T,Red,Gray,None reported,Yes,7000,24,5560.0,0.050359712230215826,0,1
Mercedes-Benz,G-Class G 550 4MATIC,2021,76100,Gasoline,416.0HP 4.0L 8 Cylinder Engine Gasoline Fuel,A/T,Black,Black,None reported,Yes,130000,4,15220.0,1.7082785808147174,0,1
Lexus,RX 350 RX 350 F SPORT Handling,2022,14330,Gasoline,3.5 Liter DOHC,Automatic,Black,Red,None reported,Yes,54998,3,3582.5,3.8379623168178645,0,1
BMW,750 i xDrive,2019,41906,Gasoline,445.0HP 4.4L 8 Cylinder Engine Gasoline Fuel,8-Speed A/T,Blue,White,At least 1 accident or damage reported,Yes,45999,6,5986.571428571428,1.0976709779029257,1,1
Chevrolet,Camaro 2SS,2016,164000,Gasoline,455.0HP 6.2L 8 Cylinder Engine Gasoline Fuel,8-Speed A/T,Black,Red,None reported,Yes,21500,9,16400.0,0.13109756097560976,0,1
Ford,Fusion Hybrid SE,2013,161933,Hybrid,2.0L I4 16V MPFI DOHC Hybrid,Automatic CVT,Blue,Charcoal Black,None reported,Yes,7945,12,12456.384615384615,0.04906350157163765,0,1
Hyundai,Santa Cruz 2.5T Limited,2022,22829,Gasoline,2.5L I4 16V PDI DOHC Turbo,Automatic,Hampton Gray,Black,None reported,Yes,34580,3,5707.25,1.5147400236541242,0,1
Lexus,RX 350 F Sport,2023,5483,Gasoline,2.4L I4 16V PDI DOHC Turbo,8-Speed Automatic,Ultra White,Black,None reported,Yes,59950,2,1827.6666666666667,10.933795367499544,0,1
Land,Rover Range Rover Evoque S,2020,46891,Gasoline,246.0HP 2.0L 4 Cylinder Engine Gasoline Fuel,9-Speed A/T,Gray,Black,At least 1 accident or damage reported,Yes,31000,5,7815.166666666667,0.6611076752468491,1,1
Chevrolet,Suburban LT,2019,72000,Gasoline,355.0HP 5.3L 8 Cylinder Engine Gasoline Fuel,A/T,Blue,Beige,At least 1 accident or damage reported,Yes,39000,6,10285.714285714286,0.5416666666666666,1,1
Porsche,718 Spyder Base,2020,3400,Gasoline,414.0HP 4.0L Flat 6 Cylinder Engine Gasoline Fuel,6-Speed M/T,White,Black,None reported,Yes,129900,5,566.6666666666666,38.205882352941174,0,0
Chevrolet,Camaro 1LT,2021,18000,Gasoline,335.0HP 3.6L V6 Cylinder Engine Gasoline Fuel,10-Speed A/T,White,Black,At least 1 accident or damage reported,Yes,30000,4,3600.0,1.6666666666666667,1,1
Jeep,Gladiator Freedom,2021,30630,Gasoline,3.6 Liter,Automatic,Hydro Blue Pearlcoat,Black,None reported,Yes,39998,4,6126.0,1.3058439438459026,0,1
Toyota,Tacoma Double Cab,2007,24985,Gasoline,236.0HP 4.0L V6 Cylinder Engine Gasoline Fuel,5-Speed A/T,Silver,Silver,None reported,Yes,33580,18,1315.0,1.3440064038423054,0,1
GMC,Yukon Denali Ultimate,2023,9978,Gasoline,420.0HP 6.2L 8 Cylinder Engine Gasoline Fuel,10-Speed A/T,White,Gold,None reported,Yes,93999,2,3326.0,9.42062537582682,0,1
Ford,Shelby GT350R Base,2018,18500,Gasoline,526.0HP 5.2L 8 Cylinder Engine Gasoline Fuel,M/T,Blue,Black,At least 1 accident or damage reported,Yes,77999,7,2312.5,4.2161621621621626,1,0
Cadillac,Escalade Premium Luxury Platinum,2021,72843,Gasoline,6.2L V8 16V GDI OHV,10-Speed Automatic,Sandstone Metallic,Dark Auburn,None reported,Yes,79990,4,14568.6,1.0981151243084442,0,1
Buick,LaCrosse Base,2017,67500,Gasoline,310.0HP 3.6L V6 Cylinder Engine Gasoline Fuel,8-Speed A/T,Black,Beige,None reported,Yes,20000,8,7500.0,0.2962962962962963,0,1
Tesla,Model X Long Range Plus,2020,43534,Gasoline,534.0HP Electric Motor Electric Fuel System,1-Speed A/T,Black,Black,None reported,Yes,65990,5,7255.666666666667,1.515826710157578,0,1
Mercedes-Benz,E-Class E 300 4MATIC,2017,36900,Gasoline,241.0HP 2.0L 4 Cylinder Engine Gasoline Fuel,9-Speed A/T,Gray,Beige,None reported,Yes,28500,8,4100.0,0.7723577235772358,0,1
Chevrolet,Tahoe LT,2017,61720,E85 Flex Fuel,5.3 Liter,Automatic,Silver,Jet Black,At least 1 accident or damage reported,Yes,39998,8,6857.777777777777,0.6480557355800389,1,1
Kia,Telluride EX,2022,35938,Gasoline,3.8L V6 24V GDI DOHC,8-Speed Automatic,Glacial White Pearl,Black,None reported,Yes,43329,3,8984.5,1.2056597473426456,0,1
Toyota,Tundra Hybrid Limited,2023,10748,Hybrid,3.4L V6 24V PDI DOHC Twin Turbo Hybrid,Automatic,Midnight Black Metallic,Black,None reported,Yes,63100,2,3582.6666666666665,5.870859694826945,0,1
Audi,S8 4.0T quattro,2023,4457,Gasoline,4.0L V8 32V GDI DOHC Twin Turbo,Automatic,Mythos Black Metallic,Black,None reported,Yes,107900,2,1485.6666666666667,24.20910926632264,0,1
Nissan,Armada Platinum,2018,108206,Gasoline,5.6 Liter,Automatic,White,Charcoal,At least 1 accident or damage reported,Yes,26498,7,13525.75,0.24488475685266992,1,1
Land,Rover Discovery HSE,2020,32705,Diesel,3.0 Liter,Automatic,Portofino Blue Metallic,Tan/Ebony/Ebony,None reported,Yes,46598,5,5450.833333333333,1.4247974315853844,0,1
Kia,Telluride S,2020,74026,Gasoline,3.8L V6 24V GDI DOHC,8-Speed Automatic,Sangria Red,Black,None reported,Yes,32913,5,12337.666666666666,0.44461405452138436,0,1
Lexus,GS 350 F Sport,2020,24651,Gasoline,3.5L V6 24V PDI DOHC,6-Speed Automatic,Ultra White,Black,None reported,Yes,45950,5,4108.5,1.8640217435398159,0,1
BMW,X6 xDrive40i,2022,13000,Hybrid,335.0HP 3.0L Straight 6 Cylinder Engine Gasoline/Mild Electric Hybrid,Transmission w/Dual Shift Mode,Gray,Orange,None reported,Yes,69000,3,3250.0,5.3076923076923075,0,0
Land,Rover Range Rover P400 SE SWB,2023,11700,Hybrid,395.0HP 3.0L Straight 6 Cylinder Engine Gasoline/Mild Electric Hybrid,Transmission w/Dual Shift Mode,Gray,White,None reported,Yes,133500,2,3900.0,11.41025641025641,0,0
Chevrolet,Silverado 3500 High Country,2015,77500,Diesel,397.0HP 6.6L 8 Cylinder Engine Diesel Fuel,6-Speed A/T,Black,Brown,None reported,Yes,54000,10,7045.454545454545,0.6967741935483871,0,1
Maserati,Quattroporte Sport GT,2007,82000,Gasoline,394.0HP 4.2L 8 Cylinder Engine Gasoline Fuel,Transmission w/Dual Shift Mode,Black,Black,At least 1 accident or damage reported,Yes,7999,18,4315.789473684211,0.09754878048780488,1,0
Dodge,Viper GTC,2017,1389,Gasoline,645.0HP 8.4L 10 Cylinder Engine Gasoline Fuel,M/T,Black,Black,None reported,Yes,489995,8,154.33333333333334,352.76817854571635,0,0
Ford,Expedition Limited,2021,29830,Gasoline,3.5L V6 24V PDI DOHC Twin Turbo,10-Speed Automatic,Magnetic Metallic,Ebony,None reported,Yes,55329,4,5966.0,1.8548105933623869,0,1
Mazda,Mazda6 i Grand Touring,2016,83100,–,–,A/T,White,White,None reported,Yes,17800,9,8310.0,0.21419975932611313,0,1
Kia,Optima LX,2019,62660,Gasoline,185.0HP 2.4L 4 Cylinder Engine Gasoline Fuel,A/T,White,Black,None reported,Yes,16500,6,8951.42857142857,0.26332588573252474,0,1
Land,Rover Range Rover Sport SVR,2018,56006,Gasoline,575.0HP 5.0L 8 Cylinder Engine Gasoline Fuel,Transmission w/Dual Shift Mode,Silver,White,None reported,Yes,59000,7,7000.75,1.0534585580116416,0,0
Lexus,RX 450h F SPORT Handling,2021,31365,Hybrid,3.5 Liter DOHC,Variable,Beige,Red,None reported,Yes,52998,4,6273.0,1.6897178383548541,0,0
Lincoln,Town Car Base,2004,27600,Gasoline,239.0HP 4.6L 8 Cylinder Engine Gasoline Fuel,4-Speed A/T,Black,White,None reported,Yes,14900,21,1254.5454545454545,0.5398550724637681,0,1
Honda,Civic Si,2012,47245,Gasoline,201.0HP 2.4L 4 Cylinder Engine Gasoline Fuel,6-Speed M/T,White,Black,None reported,Yes,19600,13,3374.6428571428573,0.41485871520795853,0,0
Lexus,RX 450h Base,2017,73948,Hybrid,308.0HP 3.5L V6 Cylinder Engine Gas/Electric Hybrid,A/T,White,Beige,None reported,Yes,31990,8,8216.444444444445,0.43260128739113973,0,1
RAM,1500 Classic Warlock,2019,36757,E85 Flex Fuel,3.6L V6 24V MPFI DOHC Flexible Fuel,8-Speed Automatic,Diamond Black,Diesel Gray / Black,None reported,Yes,31953,6,5251.0,0.8693038060777539,0,1
Tesla,Model Y Long Range,2023,4786,Gasoline,425.0HP Electric Motor Electric Fuel System,A/T,White,White,None reported,Yes,48000,2,1595.3333333333333,10.029251984956122,0,1
Audi,RS 3 2.5T,2023,1900,Gasoline,401.0HP 2.5L 5 Cylinder Engine Gasoline Fuel,Transmission w/Dual Shift Mode,Gray,Black,None reported,Yes,78900,2,633.3333333333334,41.526315789473685,0,0
Hyundai,Genesis Coupe 3.8 R-Spec,2014,52060,Gasoline,348.0HP 3.8L V6 Cylinder Engine Gasoline Fuel,6-Speed M/T,Black,Black,At least 1 accident or damage reported,Yes,15000,11,4338.333333333333,0.28812908182865926,1,0
Porsche,Boxster RS 60 Spyder,2008,58000,Gasoline,303.0HP 3.4L Flat 6 Cylinder Engine Gasoline Fuel,6-Speed M/T,Silver,Black,None reported,Yes,41500,17,3222.222222222222,0.7155172413793104,0,0
Ford,F-250 XLT,2010,52246,Diesel,6.4L V8 32V DDI OHV Twin Turbo Diesel,6-Speed Manual,Tan,Medium Stone,None reported,Yes,26095,15,3265.375,0.4994640738046932,0,0
Kia,Sorento EX,2016,64290,Gasoline,2.0L I4 16V GDI DOHC Turbo,6-Speed Automatic,Snow White Pearl,Satin Black,None reported,Yes,16999,9,6429.0,0.26441126147145744,0,1
Nissan,370Z Touring,2009,37500,Gasoline,332.0HP 3.7L V6 Cylinder Engine Gasoline Fuel,6-Speed M/T,Silver,Orange,None reported,Yes,21500,16,2205.8823529411766,0.5733333333333334,0,0
Genesis,G70 2.0T,2023,2121,Gasoline,252.0HP 2.0L 4 Cylinder Engine Gasoline Fuel,8-Speed A/T,White,Red,None reported,Yes,40750,2,707.0,19.212635549269212,0,1
Land,Rover Range Rover Sport Supercharged,2013,57000,Gasoline,510.0HP 5.0L 8 Cylinder Engine Gasoline Fuel,Transmission w/Dual Shift Mode,White,Beige,None reported,Yes,26000,12,4384.615384615385,0.45614035087719296,0,0
Mercedes-Benz,S-Class S 560 4MATIC,2020,22000,Gasoline,463.0HP 4.0L 8 Cylinder Engine Gasoline Fuel,A/T,White,Beige,None reported,Yes,69500,5,3666.6666666666665,3.159090909090909,0,1
Ford,Bronco Wildtrak Advanced,2023,2000,Gasoline,315.0HP 2.7L V6 Cylinder Engine Gasoline Fuel,A/T,Black,Black,None reported,Yes,66500,2,666.6666666666666,33.25,0,1
RAM,1500 SLT,2018,61802,E85 Flex Fuel,305.0HP 3.6L V6 Cylinder Engine Flex Fuel Capability,8-Speed A/T,Black,Gray,None reported,Yes,32000,7,7725.25,0.5177825960324909,0,1
Dodge,Challenger R/T,2010,73000,–,–,A/T,Black,Black,None reported,Yes,17500,15,4562.5,0.23972602739726026,0,1
Chevrolet,Sonic LT,2013,110000,–,–,A/T,Gray,Black,None reported,Yes,7500,12,8461.538461538461,0.06818181818181818,0,1
Jeep,Grand Cherokee Laredo,2013,106700,E85 Flex Fuel,290.0HP 3.6L V6 Cylinder Engine Flex Fuel Capability,6-Speed A/T,Black,Black,None reported,Yes,13500,12,8207.692307692309,0.12652296157450796,0,1
Audi,RS 5 4.2,2013,75965,Gasoline,450.0HP 4.2L 8 Cylinder Engine Gasoline Fuel,7-Speed A/T,White,Black,At least 1 accident or damage reported,Yes,35999,12,5843.461538461538,0.47388929112091094,1,1
Jeep,Grand Cherokee L Overland,2022,31804,Gasoline,3.6L V6 24V MPFI DOHC,Automatic,Silver Zynith,Global Black,At least 1 accident or damage reported,Yes,48995,3,7951.0,1.5405294931455162,1,1
Mazda,MX-5 Miata Base,1992,125800,–,–,5-Speed M/T,Red,Black,None reported,Yes,11500,33,3700.0,0.09141494435612083,0,0
Chrysler,Crossfire Limited,2005,116320,Gasoline,215.0HP 3.2L V6 Cylinder Engine Gasoline Fuel,5-Speed A/T,Gray,Red,At least 1 accident or damage reported,Yes,6000,20,5539.047619047619,0.0515818431911967,1,1
Audi,S5 4.2 Premium Plus,2011,156875,Gasoline,354.0HP 4.2L 8 Cylinder Engine Gasoline Fuel,6-Speed M/T,Black,Red,At least 1 accident or damage reported,Yes,9900,14,10458.333333333334,0.06310756972111554,1,0
Tesla,Model X Base,2023,197,Gasoline,670.0HP Electric Motor Electric Fuel System,A/T,Blue,Black,None reported,Yes,85000,2,65.66666666666667,431.4720812182741,0,1
Cadillac,CT4 Luxury,2020,35200,Gasoline,237.0HP 2.0L 4 Cylinder Engine Gasoline Fuel,8-Speed A/T,Blue,Black,None reported,Yes,28500,5,5866.666666666667,0.8096590909090909,0,1
Maserati,Ghibli S Q4,2014,76000,Gasoline,404.0HP 3.0L V6 Cylinder Engine Gasoline Fuel,A/T,Black,Black,None reported,Yes,19000,11,6333.333333333333,0.25,0,1
Jaguar,F-PACE 25t Premium,2019,29000,Gasoline,247.0HP 2.0L 4 Cylinder Engine Gasoline Fuel,A/T,White,Black,None reported,Yes,34500,6,4142.857142857143,1.1896551724137931,0,1
BMW,750 i xDrive,2019,33499,Gasoline,445.0HP 4.4L 8 Cylinder Engine Gasoline Fuel,A/T,Gray,Black,At least 1 accident or damage reported,Yes,44495,6,4785.571428571428,1.3282486044359534,1,1
Acura,TLX V6 Advance,2019,25779,Gasoline,3.5L V6 24V GDI SOHC,9-Speed Automatic,Platinum White Pearl,Ebony,At least 1 accident or damage reported,Yes,30999,6,3682.714285714286,1.2024903991621088,1,1
GMC,Terrain SLT-1,2015,76296,Gasoline,182.0HP 2.4L 4 Cylinder Engine Gasoline Fuel,6-Speed A/T,Gray,Black,At least 1 accident or damage reported,Yes,9500,10,6936.0,0.12451504666037538,1,1
BMW,i3 Base w/Range Extender,2014,29553,Gasoline,170.0HP 0.65L Electric Motor Electric Fuel System,1-Speed A/T,Black,Gray,None reported,Yes,12800,11,2462.75,0.43312015700605694,0,1
Nissan,Versa 1.8 S,2011,109902,Gasoline,122.0HP 1.8L 4 Cylinder Engine Gasoline Fuel,A/T,Blue,Gray,None reported,Yes,4500,14,7326.8,0.04094556968935961,0,1
Mercedes-Benz,C-Class C 300 4MATIC,2019,23083,Gasoline,255.0HP 2.0L 4 Cylinder Engine Gasoline Fuel,9-Speed A/T,White,Beige,None reported,Yes,33500,6,3297.5714285714284,1.4512844950829615,0,1
Toyota,Matrix XRS,2003,143600,Gasoline,180.0HP 1.8L 4 Cylinder Engine Gasoline Fuel,6-Speed M/T,Black,Black,None reported,Yes,4199,22,6243.478260869565,0.029240947075208915,0,0
RAM,1500 Limited,2021,22000,Gasoline,395.0HP 5.7L 8 Cylinder Engine Gasoline Fuel,8-Speed A/T,Black,Black,None reported,Yes,54800,4,4400.0,2.4909090909090907,0,1
Mercedes-Benz,AMG E 53 Base 4MATIC,2022,13000,Hybrid,429.0HP 3.0L Straight 6 Cylinder Engine Gasoline/Mild Electric Hybrid,9-Speed A/T,Silver,Black,None reported,Yes,81500,3,3250.0,6.269230769230769,0,1
Audi,A5 2.0T Premium,2018,53000,Gasoline,252.0HP 2.0L 4 Cylinder Engine Gasoline Fuel,A/T,White,Brown,At least 1 accident or damage reported,Yes,28000,7,6625.0,0.5283018867924528,1,1
Lincoln,Navigator Reserve,2019,44741,Gasoline,450.0HP 3.5L V6 Cylinder Engine Gasoline Fuel,10-Speed A/T,Beige,Beige,None reported,Yes,52999,6,6391.571428571428,1.184573433763215,0,1
Audi,A6 3.2 quattro,2008,202000,Gasoline,255.0HP 3.2L V6 Cylinder Engine Gasoline Fuel,A/T,Blue,Gray,At least 1 accident or damage reported,Yes,5700,17,11222.222222222223,0.02821782178217822,1,1
Chevrolet,Silverado 1500 LT Crew Cab,2006,215000,Gasoline,345.0HP 6.0L 8 Cylinder Engine Gasoline Fuel,A/T,Black,Black,At least 1 accident or damage reported,Yes,6995,19,10750.0,0.03253488372093023,1,1
Mercedes-Benz,S-Class S 560,2019,77138,Gasoline,4.0 Liter,Automatic,designo Diamond White,Black,None reported,Yes,49998,6,11019.714285714286,0.6481630324872307,0,1
Volvo,XC90 T6 Momentum,2018,90641,Gasoline,2.0L I4 16V GDI DOHC,8-Speed Automatic,White,Amber,None reported,Yes,25999,7,11330.125,0.2868348760494699,0,1
Toyota,Camry SE,2011,177702,Gasoline,179.0HP 2.5L 4 Cylinder Engine Gasoline Fuel,A/T,Gray,Gray,At least 1 accident or damage reported,Yes,7700,14,11846.8,0.043330969825888285,1,1
Mercedes-Benz,Metris Base,2018,58350,Gasoline,208.0HP 2.0L 4 Cylinder Engine Gasoline Fuel,7-Speed A/T,Black,Black,None reported,Yes,29497,7,7293.75,0.5055184233076264,0,1
Chevrolet,Camaro 2LT,2010,86170,Gasoline,304.0HP 3.6L V6 Cylinder Engine Gasoline Fuel,6-Speed A/T,Black,Black,At least 1 accident or damage reported,Yes,17000,15,5385.625,0.19728443773935245,1,1
Mazda,MX-5 Miata Grand Touring,2012,36568,Gasoline,167.0HP 2.0L 4 Cylinder Engine Gasoline Fuel,6-Speed M/T,Blue,Beige,At least 1 accident or damage reported,Yes,20199,13,2612.0,0.5523681907678845,1,0
Ford,Escape SE,2015,54357,Gasoline,173.0HP 1.6L 4 Cylinder Engine Gasoline Fuel,6-Speed A/T,White,Gray,None reported,Yes,16250,10,4941.545454545455,0.2989495373181007,0,1
Mercedes-Benz,S-Class S 63 AMG,2015,20394,Gasoline,5.5 Liter,Automatic,Black,Black,At least 1 accident or damage reported,Yes,59598,10,1854.0,2.9223300970873787,1,1
Kia,Niro EX,2023,7578,Hybrid,1.6L I4 16V GDI DOHC Hybrid,Automatic,Snow White Pearl,Charcoal,None reported,Yes,31113,2,2526.0,4.105700712589074,0,1
Porsche,Boxster Base,2010,64800,Gasoline,255.0HP 2.9L Flat 6 Cylinder Engine Gasoline Fuel,6-Speed M/T,Gray,Gray,At least 1 accident or damage reported,Yes,20900,15,4050.0,0.32253086419753085,1,0
Toyota,4Runner Trail,2016,117780,Gasoline,270.0HP 4.0L V6 Cylinder Engine Gasoline Fuel,5-Speed A/T,Gray,Black,None reported,Yes,27750,9,11778.0,0.23560876209882833,0,1
Hyundai,Kona EV SEL,2019,33100,Gasoline,201.0HP Electric Motor Electric Fuel System,1-Speed A/T,Black,Black,None reported,Yes,18200,6,4728.571428571428,0.5498489425981873,0,1
Land,Rover Range Rover Evoque SE,2016,86202,Gasoline,240.0HP 2.0L 4 Cylinder Engine Gasoline Fuel,9-Speed A/T,Black,Black,None reported,Yes,18750,9,8620.2,0.21751235470174707,0,1
Ford,E350 Super Duty XLT,2012,163000,E85 Flex Fuel,255.0HP 5.4L 8 Cylinder Engine Flex Fuel Capability,A/T,White,Gray,None reported,Yes,19550,13,11642.857142857143,0.11993865030674847,0,1
Mercedes-Benz,SL-Class SL500 Roadster,2004,35400,Gasoline,302.0HP 5.0L 8 Cylinder Engine Gasoline Fuel,7-Speed A/T,Black,Gray,None reported,Yes,24900,21,1609.090909090909,0.7033898305084746,0,1
Jeep,Compass Trailhawk,2018,31000,Gasoline,180.0HP 2.4L 4 Cylinder Engine Gasoline Fuel,9-Speed A/T,Gray,Black,None reported,Yes,22000,7,3875.0,0.7096774193548387,0,1
Mercedes-Benz,S-Class S 560 4MATIC,2018,103069,Gasoline,4.0 Liter,Automatic,Anthracite Blue Metallic,Silk Beige/Espresso Brown,None reported,Yes,40998,7,12883.625,0.3977723660848558,0,1
Mercedes-Benz,G-Class G 550 4MATIC,2021,22480,Gasoline,416.0HP 4.0L 8 Cylinder Engine Gasoline Fuel,A/T,White,Brown,None reported,Yes,135800,4,4496.0,6.040925266903915,0,1
Tesla,Model X P90D,2016,91000,Gasoline,691.0HP Electric Motor Electric Fuel System,A/T,Silver,White,None reported,Yes,39500,9,9100.0,0.4340659340659341,0,1
Lexus,IS-F Base,2010,41500,Gasoline,416.0HP 5.0L 8 Cylinder Engine Gasoline Fuel,8-Speed A/T,Blue,Black,At least 1 accident or damage reported,Yes,44800,15,2593.75,1.0795180722891566,1,1
BMW,335 i,2010,91545,Gasoline,300.0HP 3.0L Straight 6 Cylinder Engine Gasoline Fuel,6-Speed A/T,Black,Black,None reported,Yes,13000,15,5721.5625,0.1420066633895898,0,1
Audi,RS 7 4.0T,2022,4100,Hybrid,591.0HP 4.0L 8 Cylinder Engine Gasoline/Mild Electric Hybrid,8-Speed A/T,Blue,Black,None reported,Yes,162500,3,1025.0,39.63414634146341,0,1
Buick,Lucerne CXL,2006,110000,Gasoline,275.0HP 4.6L 8 Cylinder Engine Gasoline Fuel,A/T,Gold,Beige,None reported,Yes,5000,19,5500.0,0.045454545454545456,0,1
Lincoln,MKX Reserve,2016,88000,Gasoline,335.0HP 2.7L V6 Cylinder Engine Gasoline Fuel,Transmission w/Dual Shift Mode,Black,Black,None reported,Yes,18500,9,8800.0,0.21022727272727273,0,0
Nissan,Armada Platinum,2018,42833,Gasoline,390.0HP 5.6L 8 Cylinder Engine Gasoline Fuel,Transmission w/Dual Shift Mode,Blue,Gray,None reported,Yes,37000,7,5354.125,0.8638199519062405,0,0
Porsche,911 Carrera,2020,23278,Gasoline,3.0 Liter,Automatic,Blue,–,None reported,Yes,114998,5,3879.6666666666665,4.940201048200017,0,1
Mercedes-Benz,E-Class 400E,1993,106983,–,–,4-Speed A/T,White,Gray,None reported,Yes,15300,32,3241.909090909091,0.14301337595692773,0,1
BMW,435 Gran Coupe i,2015,60100,Gasoline,300.0HP 3.0L Straight 6 Cylinder Engine Gasoline Fuel,8-Speed A/T,Blue,Beige,None reported,Yes,24995,10,5463.636363636364,0.4158901830282862,0,1
Jeep,Wagoneer Series III,2022,17381,Gasoline,5.7L V8 16V MPFI OHV,8-Speed Automatic,Velvet Red Pearlcoat,Global Black,None reported,Yes,69685,3,4345.25,4.00926298832058,0,1
Cadillac,ATS 2.5L,2013,63172,Gasoline,202.0HP 2.5L 4 Cylinder Engine Gasoline Fuel,A/T,Black,Black,At least 1 accident or damage reported,Yes,12995,12,4859.384615384615,0.20570822516304693,1,1
Ford,Transit Connect XLT,2010,72000,Gasoline,136.0HP 2.0L 4 Cylinder Engine Gasoline Fuel,A/T,White,Gray,At least 1 accident or damage reported,Yes,10900,15,4500.0,0.15138888888888888,1,1
Kia,EV6 GT-Line,2022,4820,Gasoline,320.0HP Electric Motor Electric Fuel System,1-Speed A/T,Red,Black,None reported,Yes,47500,3,1205.0,9.854771784232366,0,1
Audi,S5 3.0T Premium Plus,2014,67900,Gasoline,333.0HP 3.0L V6 Cylinder Engine Gasoline Fuel,6-Speed M/T,Silver,Black,None reported,Yes,25990,11,5658.333333333333,0.3827687776141384,0,0
Toyota,Tundra SR,2018,51000,Gasoline,381.0HP 5.7L 8 Cylinder Engine Gasoline Fuel,A/T,Black,Gray,None reported,Yes,38000,7,6375.0,0.7450980392156863,0,1
Jeep,Wrangler Unlimited Freedom Edition,2013,54500,Gasoline,285.0HP 3.6L V6 Cylinder Engine Gasoline Fuel,A/T,Green,Black,None reported,Yes,35000,12,4192.307692307692,0.6422018348623854,0,1
Maserati,Quattroporte Base,2006,61840,Gasoline,394.0HP 4.2L 8 Cylinder Engine Gasoline Fuel,Transmission w/Dual Shift Mode,Gray,Beige,None reported,Yes,16500,19,3092.0,0.2668175937904269,0,0
Mercedes-Benz,CLS-Class CLS500,2006,28950,Gasoline,302.0HP 5.0L 8 Cylinder Engine Gasoline Fuel,7-Speed A/T,Blue,Beige,None reported,Yes,16750,19,1447.5,0.5785837651122625,0,1
GMC,Sierra 3500 SLE,2002,300000,Diesel,300.0HP 6.6L 8 Cylinder Engine Diesel Fuel,5-Speed A/T,Black,Gray,At least 1 accident or damage reported,Yes,5000,23,12500.0,0.016666666666666666,1,1
Nissan,Frontier SL,2011,103400,Gasoline,261.0HP 4.0L V6 Cylinder Engine Gasoline Fuel,5-Speed A/T,Gray,Gray,At least 1 accident or damage reported,Yes,17000,14,6893.333333333333,0.1644100580270793,1,1
BMW,M5 Base,2023,816,Gasoline,4.4L V8 32V GDI DOHC Twin Turbo,8-Speed Automatic,Alpine White,Black,None reported,Yes,109900,2,272.0,134.6813725490196,0,1
Porsche,911 R,2016,719,Gasoline,4.0L H6 24V GDI DOHC,6-Speed Manual,White,Black / Brown,None reported,Yes,489000,9,71.9,680.1112656467316,0,0
Land,Rover Defender X-Dynamic SE,2023,3678,Hybrid,3.0 Liter,Automatic,Fuji White,Black,None reported,Yes,81998,2,1226.0,22.294181620445894,0,1
Ford,F-150 XL,2016,107000,E85 Flex Fuel,385.0HP 5.0L 8 Cylinder Engine Flex Fuel Capability,6-Speed A/T,White,Gray,At least 1 accident or damage reported,Yes,22000,9,10700.0,0.205607476635514,1,1
BMW,M8 Competition,2022,5018,Gasoline,4.4 Liter Twin Turbo,Automatic,–,Sakhir Orange/Black,None reported,Yes,114998,3,1254.5,22.917098445595855,0,1
Porsche,911 Carrera S,2010,13850,Gasoline,385.0HP 3.8L Flat 6 Cylinder Engine Gasoline Fuel,6-Speed M/T,Black,Black,None reported,Yes,71400,15,865.625,5.155234657039712,0,0
Volvo,XC70 3.2,2008,46700,Gasoline,235.0HP 3.2L Straight 6 Cylinder Engine Gasoline Fuel,6-Speed A/T,White,Beige,None reported,Yes,11400,17,2594.4444444444443,0.24411134903640258,0,1
Chrysler,300 Touring,2021,21478,Gasoline,3.6 Liter,Automatic,Silver Mist,Black,None reported,Yes,27798,4,4295.6,1.29425458608809,0,1
Honda,Insight EX,2020,64200,Hybrid,151.0HP 1.5L 4 Cylinder Engine Gas/Electric Hybrid,CVT Transmission,White,Black,At least 1 accident or damage reported,Yes,20499,5,10700.0,0.31929906542056075,1,0
Porsche,Cayman S,2006,31075,Gasoline,3.4L H6 24V MPFI DOHC,5-Speed Automatic,Black,Black / Stone Grey,None reported,Yes,36250,19,1553.75,1.166532582461786,0,1
Tesla,Model Y Performance,2022,25250,Gasoline,455.0HP Electric Motor Electric Fuel System,1-Speed A/T,White,White,None reported,Yes,47800,3,6312.5,1.893069306930693,0,1
BMW,M5 Competition,2020,35400,Gasoline,617.0HP 4.4L 8 Cylinder Engine Gasoline Fuel,8-Speed A/T,Orange,Black,None reported,Yes,71950,5,5900.0,2.0324858757062145,0,1
Audi,S4 4.2 quattro,2004,74030,Gasoline,340.0HP 4.2L 8 Cylinder Engine Gasoline Fuel,6-Speed M/T,Silver,Gray,None reported,Yes,16000,21,3365.0,0.21612859651492639,0,0
Ford,F-250 Platinum,2021,48549,Diesel,6.7L V8 32V DDI OHV Turbo Diesel,Automatic,Antimatter Blue Metallic,Black,None reported,Yes,69998,4,9709.8,1.4418010669632741,0,1
Kia,Seltos S,2023,5182,Gasoline,146.0HP 2.0L 4 Cylinder Engine Gasoline Fuel,A/T,White,Black,None reported,Yes,32500,2,1727.3333333333333,6.271709764569664,0,1
RAM,ProMaster 2500 High Roof,2019,31681,Gasoline,280.0HP 3.6L V6 Cylinder Engine Gasoline Fuel,A/T,White,Black,At least 1 accident or damage reported,Yes,33500,6,4525.857142857143,1.0574161169155014,1,1
BMW,M760 M760i xDrive,2020,23430,Gasoline,6.6 Liter Twin Turbo,Automatic,White,Black,None reported,Yes,80998,5,3905.0,3.4570209133589413,0,1
Mercedes-Benz,E-Class E 400,2015,30300,Gasoline,329.0HP 3.0L V6 Cylinder Engine Gasoline Fuel,A/T,White,Black,At least 1 accident or damage reported,Yes,29000,10,2754.5454545454545,0.9570957095709571,1,1
Cadillac,XTS Luxury,2016,112000,Gasoline,304.0HP 3.6L V6 Cylinder Engine Gasoline Fuel,A/T,Blue,Beige,At least 1 accident or damage reported,Yes,14599,9,11200.0,0.13034821428571428,1,1
INFINITI,Q50 Premium,2014,127356,Gasoline,328.0HP 3.7L V6 Cylinder Engine Gasoline Fuel,7-Speed A/T,Black,Black,At least 1 accident or damage reported,Yes,19990,11,10613.0,0.15696158798957255,1,1
Volkswagen,Touareg V6 Executive,2017,50600,Gasoline,280.0HP 3.6L V6 Cylinder Engine Gasoline Fuel,8-Speed A/T,Red,Brown,At least 1 accident or damage reported,Yes,28890,8,5622.222222222223,0.5709486166007905,1,1
Chevrolet,Suburban 1500 LTZ,2011,194000,E85 Flex Fuel,320.0HP 5.3L 8 Cylinder Engine Flex Fuel Capability,6-Speed A/T,Black,Black,None reported,Yes,9950,14,12933.333333333334,0.05128865979381443,0,1
Toyota,Tundra SR5,2021,33455,Gasoline,381.0HP 5.7L 8 Cylinder Engine Gasoline Fuel,6-Speed A/T,Green,Black,None reported,Yes,44750,4,6691.0,1.3376176954117471,0,1
BMW,X1 sDrive28i,2022,43000,Gasoline,228.0HP 2.0L 4 Cylinder Engine Gasoline Fuel,8-Speed A/T,Gray,Black,None reported,Yes,35750,3,10750.0,0.8313953488372093,0,1
Mercedes-Benz,GL-Class GL 550 4MATIC,2016,46102,Gasoline,429.0HP 4.7L 8 Cylinder Engine Gasoline Fuel,7-Speed A/T,Black,Beige,None reported,Yes,35300,9,4610.2,0.7656934623226758,0,1
Cadillac,XTS Luxury,2019,59000,Gasoline,304.0HP 3.6L V6 Cylinder Engine Gasoline Fuel,6-Speed A/T,Black,Black,None reported,Yes,21000,6,8428.57142857143,0.3559322033898305,0,1
Jaguar,XJ8 Base,2004,134000,Gasoline,294.0HP 4.2L 8 Cylinder Engine Gasoline Fuel,6-Speed A/T,Black,Beige,At least 1 accident or damage reported,Yes,9500,21,6090.909090909091,0.0708955223880597,1,1
Chevrolet,Camaro ZL1,2020,3715,Gasoline,650.0HP 6.2L 8 Cylinder Engine Gasoline Fuel,A/T,Black,Black,None reported,Yes,150000,5,619.1666666666666,40.376850605652756,0,1
Mercedes-Benz,Sprinter 2500,2012,100245,Diesel,188.0HP 3.0L V6 Cylinder Engine Diesel Fuel,A/T,White,–,At least 1 accident or damage reported,Yes,24000,13,7160.357142857143,0.23941343707915608,1,1
Mercedes-Benz,C-Class C 300 4MATIC,2022,8583,Gasoline,2.0L I4 16V GDI DOHC Turbo,9-Speed Automatic,Cirrus Silver Metallic,AMG Black,None reported,Yes,42999,3,2145.75,5.009786787836421,0,1
Dodge,Dakota SLT,2003,141800,Gasoline,230.0HP 4.7L 8 Cylinder Engine Gasoline Fuel,A/T,Red,Gray,At least 1 accident or damage reported,Yes,5700,22,6165.217391304348,0.04019746121297602,1,1
Audi,A5 2.0T Premium Plus,2012,77000,Gasoline,211.0HP 2.0L 4 Cylinder Engine Gasoline Fuel,8-Speed A/T,White,Black,None reported,Yes,13800,13,5500.0,0.17922077922077922,0,1
Audi,A5 2.0T Premium,2018,67035,Gasoline,252.0HP 2.0L 4 Cylinder Engine Gasoline Fuel,Transmission w/Dual Shift Mode,Pink,Brown,At least 1 accident or damage reported,Yes,31500,7,8379.375,0.4699037816066234,1,0
Audi,S5 3.0 Premium Plus,2012,61450,Gasoline,333.0HP 3.0L V6 Cylinder Engine Gasoline Fuel,7-Speed A/T,White,Gray,None reported,Yes,19500,13,4389.285714285715,0.31733116354759966,0,1
Porsche,Panamera GTS,2015,39500,Gasoline,440.0HP 4.8L 8 Cylinder Engine Gasoline Fuel,Transmission w/Dual Shift Mode,Black,Black,None reported,Yes,52590,10,3590.909090909091,1.331392405063291,0,0
Mercedes-Benz,AMG GT C,2020,6600,Gasoline,550.0HP 4.0L 8 Cylinder Engine Gasoline Fuel,Transmission w/Dual Shift Mode,Black,Beige,None reported,Yes,128900,5,1100.0,19.53030303030303,0,0
Chevrolet,Camaro 2SS,2023,2300,Gasoline,455.0HP 6.2L 8 Cylinder Engine Gasoline Fuel,6-Speed M/T,Red,Black,None reported,Yes,51500,2,766.6666666666666,22.391304347826086,0,0
Audi,Q7 Premium Plus,2023,10601,Hybrid,3.0 Liter TFSI,Automatic,Mythos Black,Black,None reported,Yes,61998,2,3533.6666666666665,5.848316196585228,0,1
Maserati,GranTurismo MC,2018,18000,Gasoline,454.0HP 4.7L 8 Cylinder Engine Gasoline Fuel,Transmission w/Dual Shift Mode,Red,Black,None reported,Yes,67000,7,2250.0,3.7222222222222223,0,0
GMC,Sierra 2500 AT4,2022,31681,Gasoline,6.6L V8 16V GDI OHV,Automatic,Cayenne Red Tintcoat,Jet Black,At least 1 accident or damage reported,Yes,67963,3,7920.25,2.1452290016097977,1,1
Cadillac,XT6 Sport AWD,2020,24114,Gasoline,3.6L V6 24V GDI DOHC,9-Speed Automatic,Garnet Red Metallic,Jet Black,At least 1 accident or damage reported,Yes,49427,5,4019.0,2.0497221531060794,1,1
Jeep,Grand Cherokee L Laredo,2022,22109,Gasoline,3.6L V6 24V MPFI DOHC,Automatic,Bright White Clearcoat,Global Black,None reported,Yes,43389,3,5527.25,1.9625039576642995,0,1
Chevrolet,Avalanche 1500 LT,2012,148000,E85 Flex Fuel,320.0HP 5.3L 8 Cylinder Engine Flex Fuel Capability,A/T,Black,Black,None reported,Yes,18000,13,10571.42857142857,0.12162162162162163,0,1
BMW,M5 Base,2018,41000,Gasoline,600.0HP 4.4L 8 Cylinder Engine Gasoline Fuel,Transmission w/Dual Shift Mode,White,White,None reported,Yes,60200,7,5125.0,1.4682926829268292,0,0
Nissan,Titan SE,2009,127600,E85 Flex Fuel,317.0HP 5.6L 8 Cylinder Engine Flex Fuel Capability,A/T,Brown,Gray,None reported,Yes,19500,16,7505.882352941177,0.15282131661442006,0,1
Dodge,Ram 1500 SRT-10 Quad Cab,2005,138450,Gasoline,500.0HP 8.3L 10 Cylinder Engine Gasoline Fuel,4-Speed A/T,Red,Black,At least 1 accident or damage reported,Yes,19000,20,6592.857142857143,0.13723365836041893,1,1
GMC,Sierra 1500 SLT,2013,230000,E85 Flex Fuel,315.0HP 5.3L 8 Cylinder Engine Flex Fuel Capability,A/T,White,Black,None reported,Yes,15500,12,17692.30769230769,0.06739130434782609,0,1
Lexus,RX 350 F Sport,2017,53649,Gasoline,295.0HP 3.5L V6 Cylinder Engine Gasoline Fuel,A/T,Black,Red,None reported,Yes,33000,8,5961.0,0.6151093217021752,0,1
Mercedes-Benz,GL-Class GL 450 4MATIC,2012,174000,Gasoline,335.0HP 4.6L 8 Cylinder Engine Gasoline Fuel,7-Speed A/T,Black,Black,At least 1 accident or damage reported,Yes,11999,13,12428.57142857143,0.06895977011494253,1,1
INFINITI,QX80 Luxe,2022,49860,Gasoline,5.6L V8 32V GDI DOHC,Automatic,Black Obsidian,Graphite,At least 1 accident or damage reported,Yes,47645,3,12465.0,0.9555756117127958,1,1
Mercedes-Benz,AMG C 63 S,2021,13650,Gasoline,503.0HP 4.0L 8 Cylinder Engine Gasoline Fuel,9-Speed A/T,Blue,Black,None reported,Yes,75000,4,2730.0,5.4945054945054945,0,1
BMW,528 i xDrive,2016,134000,Gasoline,240.0HP 2.0L 4 Cylinder Engine Gasoline Fuel,A/T,Brown,Brown,At least 1 accident or damage reported,Yes,13500,9,13400.0,0.10074626865671642,1,1
Porsche,911 Carrera,2014,78000,Gasoline,350.0HP 3.4L Flat 6 Cylinder Engine Gasoline Fuel,Transmission w/Dual Shift Mode,Brown,Brown,None reported,Yes,68000,11,6500.0,0.8717948717948718,0,0
Porsche,Boxster S,2005,65750,Gasoline,280.0HP 3.2L Flat 6 Cylinder Engine Gasoline Fuel,A/T,Blue,Gray,None reported,Yes,21750,20,3130.9523809523807,0.33079847908745247,0,1
BMW,X6 M Base,2021,18000,Gasoline,600.0HP 4.4L 8 Cylinder Engine Gasoline Fuel,8-Speed A/T,Black,Black,None reported,Yes,94000,4,3600.0,5.222222222222222,0,1
Ford,Mustang Premium,2007,121630,Gasoline,210.0HP 4.0L V6 Cylinder Engine Gasoline Fuel,A/T,White,Black,None reported,Yes,9450,18,6401.578947368421,0.07769464770204719,0,1
Rivian,R1S Launch Edition,2023,4500,Gasoline,835.0HP Electric Motor Electric Fuel System,1-Speed A/T,Silver,Gray,None reported,Yes,89999,2,1500.0,19.999777777777776,0,1
Volvo,XC90 Recharge Plug-In Hybrid T8 Inscription 7 Passenger,2022,9408,Hybrid,2.0L I4 16V GDI DOHC Hybrid,8-Speed Automatic,Black,Gray,None reported,Yes,61999,3,2352.0,6.590029761904762,0,1
BMW,528 i xDrive,2016,120000,Gasoline,240.0HP 2.0L 4 Cylinder Engine Gasoline Fuel,A/T,White,White,None reported,Yes,16000,9,12000.0,0.13333333333333333,0,1
Cadillac,Escalade ESV Platinum,2016,168600,Gasoline,420.0HP 6.2L 8 Cylinder Engine Gasoline Fuel,8-Speed A/T,White,Beige,None reported,Yes,29500,9,16860.0,0.1749703440094899,0,1
Chevrolet,Corvette Base,2004,43705,Gasoline,350.0HP 5.7L 8 Cylinder Engine Gasoline Fuel,6-Speed M/T,Gray,Black,None reported,Yes,25900,21,1986.590909090909,0.5926095412424208,0,0
Audi,A5 2.0T Premium,2013,111000,Gasoline,211.0HP 2.0L 4 Cylinder Engine Gasoline Fuel,Transmission w/Dual Shift Mode,Blue,Beige,None reported,Yes,11500,12,8538.461538461539,0.1036036036036036,0,0
Audi,TT 2.0T Premium,2012,64549,Gasoline,211.0HP 2.0L 4 Cylinder Engine Gasoline Fuel,Transmission w/Dual Shift Mode,Silver,Black,None reported,Yes,17000,13,4610.642857142857,0.2633658151171978,0,0
Buick,LaCrosse CX,2007,53000,Gasoline,200.0HP 3.8L V6 Cylinder Engine Gasoline Fuel,4-Speed A/T,Red,Gray,None reported,Yes,6500,18,2789.4736842105262,0.12264150943396226,0,1
Chevrolet,Camaro 2SS,2017,13465,Gasoline,455.0HP 6.2L 8 Cylinder Engine Gasoline Fuel,8-Speed A/T,White,Black,None reported,Yes,44900,8,1496.111111111111,3.3345711102859266,0,1
Tesla,Model Y Long Range,2023,5844,Gasoline,425.0HP Electric Motor Electric Fuel System,A/T,White,Black,None reported,Yes,52000,2,1948.0,8.898015058179329,0,1
BMW,M3 Base,2015,74000,Gasoline,425.0HP 3.0L Straight 6 Cylinder Engine Gasoline Fuel,M/T,Gray,Black,None reported,Yes,40000,10,6727.272727272727,0.5405405405405406,0,0
Kia,Optima LX,2011,100331,Gasoline,200.0HP 2.4L 4 Cylinder Engine Gasoline Fuel,A/T,Red,–,At least 1 accident or damage reported,Yes,6900,14,6688.733333333334,0.06877236347689149,1,1
Toyota,Supra 3.0 Premium,2022,24850,Gasoline,382.0HP 3.0L Straight 6 Cylinder Engine Gasoline Fuel,A/T,Black,Black,None reported,Yes,53568,3,6212.5,2.1556539235412475,0,1
Lincoln,Nautilus Reserve,2021,17467,Gasoline,2.0L I4 16V GDI DOHC Turbo,8-Speed Automatic,Pristine White,Slate,None reported,Yes,43860,4,3493.4,2.511020782046144,0,1
Nissan,Pathfinder SL,2015,115000,Gasoline,260.0HP 3.5L V6 Cylinder Engine Gasoline Fuel,A/T,Gray,Black,None reported,Yes,11995,10,10454.545454545454,0.10430434782608695,0,1
BMW,X5 xDrive50i,2015,72000,Gasoline,445.0HP 4.4L 8 Cylinder Engine Gasoline Fuel,Transmission w/Dual Shift Mode,Black,Brown,At least 1 accident or damage reported,Yes,26500,10,6545.454545454545,0.3680555555555556,1,0
Mazda,MazdaSpeed3 Grand Touring,2008,162000,Gasoline,263.0HP 2.3L 4 Cylinder Engine Gasoline Fuel,6-Speed M/T,Black,Black,At least 1 accident or damage reported,Yes,6500,17,9000.0,0.040123456790123455,1,0
GMC,Yukon XL SLT,2017,47589,Gasoline,355.0HP 5.3L 8 Cylinder Engine Gasoline Fuel,A/T,Black,Black,None reported,Yes,45500,8,5287.666666666667,0.9561033011830465,0,1
Toyota,bZ4X Limited,2023,6548,Gasoline,Electric,Automatic,Wind Chill Pearl,Black,None reported,Yes,41999,2,2182.6666666666665,6.414019547953574,0,1
RAM,ProMaster 2500 High Roof,2018,10339,Gasoline,280.0HP 3.6L V6 Cylinder Engine Gasoline Fuel,6-Speed A/T,White,Gray,None reported,Yes,36990,7,1292.375,3.5777154463681207,0,1
RAM,1500 Classic SLT,2021,32092,Gasoline,3.6L V6 24V MPFI DOHC,8-Speed Automatic,Patriot Blue Pearlcoat,Black,None reported,Yes,35113,4,6418.4,1.0941356101209023,0,1
Lexus,GS 350 Base,2014,85275,Gasoline,3.5 Liter,Automatic,Nebula Gray Pearl,Black,At least 1 accident or damage reported,Yes,23998,11,7106.25,0.28141893872764584,1,1
Hyundai,Tucson Limited,2016,138000,Gasoline,175.0HP 1.6L 4 Cylinder Engine Gasoline Fuel,7-Speed A/T,Brown,Beige,None reported,Yes,10990,9,13800.0,0.07963768115942028,0,1
Chevrolet,SSR Base,2003,87500,Gasoline,300.0HP 5.3L 8 Cylinder Engine Gasoline Fuel,A/T,Red,Black,None reported,Yes,16999,22,3804.3478260869565,0.1942742857142857,0,1
Maserati,GranTurismo Base,2013,34920,Gasoline,440.0HP 4.7L 8 Cylinder Engine Gasoline Fuel,6-Speed A/T,Gray,Brown,None reported,Yes,38900,12,2686.153846153846,1.11397479954181,0,1
Tesla,Model X Performance,2020,27224,Gasoline,Electric,1-Speed Automatic,Black,Black,None reported,Yes,65999,5,4537.333333333333,2.424294739935351,0,1
BMW,M2 Base,2018,25000,Gasoline,365.0HP 3.0L Straight 6 Cylinder Engine Gasoline Fuel,7-Speed A/T,Black,Black,None reported,Yes,52000,7,3125.0,2.08,0,1
Tesla,Model Y Long Range,2021,14642,Gasoline,425.0HP Electric Motor Electric Fuel System,A/T,Red,Black,None reported,Yes,48500,4,2928.4,3.3123890178937305,0,1
Subaru,Outback 2.5i Limited,2015,162000,Gasoline,175.0HP 2.5L 4 Cylinder Engine Gasoline Fuel,CVT Transmission,Gray,Black,None reported,Yes,13999,10,14727.272727272728,0.08641358024691358,0,0
Buick,Roadmaster Estate,1996,119500,Gasoline,260.0HP 5.7L 8 Cylinder Engine Gasoline Fuel,4-Speed A/T,White,Beige,At least 1 accident or damage reported,Yes,16999,29,3983.3333333333335,0.1422510460251046,1,1
Land,Rover Range Rover 5.0L Supercharged,2017,101800,Gasoline,510.0HP 5.0L 8 Cylinder Engine Gasoline Fuel,A/T,Silver,Black,None reported,Yes,36500,8,11311.111111111111,0.35854616895874264,0,1
Ford,Expedition Max XLT,2021,84351,Gasoline,3.5L V6 24V PDI DOHC Twin Turbo,10-Speed Automatic,Blue,Ebony,None reported,Yes,42691,4,16870.2,0.5061113679742979,0,1
Nissan,Leaf SL,2012,26930,Gasoline,107.0HP Electric Motor Electric Fuel System,1-Speed A/T,White,Beige,None reported,Yes,6700,13,1923.5714285714287,0.24879316747122168,0,1
Toyota,Tacoma TRD Pro,2019,40698,Gasoline,3.5L V6 24V PDI DOHC,6-Speed,Super White,Black,None reported,Yes,42886,6,5814.0,1.0537618556194408,0,0
Mercedes-Benz,AMG GT 63 S 4-Door,2020,40000,Gasoline,630.0HP 4.0L 8 Cylinder Engine Gasoline Fuel,9-Speed A/T,Black,Red,None reported,Yes,112500,5,6666.666666666667,2.8125,0,1
BMW,230 i,2019,30000,Gasoline,248.0HP 2.0L 4 Cylinder Engine Gasoline Fuel,8-Speed A/T,Blue,Beige,At least 1 accident or damage reported,Yes,29000,6,4285.714285714285,0.9666666666666667,1,1
Lexus,ES 350 Base,2007,78980,Gasoline,272.0HP 3.5L V6 Cylinder Engine Gasoline Fuel,6-Speed A/T,Silver,Beige,At least 1 accident or damage reported,Yes,10600,18,4156.8421052631575,0.13421119270701443,1,1
Porsche,911 Carrera S Cabriolet,2007,28844,Gasoline,3.8L H6 24V MPFI DOHC,6-Speed Manual,White,Beige,None reported,Yes,69995,18,1518.1052631578948,2.4266745250312023,0,0
Porsche,Taycan Turbo,2020,21028,Gasoline,Dual AC Electric Motors,Single-Speed Fixed Gear,BLACK,BEIGE,None reported,Yes,96900,5,3504.6666666666665,4.6081415255849345,0,0
Maserati,Levante Modena,2023,5409,Gasoline,3.0L V6 24V GDI DOHC Twin Turbo,8-Speed Automatic,Blu,Black,None reported,Yes,88950,2,1803.0,16.44481419855796,0,1
Dodge,Challenger SRT Hellcat,2020,12700,Gasoline,717.0HP 6.2L 8 Cylinder Engine Gasoline Fuel,8-Speed A/T,Black,Black,At least 1 accident or damage reported,Yes,69900,5,2116.6666666666665,5.503937007874016,1,1
Mazda,Mazda6 Touring,2021,19000,Gasoline,187.0HP 2.5L 4 Cylinder Engine Gasoline Fuel,A/T,Blue,Black,None reported,Yes,25900,4,3800.0,1.3631578947368421,0,1
Audi,S4 3.0T Premium,2019,12000,Gasoline,349.0HP 3.0L V6 Cylinder Engine Gasoline Fuel,A/T,Black,Black,None reported,Yes,48000,6,1714.2857142857142,4.0,0,1
Ford,Mustang GT Premium,2016,25717,Gasoline,435.0HP 5.0L 8 Cylinder Engine Gasoline Fuel,6-Speed M/T,Black,Black,None reported,Yes,33900,9,2571.7,1.318194190613213,0,0
Tesla,Model Y Long Range,2022,12055,Gasoline,425.0HP Electric Motor Electric Fuel System,A/T,Blue,Black,None reported,Yes,44400,3,3013.75,3.683119037743675,0,1
Audi,TTS 2.0T Premium Plus,2011,69700,Gasoline,265.0HP 2.0L 4 Cylinder Engine Gasoline Fuel,6-Speed A/T,Orange,–,At least 1 accident or damage reported,Yes,23000,14,4646.666666666667,0.3299856527977044,1,1
BMW,M2 Competition,2020,25013,Gasoline,405.0HP 3.0L Straight 6 Cylinder Engine Gasoline Fuel,7-Speed A/T,Black,Black,None reported,Yes,55000,5,4168.833333333333,2.1988565945708234,0,1
Audi,Q4 e-tron Sportback Premium,2023,1156,Gasoline,295.0HP Electric Motor Electric Fuel System,A/T,Blue,Black,None reported,Yes,54900,2,385.3333333333333,47.49134948096886,0,1
BMW,740 i,2016,57939,Gasoline,320.0HP 3.0L Straight 6 Cylinder Engine Gasoline Fuel,8-Speed A/T,Gray,Black,None reported,Yes,27500,9,5793.9,0.474637118348608,0,1
Mercedes-Benz,AMG GLE 43 Coupe 4MATIC,2018,52694,Gasoline,385.0HP 3.0L V6 Cylinder Engine Gasoline Fuel,Transmission w/Dual Shift Mode,Gray,Black,None reported,Yes,49999,7,6586.75,0.948855657190572,0,0
Mercedes-Benz,S-Class S 550 4MATIC,2015,54000,Gasoline,449.0HP 4.7L 8 Cylinder Engine Gasoline Fuel,7-Speed A/T,White,Beige,None reported,Yes,37000,10,4909.090909090909,0.6851851851851852,0,1
Honda,S2000 Base,2002,110500,Gasoline,240.0HP 2.0L 4 Cylinder Engine Gasoline Fuel,6-Speed M/T,Yellow,Red,None reported,Yes,27000,23,4604.166666666667,0.24434389140271492,0,0
Chevrolet,Corvette Base,2000,97500,Gasoline,345.0HP 5.7L 8 Cylinder Engine Gasoline Fuel,6-Speed M/T,Yellow,Black,None reported,Yes,10000,25,3750.0,0.10256410256410256,0,0
Chevrolet,Colorado Z71,2020,20909,Gasoline,3.6L V6 24V GDI DOHC,Automatic,Red,Jet Black,None reported,Yes,35387,5,3484.8333333333335,1.6924290975178153,0,1
Mercedes-Benz,S-Class S 63 AMG,2013,77648,Gasoline,536.0HP 5.5L 8 Cylinder Engine Gasoline Fuel,7-Speed A/T,Silver,Black,None reported,Yes,40000,12,5972.923076923077,0.5151452709664125,0,1
Bentley,Continental GTC Base,2013,79422,Gasoline,616.0HP 6.0L 12 Cylinder Engine Gasoline Fuel,8-Speed A/T,Black,Black,None reported,Yes,64000,12,6109.384615384615,0.8058220644154013,0,1
GMC,Sierra 2500 SLE H/D Extended Cab,2002,53850,Gasoline,340.0HP 8.1L 8 Cylinder Engine Gasoline Fuel,A/T,Silver,Gray,At least 1 accident or damage reported,Yes,16900,23,2243.75,0.3138347260909935,1,1
Audi,SQ5 3.0T Premium,2020,21832,Gasoline,349.0HP 3.0L V6 Cylinder Engine Gasoline Fuel,8-Speed A/T,Blue,Black,None reported,Yes,42000,5,3638.6666666666665,1.9237816049835104,0,1
Toyota,Corolla iM Base,2017,41932,Gasoline,137.0HP 1.8L 4 Cylinder Engine Gasoline Fuel,6-Speed M/T,Black,Black,None reported,Yes,18700,8,4659.111111111111,0.4459601259181532,0,0
GMC,Yukon XL SLT,2017,110000,Gasoline,355.0HP 5.3L 8 Cylinder Engine Gasoline Fuel,A/T,Blue,Black,At least 1 accident or damage reported,Yes,34999,8,12222.222222222223,0.3181727272727273,1,1
Toyota,Tundra 1794,2020,67400,Gasoline,381.0HP 5.7L 8 Cylinder Engine Gasoline Fuel,A/T,Black,Brown,None reported,Yes,47500,5,11233.333333333334,0.7047477744807121,0,1
Subaru,WRX Premium,2017,62662,Gasoline,268.0HP 2.0L 4 Cylinder Engine Gasoline Fuel,M/T,Red,Black,At least 1 accident or damage reported,Yes,24000,8,6962.444444444444,0.38300724522038876,1,0
Subaru,WRX Base,2015,102000,Gasoline,268.0HP 2.0L 4 Cylinder Engine Gasoline Fuel,M/T,White,Black,At least 1 accident or damage reported,Yes,18000,10,9272.727272727272,0.17647058823529413,1,0
INFINITI,Q50 Premium,2014,79785,Gasoline,328.0HP 3.7L V6 Cylinder Engine Gasoline Fuel,7-Speed A/T,Red,White,At least 1 accident or damage reported,Yes,16488,11,6648.75,0.20665538635081782,1,1
Chevrolet,Suburban Premier,2017,166549,Gasoline,355.0HP 5.3L 8 Cylinder Engine Gasoline Fuel,6-Speed A/T,White,Beige,At least 1 accident or damage reported,Yes,24950,8,18505.444444444445,0.1498057628685852,1,1
Toyota,Sequoia Limited,2006,190656,Gasoline,273.0HP 4.7L 8 Cylinder Engine Gasoline Fuel,A/T,Black,Gray,At least 1 accident or damage reported,Yes,8900,19,9532.8,0.04668093319906009,1,1
Dodge,Challenger R/T Scat Pack,2016,7928,–,–,6-Speed M/T,Red,Red,None reported,Yes,37500,9,792.8,4.730070635721494,0,0
Porsche,Cayenne GTS,2009,135606,Gasoline,405.0HP 4.8L 8 Cylinder Engine Gasoline Fuel,Transmission w/Dual Shift Mode,Black,Black,None reported,Yes,15000,16,7976.823529411765,0.11061457457634619,0,0
Kia,Telluride S,2023,14700,Gasoline,291.0HP 3.8L V6 Cylinder Engine Gasoline Fuel,8-Speed A/T,Blue,Black,None reported,Yes,39900,2,4900.0,2.7142857142857144,0,1
Mercedes-Benz,AMG E 63 S 4MATIC,2019,12985,Gasoline,603.0HP 4.0L 8 Cylinder Engine Gasoline Fuel,9-Speed A/T,Gray,Black,At least 1 accident or damage reported,Yes,96000,6,1855.0,7.393145937620331,1,1
BMW,Z4 sDrive35is,2014,4200,Gasoline,335.0HP 3.0L Straight 6 Cylinder Engine Gasoline Fuel,Transmission w/Dual Shift Mode,White,Red,None reported,Yes,64995,11,350.0,15.475,0,0
Subaru,Impreza 2.0i Sport,2017,44000,Gasoline,152.0HP 2.0L 4 Cylinder Engine Gasoline Fuel,5-Speed M/T,Red,Black,None reported,Yes,23500,8,4888.888888888889,0.5340909090909091,0,0
Dodge,Dart SE,2015,66000,Gasoline,160.0HP 2.0L 4 Cylinder Engine Gasoline Fuel,6-Speed M/T,Black,Black,None reported,Yes,12000,10,6000.0,0.18181818181818182,0,0
Land,Rover Range Rover P525 Westminster,2021,17945,Gasoline,5.0L V8 32V GDI DOHC Supercharged,8-Speed Automatic,Santorini Black Metallic,Ebony,None reported,Yes,89900,4,3589.0,5.009752020061298,0,1
Nissan,370Z Base,2013,106700,Gasoline,332.0HP 3.7L V6 Cylinder Engine Gasoline Fuel,6-Speed M/T,Red,Black,None reported,Yes,17500,12,8207.692307692309,0.1640112464854733,0,0
Cadillac,Escalade ESV Luxury,2020,120000,Gasoline,420.0HP 6.2L 8 Cylinder Engine Gasoline Fuel,10-Speed A/T,Black,Black,None reported,Yes,55000,5,20000.0,0.4583333333333333,0,1
Mercedes-Benz,E-Class E 350,2012,59600,Gasoline,302.0HP 3.5L V6 Cylinder Engine Gasoline Fuel,Transmission w/Dual Shift Mode,White,Beige,None reported,Yes,19900,13,4257.142857142857,0.3338926174496644,0,0
Kia,Optima Hybrid EX,2012,117220,Hybrid,206.0HP 2.4L 4 Cylinder Engine Gas/Electric Hybrid,A/T,Black,Black,None reported,Yes,8900,13,8372.857142857143,0.07592560996416994,0,1
Chevrolet,Silverado 3500 LTZ,2022,85200,Diesel,445.0HP 6.6L 8 Cylinder Engine Diesel Fuel,10-Speed A/T,Silver,Gray,None reported,Yes,67500,3,21300.0,0.7922535211267606,0,1
Volkswagen,Golf GTI 2.0T SE 4-Door,2018,63450,Gasoline,220.0HP 2.0L 4 Cylinder Engine Gasoline Fuel,6-Speed M/T,White,Black,None reported,Yes,24325,7,7931.25,0.3833727344365642,0,0
Dodge,Ram 1500 SRT-10,2004,73000,Gasoline,500.0HP 8.3L 10 Cylinder Engine Gasoline Fuel,6-Speed M/T,Black,Gray,None reported,Yes,22500,21,3318.181818181818,0.3082191780821918,0,0
Scion,tC Anniversary Edition,2014,115000,Gasoline,179.0HP 2.5L 4 Cylinder Engine Gasoline Fuel,6-Speed M/T,Silver,Silver,None reported,Yes,11495,11,9583.333333333334,0.09995652173913043,0,0
Land,Rover Range Rover 5.0L Supercharged Autobiography,2016,56000,Gasoline,510.0HP 5.0L 8 Cylinder Engine Gasoline Fuel,8-Speed A/T,Black,Brown,None reported,Yes,49900,9,5600.0,0.8910714285714286,0,1
Lexus,LS 500 Base,2018,67296,Gasoline,"3.5L V-6 port/direct injection, DOHC, VVT-iE/VVT-i variable valv","Automatic, 10-Spd",–,–,None reported,Yes,40900,7,8412.0,0.6077627199239182,0,1
Chevrolet,Suburban 1500 LT,2015,179200,Gasoline,355.0HP 5.3L 8 Cylinder Engine Gasoline Fuel,6-Speed A/T,Black,–,At least 1 accident or damage reported,Yes,16000,10,16290.90909090909,0.08928571428571429,1,1
Maserati,GranTurismo Base,2015,28000,Gasoline,444.0HP 4.7L 8 Cylinder Engine Gasoline Fuel,6-Speed A/T,White,Red,None reported,Yes,44999,10,2545.4545454545455,1.6071071428571428,0,1
Porsche,911 Carrera Turbo,2003,155000,Gasoline,415.0HP 3.6L Flat 6 Cylinder Engine Gasoline Fuel,6-Speed M/T,Black,Black,None reported,Yes,55000,22,6739.130434782609,0.3548387096774194,0,0
Hyundai,Sonata Hybrid Base,2012,154000,Hybrid,206.0HP 2.4L 4 Cylinder Engine Gas/Electric Hybrid,A/T,Green,Gray,At least 1 accident or damage reported,Yes,8500,13,11000.0,0.05519480519480519,1,1
Cadillac,CTS Luxury,2012,62500,Gasoline,270.0HP 3.0L V6 Cylinder Engine Gasoline Fuel,6-Speed A/T,Red,Beige,At least 1 accident or damage reported,Yes,18955,13,4464.285714285715,0.30328,1,1
BMW,323 Ci,2000,177700,Gasoline,170.0HP 2.5L Straight 6 Cylinder Engine Gasoline Fuel,5-Speed A/T,Silver,Black,None reported,Yes,2500,25,6834.615384615385,0.014068655036578503,0,1
Tesla,Model 3 Standard Range Plus,2019,83700,Gasoline,Electric Motor Electric Fuel System,A/T,Black,Black,At least 1 accident or damage reported,Yes,26000,6,11957.142857142857,0.3106332138590203,1,1
Chevrolet,1500 Cheyenne Extended Cab,1995,120000,–,–,4-Speed A/T,White,Brown,At least 1 accident or damage reported,Yes,6500,30,3870.967741935484,0.05416666666666667,1,1
Nissan,370Z Touring,2012,65000,Gasoline,332.0HP 3.7L V6 Cylinder Engine Gasoline Fuel,6-Speed M/T,Gray,Black,None reported,Yes,21500,13,4642.857142857143,0.33076923076923076,0,0
Mercedes-Benz,GLS 450 Base 4MATIC,2018,62808,Gasoline,3.0 Liter DOHC Twin Turbo,Automatic,Black,–,At least 1 accident or damage reported,Yes,38598,7,7851.0,0.6145395491020252,1,1
Ford,Mustang GT Premium,2021,3000,Gasoline,460.0HP 5.0L 8 Cylinder Engine Gasoline Fuel,6-Speed M/T,Red,Black,None reported,Yes,49500,4,600.0,16.5,0,0
Audi,Q5 2.0T Premium,2012,119000,Gasoline,211.0HP 2.0L 4 Cylinder Engine Gasoline Fuel,A/T,Gray,–,None reported,Yes,12000,13,8500.0,0.10084033613445378,0,1
RAM,2500 Big Horn,2013,198868,Diesel,350.0HP 6.7L Straight 6 Cylinder Engine Diesel Fuel,6-Speed A/T,Brown,Beige,None reported,Yes,25000,12,15297.538461538461,0.12571152724420218,0,1
Dodge,Ram 1500 ST,2011,188000,Gasoline,210.0HP 3.7L V6 Cylinder Engine Gasoline Fuel,A/T,Silver,Black,At least 1 accident or damage reported,Yes,8500,14,12533.333333333334,0.04521276595744681,1,1
Mercedes-Benz,C-Class C 300 4MATIC Sport,2013,157405,Gasoline,248.0HP 3.5L V6 Cylinder Engine Gasoline Fuel,A/T,Black,Black,None reported,Yes,10750,12,12108.076923076924,0.06829516216130364,0,1
Dodge,Challenger SRT Hellcat,2016,8228,Gasoline,707.0HP 6.2L 8 Cylinder Engine Gasoline Fuel,8-Speed A/T,Blue,Black,None reported,Yes,62500,9,822.8,7.596013612056392,0,1
Land,Rover Range Rover 3.0L Supercharged HSE,2018,73101,Gasoline,380.0HP 3.0L V6 Cylinder Engine Gasoline Fuel,A/T,Blue,Beige,None reported,Yes,42950,7,9137.625,0.5875432620620785,0,1
BMW,M4 Base,2018,10950,Gasoline,425.0HP 3.0L Straight 6 Cylinder Engine Gasoline Fuel,6-Speed M/T,White,White,None reported,Yes,60995,7,1368.75,5.570319634703196,0,0
Mercedes-Benz,S-Class S 560 4MATIC,2018,63160,Gasoline,463.0HP 4.0L 8 Cylinder Engine Gasoline Fuel,A/T,Black,–,At least 1 accident or damage reported,Yes,47000,7,7895.0,0.7441418619379354,1,1
Land,Rover Range Rover 5.0L V8 Supercharged,2019,31866,Gasoline,"5L V-8 gasoline direct injection, DOHC, variable valve control,","Automatic, 8-Spd",–,–,None reported,Yes,68900,6,4552.285714285715,2.1621791250862987,0,1
Chevrolet,Express 3500 Base,2009,75000,Gasoline,319.0HP 6.0L 8 Cylinder Engine Gasoline Fuel,A/T,White,Gray,None reported,Yes,18900,16,4411.764705882353,0.252,0,1
Toyota,4Runner TRD Pro,2016,98000,Gasoline,270.0HP 4.0L V6 Cylinder Engine Gasoline Fuel,A/T,Black,Black,At least 1 accident or damage reported,Yes,36000,9,9800.0,0.3673469387755102,1,1
Mazda,MX-5 Miata Grand Touring,2012,33576,Gasoline,167.0HP 2.0L 4 Cylinder Engine Gasoline Fuel,6-Speed M/T,Red,Beige,None reported,Yes,18900,13,2398.285714285714,0.5629020729092209,0,0
Volkswagen,Touareg VR6 Lux,2012,123200,Gasoline,280.0HP 3.6L V6 Cylinder Engine Gasoline Fuel,A/T,Gray,Beige,At least 1 accident or damage reported,Yes,12449,13,8800.0,0.10104707792207793,1,1
Jaguar,XJ Base,2013,112000,Gasoline,340.0HP 3.0L V6 Cylinder Engine Gasoline Fuel,A/T,Blue,White,None reported,Yes,8800,12,8615.384615384615,0.07857142857142857,0,1
Chevrolet,Camaro 2SS,2010,68000,Gasoline,426.0HP 6.2L 8 Cylinder Engine Gasoline Fuel,6-Speed A/T,Gray,Gray,At least 1 accident or damage reported,Yes,19500,15,4250.0,0.2867647058823529,1,1
INFINITI,G37 x,2012,120000,Gasoline,328.0HP 3.7L V6 Cylinder Engine Gasoline Fuel,Transmission w/Dual Shift Mode,Red,Black,At least 1 accident or damage reported,Yes,14500,13,8571.42857142857,0.12083333333333333,1,0
BMW,X6 xDrive50i,2019,45000,Gasoline,445.0HP 4.4L 8 Cylinder Engine Gasoline Fuel,8-Speed A/T,Silver,Black,At least 1 accident or damage reported,Yes,46999,6,6428.571428571428,1.0444222222222221,1,1
Chevrolet,Camaro LT1,2022,6700,Gasoline,455.0HP 6.2L 8 Cylinder Engine Gasoline Fuel,10-Speed A/T,Gray,Black,None reported,Yes,39500,3,1675.0,5.895522388059701,0,1
Porsche,Taycan Base,2021,6785,Gasoline,Electric,2-Speed Automatic,Gentian Blue Metallic,Black,None reported,Yes,108900,4,1357.0,16.050110537951362,0,1
Mercedes-Benz,S-Class S 63 AMG,2015,40900,Gasoline,577.0HP 5.5L 8 Cylinder Engine Gasoline Fuel,7-Speed A/T,White,–,None reported,Yes,59750,10,3718.181818181818,1.460880195599022,0,1
Cadillac,Escalade ESV Premium Luxury,2018,74150,Gasoline,420.0HP 6.2L 8 Cylinder Engine Gasoline Fuel,10-Speed A/T,Gold,Brown,None reported,Yes,45000,7,9268.75,0.6068779501011463,0,1
Toyota,Camry Hybrid XLE,2014,94448,Hybrid,200.0HP 2.5L 4 Cylinder Engine Gas/Electric Hybrid,A/T,Silver,Gray,None reported,Yes,15999,11,7870.666666666667,0.16939479925461629,0,1
Audi,A6 3.0T Prestige,2015,108000,Gasoline,310.0HP 3.0L V6 Cylinder Engine Gasoline Fuel,Transmission w/Dual Shift Mode,Black,Brown,None reported,Yes,19998,10,9818.181818181818,0.18516666666666667,0,0
BMW,X5 M Base,2012,118000,Gasoline,555.0HP 4.4L 8 Cylinder Engine Gasoline Fuel,Transmission w/Dual Shift Mode,White,Orange,At least 1 accident or damage reported,Yes,17000,13,8428.57142857143,0.1440677966101695,1,0
Jaguar,F-PACE SVR,2020,38800,Gasoline,550.0HP 5.0L 8 Cylinder Engine Gasoline Fuel,Transmission w/Dual Shift Mode,Black,Black,None reported,Yes,57500,5,6466.666666666667,1.481958762886598,0,0
BMW,740 i,2017,55000,Gasoline,320.0HP 3.0L Straight 6 Cylinder Engine Gasoline Fuel,Transmission w/Dual Shift Mode,White,Black,None reported,Yes,40000,8,6111.111111111111,0.7272727272727273,0,0
BMW,M340 i xDrive,2021,34967,Hybrid,382.0HP 3.0L Straight 6 Cylinder Engine Gasoline/Mild Electric Hybrid,8-Speed A/T,Blue,Beige,At least 1 accident or damage reported,Yes,49999,4,6993.4,1.429891040123545,1,1
Jeep,Wrangler Unlimited Sport,2016,85325,Gasoline,285.0HP 3.6L V6 Cylinder Engine Gasoline Fuel,5-Speed A/T,Black,Black,None reported,Yes,30000,9,8532.5,0.3515968356284793,0,1
RAM,2500 Tradesman,2018,63750,Gasoline,410.0HP 6.4L 8 Cylinder Engine Gasoline Fuel,6-Speed A/T,Gray,Gray,None reported,Yes,36000,7,7968.75,0.5647058823529412,0,1
Ford,Mustang V6,2016,87248,Gasoline,300.0HP 3.7L V6 Cylinder Engine Gasoline Fuel,6-Speed A/T,Black,Black,None reported,Yes,19999,9,8724.8,0.2292201540436457,0,1
BMW,328 i,1997,206000,Gasoline,190.0HP 2.8L Straight 6 Cylinder Engine Gasoline Fuel,5-Speed M/T,Red,Black,At least 1 accident or damage reported,Yes,15900,28,7103.448275862069,0.07718446601941747,1,0
Mercedes-Benz,GL-Class GL 450,2011,112854,Gasoline,335.0HP 4.7L 8 Cylinder Engine Gasoline Fuel,7-Speed A/T,White,Black,None reported,Yes,11999,14,7523.6,0.10632321406418913,0,1
Rivian,R1S Adventure Package,2023,1150,Gasoline,835.0HP Electric Motor Electric Fuel System,A/T,Green,Black,None reported,Yes,96850,2,383.3333333333333,84.21739130434783,0,1
Tesla,Model Y Long Range,2023,10000,Gasoline,425.0HP Electric Motor Electric Fuel System,A/T,Blue,Black,None reported,Yes,48000,2,3333.3333333333335,4.8,0,1
Mercedes-Benz,E-Class E 350,2022,14100,Gasoline,255.0HP 2.0L 4 Cylinder Engine Gasoline Fuel,9-Speed A/T,Gray,Black,None reported,Yes,53000,3,3525.0,3.7588652482269502,0,1
BMW,X7 xDrive40i,2023,14360,Hybrid,375.0HP 3.0L Straight 6 Cylinder Engine Gasoline/Mild Electric Hybrid,8-Speed A/T,Black,Black,None reported,Yes,85495,2,4786.666666666667,5.953690807799443,0,1
Chevrolet,Trailblazer RS,2023,10000,Gasoline,155.0HP 1.3L 3 Cylinder Engine Gasoline Fuel,9-Speed A/T,Blue,Black,None reported,Yes,32000,2,3333.3333333333335,3.2,0,1
Chevrolet,Suburban 1500 LTZ,2015,217500,Gasoline,355.0HP 5.3L 8 Cylinder Engine Gasoline Fuel,A/T,Black,Black,None reported,Yes,20000,10,19772.727272727272,0.09195402298850575,0,1
Chevrolet,Suburban Premier,2021,73846,Gasoline,5.3L V8 16V GDI OHV,10-Speed Automatic,Midnight Blue Metallic,Jet Black,None reported,Yes,60995,4,14769.2,0.8259756791159981,0,1
Jeep,Gladiator Overland,2020,40000,Gasoline,285.0HP 3.6L V6 Cylinder Engine Gasoline Fuel,Transmission w/Dual Shift Mode,Gray,Black,None reported,Yes,45000,5,6666.666666666667,1.125,0,0
GMC,Yukon XL AT4,2023,9980,Gasoline,355.0HP 5.3L 8 Cylinder Engine Gasoline Fuel,10-Speed A/T,Black,Black,None reported,Yes,82000,2,3326.6666666666665,8.216432865731463,0,1
Mazda,Mazda6 Grand Touring Reserve,2019,41997,Gasoline,227.0HP 2.5L 4 Cylinder Engine Gasoline Fuel,6-Speed A/T,Black,Black,None reported,Yes,24995,6,5999.571428571428,0.5951615591589875,0,1
Alfa,Romeo Giulia Ti,2021,2000,Gasoline,280.0HP 2.0L 4 Cylinder Engine Gasoline Fuel,8-Speed A/T,Blue,Brown,None reported,Yes,39000,4,400.0,19.5,0,1
Mercedes-Benz,CLA-Class CLA 250,2016,42750,Gasoline,208.0HP 2.0L 4 Cylinder Engine Gasoline Fuel,Transmission w/Dual Shift Mode,Black,Black,At least 1 accident or damage reported,Yes,22999,9,4275.0,0.5379883040935672,1,0
BMW,330 330i xDrive,2019,19473,Gasoline,Intercooled Turbo Premium Unleaded I-4 2.0 L/122,Automatic,Alpine White,Canberra Beige,None reported,Yes,31698,6,2781.8571428571427,1.6277923278385458,0,1
Volkswagen,Beetle 2.0T S,2019,35340,Gasoline,174.0HP 2.0L 4 Cylinder Engine Gasoline Fuel,A/T,Black,Gray,None reported,Yes,23000,6,5048.571428571428,0.6508205998868138,0,1
Mercedes-Benz,CLK-Class CLK 350,2008,93000,Gasoline,268.0HP 3.5L V6 Cylinder Engine Gasoline Fuel,7-Speed A/T,White,Beige,At least 1 accident or damage reported,Yes,12000,17,5166.666666666667,0.12903225806451613,1,1
Audi,RS 7 4.0T Prestige,2014,66150,Gasoline,560.0HP 4.0L 8 Cylinder Engine Gasoline Fuel,8-Speed A/T,White,Black,At least 1 accident or damage reported,Yes,47995,11,5512.5,0.7255479969765684,1,1
Volvo,XC60 Recharge Plug-In Hybrid T8 Inscription,2022,19352,Plug-In Hybrid,455.0HP 2.0L 4 Cylinder Engine Plug-In Electric/Gas,8-Speed A/T,Blue,Beige,None reported,Yes,54599,3,4838.0,2.8213621331128564,0,1
Land,Rover Range Rover Supercharged LWB,2020,81000,Gasoline,518.0HP 5.0L 8 Cylinder Engine Gasoline Fuel,A/T,Black,Black,None reported,Yes,64800,5,13500.0,0.8,0,1
Toyota,Sequoia Limited,2011,183000,Gasoline,381.0HP 5.7L 8 Cylinder Engine Gasoline Fuel,6-Speed A/T,Gold,Beige,None reported,Yes,16000,14,12200.0,0.08743169398907104,0,1
Jeep,Wrangler X,2004,44000,Gasoline,190.0HP 4.0L Straight 6 Cylinder Engine Gasoline Fuel,M/T,Green,Green,At least 1 accident or damage reported,Yes,24999,21,2000.0,0.5681590909090909,1,0
Audi,S5 3.0T Premium,2021,18100,Gasoline,349.0HP 3.0L V6 Cylinder Engine Gasoline Fuel,8-Speed A/T,Gray,Gray,None reported,Yes,51800,4,3620.0,2.861878453038674,0,1
Land,Rover Range Rover Sport Supercharged,2011,40000,Gasoline,510.0HP 5.0L 8 Cylinder Engine Gasoline Fuel,Transmission w/Dual Shift Mode,Blue,Brown,At least 1 accident or damage reported,Yes,20000,14,2666.6666666666665,0.5,1,0
Mercedes-Benz,Sprinter 2500,2011,120000,Diesel,188.0HP 3.0L V6 Cylinder Engine Diesel Fuel,5-Speed A/T,Black,Gray,None reported,Yes,31999,14,8000.0,0.26665833333333333,0,1
Toyota,Sequoia Platinum,2023,325,Hybrid,437.0HP 3.4L V6 Cylinder Engine Gas/Electric Hybrid,10-Speed A/T,Blue,Gray,None reported,Yes,84997,2,108.33333333333333,261.52923076923076,0,1
Maserati,Quattroporte S GranLusso,2017,55000,Gasoline,405.0HP 3.0L V6 Cylinder Engine Gasoline Fuel,A/T,Blue,Black,None reported,Yes,39100,8,6111.111111111111,0.7109090909090909,0,1
Toyota,Land Cruiser Base,1996,233000,–,–,A/T,Blue,Gray,None reported,Yes,7500,29,7766.666666666667,0.032188841201716736,0,1
Lamborghini,Aventador SVJ Base,2021,6987,Gasoline,6.5L V12 48V MPFI DOHC,7-Speed,–,Nero Ade,None reported,Yes,749950,4,1397.4,107.33505080864462,0,0
Ford,Mustang Bullitt,2019,48500,Gasoline,480.0HP 5.0L 8 Cylinder Engine Gasoline Fuel,6-Speed M/T,Black,Black,At least 1 accident or damage reported,Yes,44999,6,6928.571428571428,0.9278144329896907,1,0
RAM,2500 Tradesman,2018,52000,Diesel,350.0HP 6.7L Straight 6 Cylinder Engine Diesel Fuel,6-Speed A/T,Gray,Black,None reported,Yes,50000,7,6500.0,0.9615384615384616,0,1
Toyota,FJ Cruiser Base,2007,179000,Gasoline,239.0HP 4.0L V6 Cylinder Engine Gasoline Fuel,A/T,Silver,Black,At least 1 accident or damage reported,Yes,17900,18,9421.052631578947,0.1,1,1
Dodge,Charger Scat Pack,2019,42626,Gasoline,485.0HP 6.4L 8 Cylinder Engine Gasoline Fuel,8-Speed A/T,Silver,Red,None reported,Yes,42000,6,6089.428571428572,0.9853141275277999,0,1
Lexus,GX 460 Base,2018,65900,Gasoline,301.0HP 4.6L 8 Cylinder Engine Gasoline Fuel,Transmission w/Dual Shift Mode,Gray,Black,At least 1 accident or damage reported,Yes,34700,7,8237.5,0.5265553869499241,1,0
Genesis,GV80 2.5T,2022,7523,Gasoline,2.5L I4 16V PDI DOHC Turbo,8-Speed Automatic,Black,Black,None reported,Yes,54543,3,1880.75,7.250166157118171,0,1
Jaguar,F-PACE 30t R-Sport,2019,34365,Gasoline,2.0 Liter,Automatic,Yulong,Ebony,None reported,Yes,59598,6,4909.285714285715,1.7342645133129637,0,1
Kia,Sportage S,2021,16949,Gasoline,2.4L I4 16V GDI DOHC,6-Speed Automatic,Hyper Red,Black,None reported,Yes,24995,4,3389.8,1.474718272464452,0,1
Mercedes-Benz,S-Class S 580 4MATIC,2022,7968,Hybrid,496.0HP 4.0L 8 Cylinder Engine Gasoline/Mild Electric Hybrid,9-Speed A/T,White,White,None reported,Yes,104999,3,1992.0,13.177585341365463,0,1
Porsche,Panamera Base,2018,61000,Gasoline,330.0HP 3.0L V6 Cylinder Engine Gasoline Fuel,Transmission w/Dual Shift Mode,Gray,Gray,None reported,Yes,57500,7,7625.0,0.9426229508196722,0,0
INFINITI,QX80 Base,2018,100564,Gasoline,5.6L V8 32V GDI DOHC,7-Speed Automatic,Black,Graphite,None reported,Yes,23105,7,12570.5,0.22975418638876735,0,1
Ford,Maverick Lariat,2022,13700,Hybrid,191.0HP 2.5L 4 Cylinder Engine Gas/Electric Hybrid,CVT Transmission,Blue,Brown,None reported,Yes,39500,3,3425.0,2.883211678832117,0,0
Kia,Telluride SX,2021,38612,Gasoline,3.8L V6 24V GDI DOHC,8-Speed Automatic,Ebony Black,Black,None reported,Yes,42242,4,7722.4,1.0940122241790118,0,1
Chevrolet,Colorado Z85,2005,155000,Gasoline,220.0HP 3.5L 5 Cylinder Engine Gasoline Fuel,A/T,Blue,Gray,At least 1 accident or damage reported,Yes,7995,20,7380.952380952381,0.05158064516129032,1,1
Mercedes-Benz,E-Class E 550,2017,56000,Gasoline,402.0HP 4.7L 8 Cylinder Engine Gasoline Fuel,Transmission w/Dual Shift Mode,Gray,White,None reported,Yes,35750,8,6222.222222222223,0.6383928571428571,0,0
Land,Rover Range Rover Sport SVR,2022,15107,Gasoline,5.0L V8 32V GDI DOHC Supercharged,8-Speed Automatic,Santorini Black Metallic,Ebony,None reported,Yes,114900,3,3776.75,7.60574568081022,0,1
Toyota,Corolla Hybrid LE,2022,44459,Hybrid,121.0HP 1.8L 4 Cylinder Engine Gas/Electric Hybrid,A/T,Silver,Gray,None reported,Yes,22945,3,11114.75,0.5160934793855012,0,1
Mercedes-Benz,E-Class E 300 4MATIC,2017,31000,Gasoline,241.0HP 2.0L 4 Cylinder Engine Gasoline Fuel,A/T,Blue,White,At least 1 accident or damage reported,Yes,38000,8,3444.4444444444443,1.2258064516129032,1,1
Mercedes-Benz,SLK-Class SLK 350,2012,44000,Gasoline,302.0HP 3.5L V6 Cylinder Engine Gasoline Fuel,Transmission w/Dual Shift Mode,Gray,White,At least 1 accident or damage reported,Yes,22222,13,3142.8571428571427,0.5050454545454546,1,0
Mercedes-Benz,E-Class E 400 4MATIC,2018,22558,Gasoline,3.0L V6 24V GDI DOHC Twin Turbo,9-Speed Automatic,Black,Black,None reported,Yes,47645,7,2819.75,2.1121110027484704,0,1
Jeep,Wrangler X,2003,116157,Gasoline,210.0HP 4.0L Straight 6 Cylinder Engine Gasoline Fuel,4-Speed A/T,Beige,Beige,None reported,Yes,14250,22,5050.304347826087,0.1226787881918438,0,1
Lincoln,Navigator Premiere,2018,23500,Gasoline,450.0HP 3.5L V6 Cylinder Engine Gasoline Fuel,10-Speed A/T,Black,Black,At least 1 accident or damage reported,Yes,50000,7,2937.5,2.127659574468085,1,1
Chevrolet,Corvette Base,2008,28150,Gasoline,430.0HP 6.2L 8 Cylinder Engine Gasoline Fuel,Transmission w/Dual Shift Mode,Red,Beige,None reported,Yes,31000,17,1563.888888888889,1.1012433392539964,0,0
GMC,Yukon XL Denali,2016,137500,Gasoline,420.0HP 6.2L 8 Cylinder Engine Gasoline Fuel,A/T,Black,Black,At least 1 accident or damage reported,Yes,29500,9,13750.0,0.21454545454545454,1,1
Mercedes-Benz,Metris Base,2021,2284,Gasoline,2.0L I4 16V GDI DOHC Turbo,9-Speed Automatic,Black,Tan,None reported,Yes,157500,4,456.8,68.95796847635727,0,1
Land,Rover Range Rover P530 SE LWB 7 Seat,2023,350,Gasoline,523.0HP 4.4L 8 Cylinder Engine Gasoline Fuel,Transmission w/Dual Shift Mode,Black,Beige,None reported,Yes,195000,2,116.66666666666667,557.1428571428571,0,0
Ford,Explorer XLT,2017,169000,E85 Flex Fuel,290.0HP 3.5L V6 Cylinder Engine Flex Fuel Capability,A/T,White,Beige,None reported,Yes,13000,8,18777.777777777777,0.07692307692307693,0,1
Ferrari,488 GTB Base,2018,17761,Gasoline,3.9L V8 32V GDI DOHC Twin Turbo,7-Speed Automatic with Auto-Shift,Rosso Corsa,Nero,None reported,Yes,243900,7,2220.125,13.732334891053432,0,1
Chevrolet,Camaro 2SS,2010,8949,Gasoline,426.0HP 6.2L 8 Cylinder Engine Gasoline Fuel,M/T,Yellow,Black,None reported,Yes,30000,15,559.3125,3.352329869259135,0,0
BMW,750 i xDrive,2020,25108,Gasoline,523.0HP 4.4L 8 Cylinder Engine Gasoline Fuel,8-Speed A/T,Black,Black,None reported,Yes,66000,5,4184.666666666667,2.628644256810578,0,1
Land,Rover Range Rover 3.0L Supercharged HSE,2016,103000,Gasoline,380.0HP 3.0L V6 Cylinder Engine Gasoline Fuel,Transmission w/Dual Shift Mode,Black,Black,None reported,Yes,33999,9,10300.0,0.3300873786407767,0,0
Porsche,911 Carrera 4 Cabriolet,2003,87600,Gasoline,315.0HP 3.6L Flat 6 Cylinder Engine Gasoline Fuel,Transmission w/Dual Shift Mode,Black,Black,At least 1 accident or damage reported,Yes,32000,22,3808.695652173913,0.365296803652968,1,0
Maserati,MC20 Base,2022,1087,Gasoline,3.0L V6 24V PDI DOHC Twin Turbo,8-Speed Automatic with Auto-Shift,Matte White,Black,None reported,Yes,279000,3,271.75,256.66973321067155,0,1
Mercedes-Benz,CLA-Class CLA 250,2015,76753,Gasoline,208.0HP 2.0L 4 Cylinder Engine Gasoline Fuel,A/T,Red,Black,At least 1 accident or damage reported,Yes,15999,10,6977.545454545455,0.20844787825883027,1,1
Mercedes-Benz,Metris Base,2019,10500,Gasoline,208.0HP 2.0L 4 Cylinder Engine Gasoline Fuel,A/T,Black,Brown,None reported,Yes,79500,6,1500.0,7.571428571428571,0,1
Mercedes-Benz,E-Class E 350 4MATIC,2011,199000,Gasoline,268.0HP 3.5L V6 Cylinder Engine Gasoline Fuel,7-Speed A/T,Silver,Black,None reported,Yes,9250,14,13266.666666666666,0.04648241206030151,0,1
Lexus,LS 460 L,2007,127980,Gasoline,380.0HP 4.6L 8 Cylinder Engine Gasoline Fuel,8-Speed A/T,Blue,Beige,None reported,Yes,9999,18,6735.789473684211,0.07812939521800281,0,1
BMW,X6 xDrive40i,2023,16307,Hybrid,335.0HP 3.0L Straight 6 Cylinder Engine Gasoline/Mild Electric Hybrid,A/T,Red,White,None reported,Yes,71400,2,5435.666666666667,4.378487765990066,0,1
Audi,S5 3.0T Prestige,2021,13566,Gasoline,3.0L,1-Speed Automatic,Daytona Gray Pearl Effect,Magma Red,None reported,Yes,57900,4,2713.2,4.268022998673153,0,1
Audi,Q7 Premium Plus,2022,22588,Hybrid,3.0 Liter TFSI,Automatic,Navarra Blue,Saiga Beige,None reported,Yes,52598,3,5647.0,2.3285815477244554,0,1
Jaguar,XE 25t,2019,41452,Gasoline,247.0HP 2.0L 4 Cylinder Engine Gasoline Fuel,Transmission w/Dual Shift Mode,White,Black,At least 1 accident or damage reported,Yes,22500,6,5921.714285714285,0.5427964875036186,1,0
Genesis,G80 3.3T Sport,2019,57500,Gasoline,365.0HP 3.3L V6 Cylinder Engine Gasoline Fuel,A/T,Red,Black,None reported,Yes,32990,6,8214.285714285714,0.5737391304347826,0,1
BMW,M2 Competition,2020,500,Gasoline,405.0HP 3.0L Straight 6 Cylinder Engine Gasoline Fuel,7-Speed A/T,Black,Black,None reported,Yes,70000,5,83.33333333333333,140.0,0,1
Subaru,Impreza WRX Premium,2014,55000,Gasoline,265.0HP 2.5L 4 Cylinder Engine Gasoline Fuel,5-Speed M/T,White,Black,None reported,Yes,30000,11,4583.333333333333,0.5454545454545454,0,0
GMC,Sierra 2500 Base,2021,8210,Gasoline,401.0HP 6.6L 8 Cylinder Engine Gasoline Fuel,A/T,White,Black,None reported,Yes,55000,4,1642.0,6.699147381242387,0,1
Lincoln,Nautilus Reserve,2021,18160,Gasoline,2.7L V6 24V GDI DOHC Twin Turbo,8-Speed Automatic,Silver Radiance,Slate,None reported,Yes,46850,4,3632.0,2.5798458149779737,0,1
Jaguar,XF XFR-S,2013,4279,Gasoline,550.0HP 5.0L 8 Cylinder Engine Gasoline Fuel,8-Speed A/T,White,Black,None reported,Yes,70000,12,329.15384615384613,16.35896237438654,0,1
Mercedes-Benz,Sprinter Normal Roof,2013,39748,Diesel,188.0HP 3.0L V6 Cylinder Engine Diesel Fuel,A/T,Silver,Black,At least 1 accident or damage reported,Yes,54995,12,3057.5384615384614,1.3835916272516857,1,1
Toyota,Land Cruiser Base,1998,160000,Gasoline,230.0HP 4.7L 8 Cylinder Engine Gasoline Fuel,4-Speed A/T,White,Beige,At least 1 accident or damage reported,Yes,12490,27,5714.285714285715,0.0780625,1,1
Toyota,Tacoma PreRunner,2013,65000,Gasoline,159.0HP 2.7L 4 Cylinder Engine Gasoline Fuel,A/T,Silver,Gray,None reported,Yes,20500,12,5000.0,0.3153846153846154,0,1
BMW,Z4 sDrive28i,2016,59000,Gasoline,240.0HP 2.0L 4 Cylinder Engine Gasoline Fuel,8-Speed A/T,Black,Beige,None reported,Yes,25000,9,5900.0,0.423728813559322,0,1
BMW,530e Base,2022,22700,Plug-In Hybrid,288.0HP 2.0L 4 Cylinder Engine Plug-In Electric/Gas,A/T,White,Black,None reported,Yes,47000,3,5675.0,2.0704845814977975,0,1
Mercedes-Benz,GLA 250 Base 4MATIC,2018,56578,E85 Flex Fuel,208.0HP 2.0L 4 Cylinder Engine Flex Fuel Capability,7-Speed A/T,White,Black,None reported,Yes,20900,7,7072.25,0.36940153416522326,0,1
Hyundai,Genesis 4.6,2010,153332,Gasoline,378.0HP 4.6L 8 Cylinder Engine Gasoline Fuel,Transmission w/Dual Shift Mode,Silver,Black,At least 1 accident or damage reported,Yes,10000,15,9583.25,0.06521795841702971,1,0
Cadillac,ATS 3.6L Luxury,2013,89700,Gasoline,321.0HP 3.6L V6 Cylinder Engine Gasoline Fuel,6-Speed A/T,Black,Red,None reported,Yes,17999,12,6900.0,0.2006577480490524,0,1
Lincoln,Town Car Signature,2002,118600,Gasoline,220.0HP 4.6L 8 Cylinder Engine Gasoline Fuel,A/T,Black,Gray,At least 1 accident or damage reported,Yes,5230,23,4941.666666666667,0.04409780775716695,1,1
GMC,Sierra 1500 SLT,2021,23400,Gasoline,420.0HP 6.2L 8 Cylinder Engine Gasoline Fuel,A/T,Black,Black,None reported,Yes,52000,4,4680.0,2.2222222222222223,0,1
Mercedes-Benz,Sprinter High Roof,2015,110000,Diesel,188.0HP 3.0L V6 Cylinder Engine Diesel Fuel,A/T,White,Gray,None reported,Yes,29000,10,10000.0,0.2636363636363636,0,1
Jaguar,XJ Vanden Plas,2008,87888,Gasoline,300.0HP 4.2L 8 Cylinder Engine Gasoline Fuel,6-Speed A/T,Black,Black,None reported,Yes,11990,17,4882.666666666667,0.13642363007464045,0,1
Lexus,RC 350 Base,2015,73800,Gasoline,3.5L V6 24V PDI DOHC,6-Speed Automatic,Black,Black,None reported,Yes,26999,10,6709.090909090909,0.365840108401084,0,1
Audi,S3 2.0T Premium Plus,2015,78124,Gasoline,292.0HP 2.0L 4 Cylinder Engine Gasoline Fuel,6-Speed A/T,Blue,Black,None reported,Yes,21500,10,7102.181818181818,0.27520352260508935,0,1
Subaru,WRX Limited,2015,91000,Gasoline,268.0HP 2.0L 4 Cylinder Engine Gasoline Fuel,6-Speed M/T,Red,Black,At least 1 accident or damage reported,Yes,19000,10,8272.727272727272,0.2087912087912088,1,0
Dodge,Ram 2500 SLT Quad Cab,2003,114000,Gasoline,345.0HP 5.7L 8 Cylinder Engine Gasoline Fuel,5-Speed A/T,White,Beige,At least 1 accident or damage reported,Yes,10700,22,4956.521739130435,0.09385964912280702,1,1
Subaru,WRX Limited,2015,76000,Gasoline,268.0HP 2.0L 4 Cylinder Engine Gasoline Fuel,6-Speed M/T,Blue,Black,None reported,Yes,21000,10,6909.090909090909,0.27631578947368424,0,0
Audi,RS 4 4.2 quattro L,2008,146500,Gasoline,420.0HP 4.2L 8 Cylinder Engine Gasoline Fuel,6-Speed M/T,Red,Black,At least 1 accident or damage reported,Yes,30000,17,8138.888888888889,0.20477815699658702,1,0
Porsche,911 Carrera,2007,26021,Gasoline,325.0HP 3.6L Flat 6 Cylinder Engine Gasoline Fuel,6-Speed M/T,Silver,Gray,None reported,Yes,53999,18,1369.5263157894738,2.0752084854540565,0,0
Audi,A4 2.0T Premium Plus,2015,73000,E85 Flex Fuel,220.0HP 2.0L 4 Cylinder Engine Flex Fuel Capability,A/T,Black,Black,At least 1 accident or damage reported,Yes,17200,10,6636.363636363636,0.2356164383561644,1,1
Audi,A4 3.2 Premium Plus quattro,2009,153000,Gasoline,265.0HP 3.2L V6 Cylinder Engine Gasoline Fuel,6-Speed A/T,Gray,Beige,None reported,Yes,8700,16,9000.0,0.056862745098039215,0,1
Ford,Excursion Limited,2003,67550,Diesel,325.0HP 6.0L 8 Cylinder Engine Diesel Fuel,5-Speed A/T,Gold,Beige,None reported,Yes,30000,22,2936.9565217391305,0.44411547002220575,0,1
Ford,Excursion Limited,2004,170000,Gasoline,310.0HP 6.8L 10 Cylinder Engine Gasoline Fuel,A/T,Gold,Gold,None reported,Yes,8500,21,7727.272727272727,0.05,0,1
Land,Rover Range Rover Sport 5.0L Supercharged Dynamic,2017,53000,Gasoline,510.0HP 5.0L 8 Cylinder Engine Gasoline Fuel,Transmission w/Dual Shift Mode,Black,Beige,None reported,Yes,47500,8,5888.888888888889,0.8962264150943396,0,0
Audi,Q8 3.0T Prestige,2019,54900,Hybrid,335.0HP 3.0L V6 Cylinder Engine Gasoline/Mild Electric Hybrid,A/T,Gold,Black,At least 1 accident or damage reported,Yes,48500,6,7842.857142857143,0.8834244080145719,1,1
BMW,X5 xDrive35i,2016,89000,Gasoline,300.0HP 3.0L Straight 6 Cylinder Engine Gasoline Fuel,8-Speed A/T,Black,Black,None reported,Yes,24000,9,8900.0,0.2696629213483146,0,1
Ford,Bronco Base,2022,6200,Gasoline,275.0HP 2.3L 4 Cylinder Engine Gasoline Fuel,7-Speed M/T,Black,Black,None reported,Yes,49000,3,1550.0,7.903225806451613,0,0
Ford,F-150 XLT,2021,51808,Gasoline,5.0L V8 32V PDI DOHC,10-Speed Automatic,Silver,Black,None reported,Yes,42388,4,10361.6,0.8181747992588018,0,1
Hyundai,Genesis Coupe 3.8 Track,2013,89000,Gasoline,344.0HP 3.8L V6 Cylinder Engine Gasoline Fuel,6-Speed M/T,White,Black,At least 1 accident or damage reported,Yes,12500,12,6846.153846153846,0.1404494382022472,1,0
Toyota,Camry LE,1999,86111,Gasoline,133.0HP 2.2L 4 Cylinder Engine Gasoline Fuel,A/T,Gold,Beige,At least 1 accident or damage reported,Yes,3500,26,3189.296296296296,0.04064521373575966,1,1
Mercedes-Benz,E-Class E 400 4MATIC,2018,45203,Gasoline,3.0L V6 24V GDI DOHC Twin Turbo,9-Speed Automatic,White,Saddle Brown,None reported,Yes,39853,7,5650.375,0.8816450235603832,0,1
Audi,S5 3.0T Prestige,2022,14739,Gasoline,3.0L,1-Speed Automatic,Daytona Gray Pearl Effect,Black,None reported,Yes,61900,3,3684.75,4.199742180609268,0,1
Buick,Enclave Premium,2017,139105,Gasoline,3.6L V6 24V GDI DOHC,6-Speed Automatic,Iridium Metallic,Light Titanium,At least 1 accident or damage reported,Yes,17550,8,15456.111111111111,0.12616368929945004,1,1
Lamborghini,Gallardo LP560-4,2010,45014,Gasoline,560.0HP 5.2L 10 Cylinder Engine Gasoline Fuel,6-Speed A/T,Gray,Black,None reported,Yes,109499,15,2813.375,2.432554316434887,0,1
Ford,Mustang GT Premium,2011,101000,Gasoline,412.0HP 5.0L 8 Cylinder Engine Gasoline Fuel,6-Speed M/T,Red,Black,None reported,Yes,18500,14,6733.333333333333,0.18316831683168316,0,0
GMC,Yukon XL SLT,2016,93000,Gasoline,355.0HP 5.3L 8 Cylinder Engine Gasoline Fuel,A/T,Black,Black,At least 1 accident or damage reported,Yes,30000,9,9300.0,0.3225806451612903,1,1
Ford,Mustang V6 Premium,2013,62500,Gasoline,305.0HP 3.7L V6 Cylinder Engine Gasoline Fuel,6-Speed M/T,Black,Black,None reported,Yes,16000,12,4807.692307692308,0.256,0,0
Lexus,IS-F Base,2008,75000,Gasoline,416.0HP 5.0L 8 Cylinder Engine Gasoline Fuel,8-Speed A/T,Blue,Black,At least 1 accident or damage reported,Yes,29000,17,4166.666666666667,0.38666666666666666,1,1
BMW,435 i,2015,34455,Gasoline,300.0HP 3.0L Straight 6 Cylinder Engine Gasoline Fuel,8-Speed A/T,Gray,Beige,None reported,Yes,28000,10,3132.2727272727275,0.8126541866202293,0,1
Land,Rover Range Rover Supercharged,2010,130000,Gasoline,510.0HP 5.0L 8 Cylinder Engine Gasoline Fuel,A/T,White,Black,None reported,Yes,15500,15,8125.0,0.11923076923076924,0,1
Mercedes-Benz,CLA-Class CLA 250,2014,76170,Gasoline,208.0HP 2.0L 4 Cylinder Engine Gasoline Fuel,Transmission w/Dual Shift Mode,Gray,Black,At least 1 accident or damage reported,Yes,16500,11,6347.5,0.21662071681764475,1,0
GMC,Yukon SLT,2010,194500,E85 Flex Fuel,320.0HP 5.3L 8 Cylinder Engine Flex Fuel Capability,6-Speed A/T,White,Beige,At least 1 accident or damage reported,Yes,9500,15,12156.25,0.04884318766066838,1,1
BMW,535 i,2008,135000,Gasoline,300.0HP 3.0L Straight 6 Cylinder Engine Gasoline Fuel,A/T,Silver,Black,None reported,Yes,5699,17,7500.0,0.042214814814814816,0,1
Dodge,Charger GT,2021,33000,Gasoline,300.0HP 3.6L V6 Cylinder Engine Gasoline Fuel,Transmission w/Dual Shift Mode,White,Gray,At least 1 accident or damage reported,Yes,26999,4,6600.0,0.8181515151515152,1,0
Hyundai,Genesis 3.8,2010,98700,Gasoline,290.0HP 3.8L V6 Cylinder Engine Gasoline Fuel,Transmission w/Dual Shift Mode,Beige,Beige,None reported,Yes,10340,15,6168.75,0.10476190476190476,0,0
Honda,Civic Type R Touring,2018,72900,Gasoline,306.0HP 2.0L 4 Cylinder Engine Gasoline Fuel,6-Speed M/T,Black,Black,At least 1 accident or damage reported,Yes,35500,7,9112.5,0.4869684499314129,1,0
Dodge,Durango R/T,2016,135000,Gasoline,360.0HP 5.7L 8 Cylinder Engine Gasoline Fuel,A/T,Black,Black,None reported,Yes,20000,9,13500.0,0.14814814814814814,0,1
Chevrolet,Silverado 1500 Limited High Country,2022,2550,Gasoline,355.0HP 5.3L 8 Cylinder Engine Gasoline Fuel,10-Speed A/T,Red,Black,None reported,Yes,60000,3,637.5,23.529411764705884,0,1
Jeep,Grand Cherokee Altitude,2020,35289,Gasoline,3.6L V6 24V MPFI DOHC,8-Speed Automatic,Granite Crystal Clearcoat Metallic,Black,None reported,Yes,35470,5,5881.5,1.0051290770495056,0,1
RAM,1500 Laramie,2022,14636,Gasoline,5.7L V8 16V MPFI OHV,8-Speed Automatic,Diamond Black,Black,None reported,Yes,46599,3,3659.0,3.183861710849959,0,1
Chrysler,Crossfire Limited,2005,24847,Gasoline,3.2L V6 18V MPFI SOHC,5-Speed Automatic,White,Dark Gray,None reported,Yes,13046,20,1183.1904761904761,0.5250533263573067,0,1
Nissan,Rogue SL,2019,29558,Gasoline,2.5L I4 16V MPFI DOHC,Automatic CVT,Magnetic Black,Charcoal,None reported,Yes,25884,6,4222.571428571428,0.8757020096082279,0,1
Audi,A6 55 Premium Plus,2023,6581,Gasoline,"3L V-6 gasoline direct injection, DOHC, variable valve control,","Automatic, 7-Spd S tronic Dual-Clutch",Chronos Gray Metallic,Black,None reported,Yes,59900,2,2193.6666666666665,9.101960188421213,0,1
Mercedes-Benz,AMG GT 53 Base,2020,22000,Hybrid,429.0HP 3.0L Straight 6 Cylinder Engine Gasoline/Mild Electric Hybrid,9-Speed A/T,Gray,Black,None reported,Yes,83999,5,3666.6666666666665,3.8181363636363637,0,1
Acura,ILX Technology Plus Package,2017,68200,Gasoline,201.0HP 2.4L 4 Cylinder Engine Gasoline Fuel,Transmission w/Dual Shift Mode,Black,–,At least 1 accident or damage reported,Yes,15750,8,7577.777777777777,0.23093841642228738,1,0
Land,Rover Range Rover P530 SE SWB,2023,2800,Gasoline,523.0HP 4.4L 8 Cylinder Engine Gasoline Fuel,8-Speed A/T,White,Red,None reported,Yes,175000,2,933.3333333333334,62.5,0,1
Ford,Expedition Platinum,2019,51300,Gasoline,3.5L V6 24V GDI DOHC Twin Turbo,10-Speed Automatic,White,Platinum,None reported,Yes,48295,6,7328.571428571428,0.9414230019493177,0,1
BMW,M3 Base,2008,133500,Gasoline,414.0HP 4.0L 8 Cylinder Engine Gasoline Fuel,6-Speed M/T,Gray,Black,None reported,Yes,18500,17,7416.666666666667,0.13857677902621723,0,0
INFINITI,M37 x,2012,49000,Gasoline,330.0HP 3.7L V6 Cylinder Engine Gasoline Fuel,7-Speed A/T,Gray,Black,None reported,Yes,19900,13,3500.0,0.4061224489795918,0,1
BMW,650 i,2008,125470,Gasoline,360.0HP 4.8L 8 Cylinder Engine Gasoline Fuel,A/T,Black,Beige,None reported,Yes,8000,17,6970.555555555556,0.0637602614170718,0,1
Mazda,RX-8 Grand Touring,2008,81219,Gasoline,232.0HP 1.3L Rotary engine Gasoline Fuel,6-Speed M/T,Red,Black,None reported,Yes,8500,17,4512.166666666667,0.10465531464312537,0,0
Porsche,Boxster Base,1999,72000,Gasoline,201.0HP 2.5L Flat 6 Cylinder Engine Gasoline Fuel,5-Speed M/T,Blue,Gray,None reported,Yes,12250,26,2666.6666666666665,0.1701388888888889,0,0
Acura,ILX Premium & A-SPEC Packages,2019,19500,Gasoline,201.0HP 2.4L 4 Cylinder Engine Gasoline Fuel,8-Speed A/T,Gray,Black,None reported,Yes,25000,6,2785.714285714286,1.2820512820512822,0,1
Porsche,911 Carrera S,2017,20561,Gasoline,420.0HP 3.0L Flat 6 Cylinder Engine Gasoline Fuel,7-Speed M/T,Red,Black,None reported,Yes,105000,8,2284.5555555555557,5.1067555080005835,0,0
Lexus,LX 570 Base,2016,33655,Gasoline,383.0HP 5.7L 8 Cylinder Engine Gasoline Fuel,8-Speed A/T,White,Brown,None reported,Yes,62900,9,3365.5,1.8689644926459663,0,1
Toyota,Highlander Limited Platinum,2015,135140,Gasoline,270.0HP 3.5L V6 Cylinder Engine Gasoline Fuel,A/T,White,Beige,None reported,Yes,23500,10,12285.454545454546,0.1738937398253663,0,1
Maserati,Ghibli Base,2015,73000,Gasoline,345.0HP 3.0L V6 Cylinder Engine Gasoline Fuel,8-Speed A/T,Black,Brown,None reported,Yes,17999,10,6636.363636363636,0.24656164383561643,0,1
Land,Rover Range Rover 3.0L Supercharged HSE,2017,55000,Gasoline,380.0HP 3.0L V6 Cylinder Engine Gasoline Fuel,A/T,White,Beige,At least 1 accident or damage reported,Yes,58000,8,6111.111111111111,1.0545454545454545,1,1
Chevrolet,Cruze LTZ,2013,87000,Gasoline,138.0HP 1.4L 4 Cylinder Engine Gasoline Fuel,A/T,Blue,Black,At least 1 accident or damage reported,Yes,10000,12,6692.307692307692,0.11494252873563218,1,1
BMW,325 xi,2006,137825,Gasoline,215.0HP 3.0L Straight 6 Cylinder Engine Gasoline Fuel,6-Speed A/T,Silver,Black,None reported,Yes,4000,19,6891.25,0.029022310901505532,0,1
Acura,MDX Technology,2008,184421,Gasoline,300.0HP 3.7L V6 Cylinder Engine Gasoline Fuel,A/T,Gray,Black,None reported,Yes,5000,17,10245.611111111111,0.027111879883527364,0,1
Lincoln,MKC Base,2015,95000,Gasoline,240.0HP 2.0L 4 Cylinder Engine Gasoline Fuel,6-Speed A/T,White,Black,At least 1 accident or damage reported,Yes,14900,10,8636.363636363636,0.1568421052631579,1,1
Kia,Sportage Nightfall,2022,26468,Gasoline,2.4L I4 16V GDI DOHC,6-Speed Automatic,Pacific Blue,Black,At least 1 accident or damage reported,Yes,27875,3,6617.0,1.05315853105637,1,1
Bentley,Arnage R,2003,55050,Gasoline,400.0HP 6.75L 8 Cylinder Engine Gasoline Fuel,4-Speed A/T,Gray,Gray,None reported,Yes,34995,22,2393.478260869565,0.6356948228882834,0,1
Kia,Sorento LX,2021,54200,Gasoline,191.0HP 2.5L 4 Cylinder Engine Gasoline Fuel,A/T,White,Black,None reported,Yes,23800,4,10840.0,0.43911439114391143,0,1
Lexus,SC 430 Base,2002,109762,Gasoline,300.0HP 4.3L 8 Cylinder Engine Gasoline Fuel,5-Speed A/T,Blue,Brown,None reported,Yes,15000,23,4573.416666666667,0.13665931743226253,0,1
Land,Rover Range Rover Evoque Base,2012,92080,Gasoline,240.0HP 2.0L 4 Cylinder Engine Gasoline Fuel,6-Speed A/T,Gray,Black,None reported,Yes,14500,13,6577.142857142857,0.15747176368375326,0,1
Acura,TLX Type S w/Performance Tire,2023,1798,Gasoline,355.0HP 3.0L V6 Cylinder Engine Gasoline Fuel,10-Speed A/T,Black,Black,None reported,Yes,53000,2,599.3333333333334,29.477196885428253,0,1
GMC,Sierra 1500 SLE Crew Cab,2006,167500,Gasoline,295.0HP 5.3L 8 Cylinder Engine Gasoline Fuel,A/T,Silver,Black,None reported,Yes,14500,19,8375.0,0.08656716417910448,0,1
GMC,Sierra 1500 Denali Ultimate,2023,2500,Gasoline,420.0HP 6.2L 8 Cylinder Engine Gasoline Fuel,10-Speed A/T,White,Brown,None reported,Yes,84000,2,833.3333333333334,33.6,0,1
Mercedes-Benz,E-Class E 400,2016,77000,Gasoline,329.0HP 3.0L V6 Cylinder Engine Gasoline Fuel,7-Speed A/T,White,Beige,At least 1 accident or damage reported,Yes,24000,9,7700.0,0.3116883116883117,1,1
MINI,Hardtop Cooper,2019,19850,Gasoline,134.0HP 1.5L 3 Cylinder Engine Gasoline Fuel,6-Speed A/T,Black,Black,None reported,Yes,24000,6,2835.714285714286,1.2090680100755669,0,1
Ford,Bronco Outer Banks Advanced,2023,3400,Gasoline,275.0HP 2.3L 4 Cylinder Engine Gasoline Fuel,10-Speed A/T,Gray,Gray,None reported,Yes,57000,2,1133.3333333333333,16.764705882352942,0,1
Ford,Bronco,2021,3596,Gasoline,2.7L V6 24V PDI DOHC Twin Turbo,10-Speed Automatic,Blue,Black Onyx,None reported,Yes,56900,4,719.2,15.82313681868743,0,1
Ford,F-350 Lariat Super Duty Crew Cab,2009,130200,Diesel,350.0HP 6.4L 8 Cylinder Engine Diesel Fuel,5-Speed A/T,White,Beige,None reported,Yes,28900,16,7658.823529411765,0.22196620583717358,0,1
Land,Rover Discovery Sport SE,2017,48200,Gasoline,240.0HP 2.0L 4 Cylinder Engine Gasoline Fuel,9-Speed A/T,White,Gray,None reported,Yes,24998,8,5355.555555555556,0.5186307053941909,0,1
GMC,Yukon XL SLT,2016,183544,Gasoline,355.0HP 5.3L 8 Cylinder Engine Gasoline Fuel,6-Speed A/T,Black,Black,At least 1 accident or damage reported,Yes,22000,9,18354.4,0.11986226735823563,1,1
Ford,Focus RS Base,2016,14900,Gasoline,350.0HP 2.3L 4 Cylinder Engine Gasoline Fuel,6-Speed M/T,Blue,Black,None reported,Yes,39000,9,1490.0,2.61744966442953,0,0
Ford,Bronco Badlands Advanced,2022,4200,Gasoline,315.0HP 2.7L V6 Cylinder Engine Gasoline Fuel,10-Speed A/T,Blue,Black,None reported,Yes,65994,3,1050.0,15.712857142857143,0,1
Hyundai,Genesis 5,2012,15698,Gasoline,429.0HP 5.0L 8 Cylinder Engine Gasoline Fuel,Transmission w/Dual Shift Mode,Black,Black,None reported,Yes,19000,13,1121.2857142857142,1.2103452669129826,0,0
Jeep,Wrangler Unlimited Rubicon,2022,1750,Gasoline,285.0HP 3.6L V6 Cylinder Engine Gasoline Fuel,8-Speed A/T,Gray,Brown,None reported,Yes,65500,3,437.5,37.42857142857143,0,1
BMW,X4 xDrive30i,2022,34800,Gasoline,248.0HP 2.0L 4 Cylinder Engine Gasoline Fuel,A/T,Blue,Brown,None reported,Yes,46000,3,8700.0,1.3218390804597702,0,1
Jaguar,F-PACE S,2020,35580,Gasoline,3.0 Liter,Automatic,Eiger Grey Metallic,Ebony/Light Oyster Stitch,None reported,Yes,46998,5,5930.0,1.320910623946037,0,1
Acura,RSX Type S,2006,71400,Gasoline,201.0HP 2.0L 4 Cylinder Engine Gasoline Fuel,6-Speed M/T,Black,Gray,None reported,Yes,14990,19,3570.0,0.20994397759103642,0,0
Mazda,MX-5 Miata Base,2003,9260,Gasoline,142.0HP 1.8L 4 Cylinder Engine Gasoline Fuel,5-Speed M/T,White,Beige,None reported,Yes,22000,22,402.60869565217394,2.375809935205184,0,0
GMC,Yukon XL SLT,2023,28500,Gasoline,355.0HP 5.3L 8 Cylinder Engine Gasoline Fuel,A/T,Black,Black,None reported,Yes,67800,2,9500.0,2.3789473684210525,0,1
Mercedes-Benz,E-Class E 350 4MATIC,2008,91900,Gasoline,268.0HP 3.5L V6 Cylinder Engine Gasoline Fuel,5-Speed A/T,Black,Black,None reported,Yes,8900,17,5105.555555555556,0.09684439608269858,0,1
INFINITI,G35 Base,2004,130000,Gasoline,260.0HP 3.5L V6 Cylinder Engine Gasoline Fuel,5-Speed A/T,Beige,Beige,None reported,Yes,7500,21,5909.090909090909,0.057692307692307696,0,1
Cadillac,XTS Premium,2013,56860,Gasoline,3.6L V6 24V GDI DOHC,6-Speed Automatic,White Diamond Tri-Coat,Shale,At least 1 accident or damage reported,Yes,21995,12,4373.846153846154,0.38682729511079844,1,1
MINI,Hardtop Cooper S,2017,44300,Gasoline,189.0HP 2.0L 4 Cylinder Engine Gasoline Fuel,6-Speed M/T,Silver,Black,None reported,Yes,20784,8,4922.222222222223,0.4691647855530474,0,0
BMW,X5 xDrive35i,2014,120000,Gasoline,300.0HP 3.0L Straight 6 Cylinder Engine Gasoline Fuel,Transmission w/Dual Shift Mode,Black,Black,None reported,Yes,20000,11,10000.0,0.16666666666666666,0,0
Mercedes-Benz,SL-Class SL 550,2013,72500,Gasoline,429.0HP 4.6L 8 Cylinder Engine Gasoline Fuel,7-Speed A/T,Black,Beige,None reported,Yes,31450,12,5576.923076923077,0.4337931034482759,0,1
RAM,1500 Tradesman/Express,2017,72000,Gasoline,395.0HP 5.7L 8 Cylinder Engine Gasoline Fuel,8-Speed A/T,Blue,Beige,At least 1 accident or damage reported,Yes,24200,8,8000.0,0.33611111111111114,1,1
BMW,135 i,2011,132000,Gasoline,300.0HP 3.0L Straight 6 Cylinder Engine Gasoline Fuel,7-Speed A/T,Black,Beige,None reported,Yes,11000,14,8800.0,0.08333333333333333,0,1
Rolls-Royce,Phantom,2018,7585,Gasoline,6.8L V12 48V GDI DOHC Twin Turbo,8-Speed Automatic,–,–,None reported,Yes,599000,7,948.125,78.97165458141068,0,1
Hyundai,IONIQ 5 SE,2022,18500,Gasoline,320.0HP Electric Motor Electric Fuel System,A/T,White,Black,None reported,Yes,42000,3,4625.0,2.27027027027027,0,1
Lexus,LS 430 Base,2002,42000,Gasoline,290.0HP 4.3L 8 Cylinder Engine Gasoline Fuel,A/T,Silver,Gray,At least 1 accident or damage reported,Yes,15999,23,1750.0,0.38092857142857145,1,1
Jaguar,F-PACE S,2023,4624,Gasoline,2.0 Liter,Automatic,Santorin Black,Black,None reported,Yes,56998,2,1541.3333333333333,12.326557093425606,0,1
BMW,M5 Base,2006,106000,Gasoline,500.0HP 5.0L 10 Cylinder Engine Gasoline Fuel,Transmission w/Dual Shift Mode,Black,Black,None reported,Yes,19500,19,5300.0,0.18396226415094338,0,0
Hyundai,Santa Fe SE,2022,13610,Gasoline,2.5L I4 16V PDI DOHC,8-Speed Automatic,Stormy Sea,Black,None reported,Yes,27450,3,3402.5,2.016899338721528,0,1
Lamborghini,Urus Base,2019,16876,Gasoline,4.0L V8 32V GDI DOHC Twin Turbo,8-Speed Automatic,Gray,Brown,None reported,Yes,209900,6,2410.8571428571427,12.437781464802086,0,1
Ford,Expedition Timberline,2023,8911,Gasoline,3.5L V6 24V PDI DOHC Twin Turbo,10-Speed Automatic,Dark Matter Metallic,Black Onyx,At least 1 accident or damage reported,Yes,77430,2,2970.3333333333335,8.689260464594321,1,1
Chevrolet,Silverado 1500 LT Trail Boss,2021,48641,Gasoline,5.3L V8 16V GDI OHV,10-Speed Automatic,Silver Ice Metallic,Jet Black,None reported,Yes,43666,4,9728.2,0.897720030427006,0,1
GMC,Sierra 1500 SLT,2021,11250,Gasoline,420.0HP 6.2L 8 Cylinder Engine Gasoline Fuel,A/T,White,Black,None reported,Yes,70250,4,2250.0,6.2444444444444445,0,1
Ford,Mustang Premium,2007,126000,Gasoline,210.0HP 4.0L V6 Cylinder Engine Gasoline Fuel,A/T,Red,Black,None reported,Yes,9000,18,6631.578947368421,0.07142857142857142,0,1
BMW,M5 Base,2008,77750,Gasoline,500.0HP 5.0L 10 Cylinder Engine Gasoline Fuel,7-Speed A/T,Silver,Silver,None reported,Yes,21000,17,4319.444444444444,0.27009646302250806,0,1
Toyota,Tacoma SR,2020,27363,Gasoline,278.0HP 3.5L V6 Cylinder Engine Gasoline Fuel,6-Speed A/T,Gray,Gray,None reported,Yes,35000,5,4560.5,1.2790995139421848,0,1
Porsche,Cayenne Base,2019,30951,Gasoline,3.0L V6 24V GDI DOHC Turbo,8-Speed Automatic,White,Black,None reported,Yes,80140,6,4421.571428571428,2.58925398210074,0,1
Ford,F-150 Lightning XLT,2023,208,Gasoline,563.0HP Electric Motor Electric Fuel System,A/T,Gray,Gold,None reported,Yes,89000,2,69.33333333333333,427.88461538461536,0,1
Dodge,Durango GT,2021,20386,Gasoline,3.6L V6 24V MPFI DOHC,8-Speed Automatic,Billet Clearcoat Metallic,Black,None reported,Yes,32999,4,4077.2,1.6187089178848229,0,1
BMW,330e iPerformance,2018,45253,Plug-In Hybrid,247.0HP 2.0L 4 Cylinder Engine Plug-In Electric/Gas,Transmission w/Dual Shift Mode,Black,Black,None reported,Yes,24995,7,5656.625,0.5523390714427773,0,0
GMC,Terrain Denali,2016,144000,Gasoline,301.0HP 3.6L V6 Cylinder Engine Gasoline Fuel,6-Speed A/T,White,Black,None reported,Yes,18400,9,14400.0,0.12777777777777777,0,1
Ford,Excursion Limited,2004,76163,Diesel,325.0HP 6.0L 8 Cylinder Engine Diesel Fuel,5-Speed A/T,Gold,Gold,None reported,Yes,20500,21,3461.9545454545455,0.2691595656683692,0,1
Hyundai,Genesis 3.8,2015,61300,Gasoline,311.0HP 3.8L V6 Cylinder Engine Gasoline Fuel,8-Speed A/T,Silver,Gray,None reported,Yes,20150,10,5572.727272727273,0.32871125611745516,0,1
Mitsubishi,Mirage ES,2017,35698,Gasoline,78.0HP 1.2L 3 Cylinder Engine Gasoline Fuel,A/T,Blue,Black,None reported,Yes,8750,8,3966.4444444444443,0.2451117709675612,0,1
Mercedes-Benz,E-Class E 350 4MATIC,2010,27000,Gasoline,268.0HP 3.5L V6 Cylinder Engine Gasoline Fuel,7-Speed A/T,Black,Black,None reported,Yes,22500,15,1687.5,0.8333333333333334,0,1
Mazda,Mazda3 i Sport,2015,162000,Gasoline,155.0HP 2.0L 4 Cylinder Engine Gasoline Fuel,Transmission w/Dual Shift Mode,Red,Black,None reported,Yes,11500,10,14727.272727272728,0.07098765432098765,0,0
BMW,M3 Base,2008,77800,Gasoline,414.0HP 4.0L 8 Cylinder Engine Gasoline Fuel,M/T,Red,Black,None reported,Yes,28500,17,4322.222222222223,0.36632390745501286,0,0
Mercedes-Benz,E-Class E 350,2014,55000,Gasoline,302.0HP 3.5L V6 Cylinder Engine Gasoline Fuel,A/T,Black,Black,None reported,Yes,19250,11,4583.333333333333,0.35,0,1
Ford,Bronco Outer Banks Advanced,2022,12000,Gasoline,315.0HP 2.7L V6 Cylinder Engine Gasoline Fuel,10-Speed A/T,Gray,Brown,At least 1 accident or damage reported,Yes,65999,3,3000.0,5.499916666666667,1,1
Tesla,Model X 75D,2017,70579,Gasoline,518.0HP Electric Motor Electric Fuel System,A/T,Black,White,None reported,Yes,42250,8,7842.111111111111,0.59861998611485,0,1
Jeep,Wrangler Unlimited Sport,2010,107000,Gasoline,205.0HP 3.8L V6 Cylinder Engine Gasoline Fuel,A/T,White,Gray,At least 1 accident or damage reported,Yes,17500,15,6687.5,0.16355140186915887,1,1
Honda,Pilot Elite,2021,42653,Gasoline,3.5L V6 24V GDI SOHC,9-Speed Automatic,Gray,Black,None reported,Yes,38998,4,8530.6,0.9143084894380231,0,1
Acura,TL 3.2,2008,193783,Gasoline,258.0HP 3.2L V6 Cylinder Engine Gasoline Fuel,A/T,Black,Black,At least 1 accident or damage reported,Yes,10000,17,10765.722222222223,0.05160411387995851,1,1
Lexus,IS 350 Base,2014,123000,Gasoline,306.0HP 3.5L V6 Cylinder Engine Gasoline Fuel,6-Speed A/T,Red,Black,At least 1 accident or damage reported,Yes,18000,11,10250.0,0.14634146341463414,1,1
Chevrolet,Equinox LT,2011,130000,Gasoline,264.0HP 3.0L V6 Cylinder Engine Gasoline Fuel,6-Speed A/T,Brown,Black,At least 1 accident or damage reported,Yes,7000,14,8666.666666666666,0.05384615384615385,1,1
Mitsubishi,Lancer DE,2009,143346,Gasoline,152.0HP 2.0L 4 Cylinder Engine Gasoline Fuel,5-Speed M/T,Black,Black,At least 1 accident or damage reported,Yes,3000,16,8432.117647058823,0.02092838307312377,1,0
Land,Rover LR2 Base,2015,112465,Gasoline,240.0HP 2.0L 4 Cylinder Engine Gasoline Fuel,6-Speed A/T,White,Beige,None reported,Yes,11995,10,10224.09090909091,0.10665540390343663,0,1
Nissan,Leaf SV PLUS,2023,5121,Gasoline,Electric,1-Speed Automatic,Brilliant Silver Metallic,Black,None reported,Yes,28196,2,1707.0,5.505955867994532,0,1
Audi,A5 2.0T Premium,2012,137273,Gasoline,211.0HP 2.0L 4 Cylinder Engine Gasoline Fuel,A/T,White,Beige,None reported,Yes,11000,13,9805.214285714286,0.08013229112789842,0,1
Rivian,R1S Launch Edition,2023,299,Gasoline,835.0HP Electric Motor Electric Fuel System,1-Speed A/T,Blue,Gray,None reported,Yes,92500,2,99.66666666666667,309.3645484949833,0,1
Lexus,RX 450h Base,2018,70780,Hybrid,308.0HP 3.5L V6 Cylinder Engine Gas/Electric Hybrid,CVT Transmission,Silver,Gray,None reported,Yes,35700,7,8847.5,0.5043797682961288,0,0
Chevrolet,Tahoe LT,2018,55000,Gasoline,355.0HP 5.3L 8 Cylinder Engine Gasoline Fuel,6-Speed A/T,Black,Black,None reported,Yes,37900,7,6875.0,0.6890909090909091,0,1
Mercedes-Benz,G-Class G 550 4MATIC,2017,23151,Gasoline,416.0HP 4.0L 8 Cylinder Engine Gasoline Fuel,7-Speed A/T,Gray,Black,None reported,Yes,84500,8,2572.3333333333335,3.649950326119822,0,1
Cadillac,XTS Luxury,2013,152000,Gasoline,304.0HP 3.6L V6 Cylinder Engine Gasoline Fuel,A/T,Black,Gray,At least 1 accident or damage reported,Yes,8500,12,11692.307692307691,0.05592105263157895,1,1
INFINITI,Q50 3.0t Red Sport 400,2020,23344,Gasoline,3.0L V6 24V GDI DOHC Twin Turbo,7-Speed Automatic,Liquid Platinum,White,None reported,Yes,36999,5,3890.6666666666665,1.584946881425634,0,1
Subaru,Outback 3.6R Limited,2016,87092,Gasoline,256.0HP 3.6L Flat 6 Cylinder Engine Gasoline Fuel,A/T,Blue,Black,At least 1 accident or damage reported,Yes,19500,9,8709.2,0.22390116198962018,1,1
Toyota,Avalon XLS,2004,90625,Gasoline,210.0HP 3.0L V6 Cylinder Engine Gasoline Fuel,A/T,Gray,Gray,None reported,Yes,5500,21,4119.318181818182,0.060689655172413794,0,1
Chevrolet,Traverse RS,2021,44373,Gasoline,310.0HP 3.6L V6 Cylinder Engine Gasoline Fuel,9-Speed A/T,Silver,Black,None reported,Yes,36000,4,8874.6,0.811304171455615,0,1
BMW,330 i,2021,26000,Gasoline,255.0HP 2.0L 4 Cylinder Engine Gasoline Fuel,Transmission w/Dual Shift Mode,Black,Black,None reported,Yes,37000,4,5200.0,1.4230769230769231,0,0
Karma,Revero Base,2018,20760,Gasoline,403.0HP 2.0L Electric Motor Electric Fuel System,A/T,White,Black,None reported,Yes,55500,7,2595.0,2.6734104046242773,0,1
Lexus,GX 460 Base,2021,39102,Gasoline,4.6 Liter,Automatic,Silver,Rioja Red,None reported,Yes,51798,4,7820.4,1.3246892742059229,0,1
Alfa,Romeo Stelvio Ti Sport,2019,39615,Gasoline,"2L I-4 gasoline direct injection, MultiAir2 variable valve contr","Automatic, 8-Spd",Vulcano Black Metallic,Red/Black,None reported,Yes,28900,6,5659.285714285715,0.7295216458412218,0,1
GMC,Sierra 2500 Base,2019,58000,E85 Flex Fuel,360.0HP 6.0L 8 Cylinder Engine Flex Fuel Capability,A/T,Silver,Beige,None reported,Yes,36500,6,8285.714285714286,0.6293103448275862,0,1
Lexus,IS 250 Base,2013,148000,Gasoline,204.0HP 2.5L V6 Cylinder Engine Gasoline Fuel,6-Speed A/T,Gray,Black,At least 1 accident or damage reported,Yes,10000,12,11384.615384615385,0.06756756756756757,1,1
Porsche,Panamera 2,2011,104000,Gasoline,300.0HP 3.6L V6 Cylinder Engine Gasoline Fuel,7-Speed A/T,White,Black,None reported,Yes,20900,14,6933.333333333333,0.20096153846153847,0,1
BMW,535 i xDrive,2013,46150,Gasoline,306.0HP 3.0L Straight 6 Cylinder Engine Gasoline Fuel,Transmission w/Dual Shift Mode,Silver,Black,At least 1 accident or damage reported,Yes,17000,12,3550.0,0.36836403033586135,1,0
Chevrolet,Silverado 2500 High Country,2022,18860,Diesel,445.0HP 6.6L 8 Cylinder Engine Diesel Fuel,10-Speed A/T,Blue,Gray,None reported,Yes,74500,3,4715.0,3.9501590668080593,0,1
Mercedes-Benz,AMG C 63 Base,2017,28399,Gasoline,469.0HP 4.0L 8 Cylinder Engine Gasoline Fuel,7-Speed A/T,Gray,Black,None reported,Yes,55600,8,3155.4444444444443,1.957815416035776,0,1
Jeep,Wrangler Sahara,1998,136500,Gasoline,181.0HP 4.0L Straight 6 Cylinder Engine Gasoline Fuel,5-Speed M/T,Black,Black,None reported,Yes,6999,27,4875.0,0.05127472527472528,0,0
Porsche,Boxster S,2005,95170,Gasoline,280.0HP 3.2L Flat 6 Cylinder Engine Gasoline Fuel,6-Speed M/T,Blue,Gray,None reported,Yes,24900,20,4531.9047619047615,0.26163707050541135,0,0
BMW,M3 Base,2006,95450,Gasoline,333.0HP 3.2L Straight 6 Cylinder Engine Gasoline Fuel,6-Speed M/T,Gray,Gray,At least 1 accident or damage reported,Yes,42000,19,4772.5,0.4400209533787323,1,0
Chevrolet,Camaro LT1,2022,7652,Gasoline,6.2 Liter,Automatic,Blue,Jet Black,None reported,Yes,39998,3,1913.0,5.2271301620491375,0,1
BMW,535 i xDrive,2011,169000,Gasoline,300.0HP 3.0L Straight 6 Cylinder Engine Gasoline Fuel,Transmission w/Dual Shift Mode,Black,White,At least 1 accident or damage reported,Yes,10999,14,11266.666666666666,0.0650828402366864,1,0
RAM,1500 Laramie,2022,16744,Gasoline,5.7L V8 16V MPFI OHV,8-Speed Automatic,Delmonico Red Pearlcoat,Black,None reported,Yes,46999,3,4186.0,2.8069159101767798,0,1
Mercedes-Benz,Metris Base,2020,1025,Gasoline,2.0L I4 16V GDI DOHC Turbo,7-Speed Automatic,Black,Beige,None reported,Yes,299000,5,170.83333333333334,291.7073170731707,0,1
Chevrolet,Express 1500 Cargo,2004,152000,Gasoline,195.0HP 4.3L V6 Cylinder Engine Gasoline Fuel,A/T,White,Gray,At least 1 accident or damage reported,Yes,7999,21,6909.090909090909,0.052625,1,1
BMW,X7 xDrive40i,2020,46000,Gasoline,335.0HP 3.0L Straight 6 Cylinder Engine Gasoline Fuel,Transmission w/Dual Shift Mode,Black,Black,None reported,Yes,54999,5,7666.666666666667,1.1956304347826088,0,0
BMW,X7 xDrive40i,2022,8000,Hybrid,335.0HP 3.0L Straight 6 Cylinder Engine Gasoline/Mild Electric Hybrid,A/T,Blue,Brown,None reported,Yes,85000,3,2000.0,10.625,0,1
Ferrari,F12berlinetta Base,2016,14770,Gasoline,6.3L V12 48V GDI DOHC,7-Speed Automatic with Auto-Shift,Gray,–,None reported,Yes,254900,9,1477.0,17.257955314827353,0,1
Chevrolet,Silverado 2500 LT,2016,84421,E85 Flex Fuel,360.0HP 6.0L 8 Cylinder Engine Flex Fuel Capability,6-Speed A/T,White,Black,None reported,Yes,36800,9,8442.1,0.43591049620355127,0,1
Mercedes-Benz,Maybach S 580 4MATIC,2022,4760,Gasoline,4.0L V8 32V GDI DOHC Twin Turbo,9-Speed Automatic,Diamond White,Black,None reported,Yes,229000,3,1190.0,48.109243697478995,0,1
GMC,Sierra 1500 Denali,2021,44691,Gasoline,6.2L V8 16V GDI OHV,10-Speed Automatic,White Frost Tri-Coat,Walnut,At least 1 accident or damage reported,Yes,56900,4,8938.2,1.2731869951444363,1,1
Mitsubishi,Outlander SEL,2022,11700,Gasoline,181.0HP 2.5L 4 Cylinder Engine Gasoline Fuel,A/T,White,Black,None reported,Yes,33000,3,2925.0,2.8205128205128207,0,1
Ford,Shelby GT350 Base,2019,2800,Gasoline,526.0HP 5.2L 8 Cylinder Engine Gasoline Fuel,6-Speed M/T,Black,Black,None reported,Yes,91000,6,400.0,32.5,0,0
MINI,Cooper Base,2010,58000,Gasoline,118.0HP 1.6L 4 Cylinder Engine Gasoline Fuel,6-Speed A/T,Gold,Black,None reported,Yes,8000,15,3625.0,0.13793103448275862,0,1
Toyota,Prius Touring,2009,142500,Hybrid,76.0HP 1.5L 4 Cylinder Engine Gas/Electric Hybrid,A/T,Blue,Beige,None reported,Yes,6999,16,8382.35294117647,0.04911578947368421,0,1
Cadillac,Escalade ESV Base,2007,191900,Gasoline,403.0HP 6.2L 8 Cylinder Engine Gasoline Fuel,A/T,Black,Black,At least 1 accident or damage reported,Yes,9750,18,10100.0,0.05080771235018239,1,1
Audi,A6 2.0T Premium Plus,2016,63398,Gasoline,252.0HP 2.0L 4 Cylinder Engine Gasoline Fuel,A/T,White,Gray,At least 1 accident or damage reported,Yes,19500,9,6339.8,0.3075806807785735,1,1
Chevrolet,Suburban 1500 LT,2008,162750,Gasoline,320.0HP 5.3L 8 Cylinder Engine Gasoline Fuel,Transmission Overdrive Switch,White,Black,At least 1 accident or damage reported,Yes,7200,17,9041.666666666666,0.04423963133640553,1,0
Jaguar,XK R,2012,38383,Gasoline,510.0HP 5.0L 8 Cylinder Engine Gasoline Fuel,6-Speed A/T,White,Black,None reported,Yes,36949,13,2741.6428571428573,0.9626397102884089,0,1
Porsche,911 Carrera GTS,2022,1837,Gasoline,3.0L H6 24V GDI DOHC Twin Turbo,8-Speed Automatic with Auto-Shift,Aventurine Green Metallic,Agave Green,None reported,Yes,179900,3,459.25,97.9314099074578,0,1
Ford,F-250 XLT,2022,36294,Diesel,6.7L V8 32V DDI OHV Turbo Diesel,Automatic,Oxford White,Medium Earth Gray,None reported,Yes,77535,3,9073.5,2.136303521243181,0,1
Audi,A4 2.0T Premium,2011,90818,Gasoline,211.0HP 2.0L 4 Cylinder Engine Gasoline Fuel,A/T,White,Black,At least 1 accident or damage reported,Yes,8300,14,6054.533333333334,0.09139157435750622,1,1
Cadillac,ATS 2.0L Turbo,2018,32000,Gasoline,272.0HP 2.0L 4 Cylinder Engine Gasoline Fuel,A/T,Gray,Black,None reported,Yes,22999,7,4000.0,0.71871875,0,1
Ford,Transit-350 Base,2019,94650,Gasoline,275.0HP 3.7L V6 Cylinder Engine Gasoline Fuel,6-Speed A/T,White,–,None reported,Yes,37000,6,13521.42857142857,0.39091389329107235,0,1
Mercedes-Benz,G-Class G 63 AMG,2014,49899,Gasoline,536.0HP 5.5L 8 Cylinder Engine Gasoline Fuel,A/T,White,Black,None reported,Yes,72999,11,4158.25,1.4629351289605002,0,1
Jeep,Wrangler Sahara,2011,55000,Gasoline,202.0HP 3.8L V6 Cylinder Engine Gasoline Fuel,4-Speed A/T,Red,Black,At least 1 accident or damage reported,Yes,35000,14,3666.6666666666665,0.6363636363636364,1,1
BMW,M4 Base,2015,23700,Gasoline,425.0HP 3.0L Straight 6 Cylinder Engine Gasoline Fuel,Transmission w/Dual Shift Mode,Black,Black,None reported,Yes,42800,10,2154.5454545454545,1.8059071729957805,0,0
Tesla,Model S P100D,2018,46000,Gasoline,518.0HP Electric Motor Electric Fuel System,A/T,White,Black,None reported,Yes,59500,7,5750.0,1.2934782608695652,0,1
Maserati,Ghibli S GranLusso,2020,12118,Gasoline,424.0HP 3.0L V6 Cylinder Engine Gasoline Fuel,8-Speed A/T,Blue,Brown,None reported,Yes,52900,5,2019.6666666666667,4.365406832810695,0,1
Pontiac,Firebird Trans Am,2001,64000,Gasoline,310.0HP 5.7L 8 Cylinder Engine Gasoline Fuel,6-Speed M/T,Blue,Beige,None reported,Yes,21000,24,2560.0,0.328125,0,0
Ford,Expedition XLT,2022,22169,Gasoline,3.5L V6 24V PDI DOHC Twin Turbo,10-Speed Automatic,Black,Sandstone,None reported,Yes,57352,3,5542.25,2.5870359511028913,0,1
Ferrari,812 Superfast Base,2020,1575,Gasoline,788.0HP 6.5L 12 Cylinder Engine Gasoline Fuel,Transmission w/Dual Shift Mode,Red,Black,None reported,Yes,469900,5,262.5,298.3492063492063,0,0
Tesla,Model X Long Range Plus,2021,46897,Gasoline,557.0HP Electric Motor Electric Fuel System,A/T,Blue,Black,None reported,Yes,69000,4,9379.4,1.4713094654242276,0,1
Land,Rover Range Rover P400 SE SWB,2022,3369,Hybrid,395.0HP 3.0L Straight 6 Cylinder Engine Gasoline/Mild Electric Hybrid,A/T,White,Black,None reported,Yes,139500,3,842.25,41.40694568121104,0,1
BMW,535 i xDrive,2011,135000,Gasoline,300.0HP 3.0L Straight 6 Cylinder Engine Gasoline Fuel,8-Speed A/T,Blue,Beige,None reported,Yes,9999,14,9000.0,0.07406666666666667,0,1
BMW,428 i xDrive,2015,125000,Gasoline,240.0HP 2.0L 4 Cylinder Engine Gasoline Fuel,A/T,White,Black,None reported,Yes,15000,10,11363.636363636364,0.12,0,1
Cadillac,Escalade ESV Platinum,2017,134000,Gasoline,420.0HP 6.2L 8 Cylinder Engine Gasoline Fuel,8-Speed A/T,Gold,Brown,None reported,Yes,32999,8,14888.888888888889,0.24626119402985075,0,1
BMW,X5 xDrive35i,2014,143250,Gasoline,300.0HP 3.0L Straight 6 Cylinder Engine Gasoline Fuel,8-Speed A/T,Black,White,None reported,Yes,12999,11,11937.5,0.0907434554973822,0,1
Lexus,GX 460 Premium,2017,82975,Gasoline,301.0HP 4.6L 8 Cylinder Engine Gasoline Fuel,A/T,White,Beige,None reported,Yes,31000,8,9219.444444444445,0.37360650798433265,0,1
MINI,Countryman Cooper S ALL4,2016,91700,Gasoline,181.0HP 1.6L 4 Cylinder Engine Gasoline Fuel,6-Speed M/T,White,Black,None reported,Yes,13999,9,9170.0,0.1526608505997819,0,0
Ford,F-150 XLT,2018,72393,Gasoline,325.0HP 2.7L V6 Cylinder Engine Gasoline Fuel,10-Speed A/T,Black,Black,None reported,Yes,35000,7,9049.125,0.4834721589103919,0,1
INFINITI,QX60 Base,2016,71000,Gasoline,265.0HP 3.5L V6 Cylinder Engine Gasoline Fuel,A/T,Black,Black,None reported,Yes,21500,9,7100.0,0.3028169014084507,0,1
Lexus,RX 350 Base,2012,160900,Gasoline,270.0HP 3.5L V6 Cylinder Engine Gasoline Fuel,6-Speed A/T,Silver,Gray,None reported,Yes,15000,13,11492.857142857143,0.09322560596643878,0,1
Dodge,Charger Scat Pack,2020,40208,Gasoline,485.0HP 6.4L 8 Cylinder Engine Gasoline Fuel,8-Speed A/T,Red,Black,At least 1 accident or damage reported,Yes,38000,5,6701.333333333333,0.9450855551134103,1,1
Lexus,IS 350 Base,2017,77300,Gasoline,306.0HP 3.5L V6 Cylinder Engine Gasoline Fuel,6-Speed A/T,White,Black,None reported,Yes,30000,8,8588.888888888889,0.38809831824062097,0,1
Nissan,NV200 SV,2017,16700,Gasoline,131.0HP 2.0L 4 Cylinder Engine Gasoline Fuel,A/T,White,Black,None reported,Yes,26500,8,1855.5555555555557,1.5868263473053892,0,1
Subaru,Impreza 2.0i Premium,2013,112000,Gasoline,148.0HP 2.0L 4 Cylinder Engine Gasoline Fuel,CVT Transmission,Black,Beige,None reported,Yes,9999,12,8615.384615384615,0.08927678571428571,0,0
BMW,M3 Base,2016,55250,Gasoline,425.0HP 3.0L Straight 6 Cylinder Engine Gasoline Fuel,6-Speed M/T,Blue,White,None reported,Yes,49999,9,5525.0,0.9049592760180996,0,0
INFINITI,QX80 Luxe,2020,69000,Gasoline,400.0HP 5.6L 8 Cylinder Engine Gasoline Fuel,A/T,Gray,Black,None reported,Yes,31450,5,11500.0,0.4557971014492754,0,1
Rolls-Royce,Phantom,2023,1560,–,–,–,Tempest,Cobalt Blue,None reported,Yes,599995,2,520.0,384.6121794871795,0,0
Ford,Mustang GT Premium,2016,40570,Gasoline,435.0HP 5.0L 8 Cylinder Engine Gasoline Fuel,6-Speed M/T,Gray,Black,At least 1 accident or damage reported,Yes,30490,9,4057.0,0.7515405472023663,1,0
Toyota,RAV4 TRD Off Road,2020,46500,Gasoline,203.0HP 2.5L 4 Cylinder Engine Gasoline Fuel,8-Speed A/T,White,Black,None reported,Yes,35200,5,7750.0,0.7569892473118279,0,1
Honda,S2000 Base,2000,26900,Gasoline,240.0HP 2.0L 4 Cylinder Engine Gasoline Fuel,M/T,Silver,Red,None reported,Yes,35000,25,1034.6153846153845,1.3011152416356877,0,0
Jeep,Gladiator Sport,2021,5779,Gasoline,3.6L V6 24V MPFI DOHC,8-Speed Automatic,Firecracker Red Clearcoat,Black,None reported,Yes,41329,4,1155.8,7.151583318913307,0,1
Ford,Bronco Big Bend Advanced,2023,12000,Gasoline,275.0HP 2.3L 4 Cylinder Engine Gasoline Fuel,10-Speed A/T,Black,–,None reported,Yes,54000,2,4000.0,4.5,0,1
Ford,Expedition Timberline,2022,30301,Gasoline,3.5L V6 24V PDI DOHC Twin Turbo,10-Speed Automatic,Dark Matter Metallic,Deep Cypress,None reported,Yes,68420,3,7575.25,2.2580112867562128,0,1
Toyota,Sequoia TRD Pro,2023,600,Hybrid,437.0HP 3.4L V6 Cylinder Engine Gas/Electric Hybrid,10-Speed A/T,Orange,Black,None reported,Yes,91995,2,200.0,153.325,0,1
Plymouth,Prowler Base,2001,22300,Gasoline,253.0HP 3.5L V6 Cylinder Engine Gasoline Fuel,4-Speed A/T,Blue,Gray,None reported,Yes,28500,24,892.0,1.2780269058295963,0,1
Alfa,Romeo Giulia Ti,2023,9275,Gasoline,2.0L I4 16V GDI SOHC Turbo,8-Speed Automatic,Alfa White,Black,None reported,Yes,43900,2,3091.6666666666665,4.7331536388140165,0,1
Chevrolet,Suburban 1500 LS,2004,171750,E85 Flex Fuel,295.0HP 5.3L 8 Cylinder Engine Flex Fuel Capability,4-Speed A/T,White,Beige,At least 1 accident or damage reported,Yes,12998,21,7806.818181818182,0.0756797671033479,1,1
Mitsubishi,Lancer Evolution GSR,2013,76500,Gasoline,291.0HP 2.0L 4 Cylinder Engine Gasoline Fuel,5-Speed M/T,Black,Black,None reported,Yes,28000,12,5884.615384615385,0.3660130718954248,0,0
Mercedes-Benz,AMG GLE 43 Coupe 4MATIC,2018,49000,Gasoline,385.0HP 3.0L V6 Cylinder Engine Gasoline Fuel,9-Speed A/T,Blue,Brown,At least 1 accident or damage reported,Yes,42995,7,6125.0,0.8774489795918368,1,1
Audi,R8 5.2 quattro Spyder,2011,75000,Gasoline,525.0HP 5.2L 10 Cylinder Engine Gasoline Fuel,Transmission w/Dual Shift Mode,White,Brown,At least 1 accident or damage reported,Yes,74000,14,5000.0,0.9866666666666667,1,0
Ford,Escape XLT,2007,133300,Gasoline,153.0HP 2.3L 4 Cylinder Engine Gasoline Fuel,4-Speed A/T,Silver,Silver,None reported,Yes,3000,18,7015.789473684211,0.02250562640660165,0,1
BMW,X5 3.0si,2007,99700,Gasoline,260.0HP 3.0L Straight 6 Cylinder Engine Gasoline Fuel,6-Speed A/T,Black,Black,None reported,Yes,8500,18,5247.368421052632,0.08525576730190572,0,1
Chevrolet,Camaro 2LT,2011,126700,Gasoline,312.0HP 3.6L V6 Cylinder Engine Gasoline Fuel,Transmission w/Dual Shift Mode,White,Beige,At least 1 accident or damage reported,Yes,14000,14,8446.666666666666,0.11049723756906077,1,0
BMW,340 i,2016,28000,Gasoline,320.0HP 3.0L Straight 6 Cylinder Engine Gasoline Fuel,6-Speed M/T,Black,Red,None reported,Yes,36995,9,2800.0,1.32125,0,0
Mercedes-Benz,SL-Class SL 550,2012,21300,Gasoline,382.0HP 5.5L 8 Cylinder Engine Gasoline Fuel,7-Speed A/T,Silver,Red,At least 1 accident or damage reported,Yes,38500,13,1521.4285714285713,1.807511737089202,1,1
Cadillac,Escalade Platinum,2019,92000,Gasoline,420.0HP 6.2L 8 Cylinder Engine Gasoline Fuel,A/T,Black,Black,None reported,Yes,51900,6,13142.857142857143,0.5641304347826087,0,1
Chevrolet,Silverado 3500 LTZ,2018,92149,Diesel,6.6L V8 32V DDI OHV Turbo Diesel,6-Speed Automatic,Black,Jet Black,None reported,Yes,52889,7,11518.625,0.5739508838945621,0,1
Lexus,RC F Base,2015,25756,Gasoline,467.0HP 5.0L 8 Cylinder Engine Gasoline Fuel,8-Speed A/T,Black,Black,None reported,Yes,49995,10,2341.4545454545455,1.941101102655692,0,1
Kia,Forte GT-Line,2021,24534,Gasoline,147.0HP 2.0L 4 Cylinder Engine Gasoline Fuel,CVT Transmission,White,Black,None reported,Yes,21900,4,4906.8,0.892638786989484,0,0
Land,Rover Range Rover Sport Supercharged Dynamic,2018,58100,Gasoline,518.0HP 5.0L 8 Cylinder Engine Gasoline Fuel,8-Speed A/T,Red,Black,None reported,Yes,53499,7,7262.5,0.9208089500860586,0,1
Nissan,Titan S,2017,20220,Gasoline,390.0HP 5.6L 8 Cylinder Engine Gasoline Fuel,7-Speed A/T,White,Gray,None reported,Yes,32324,8,2246.6666666666665,1.5986152324431255,0,1
Honda,Accord EX-L 2.0T,2019,40069,Gasoline,252.0HP 2.0L 4 Cylinder Engine Gasoline Fuel,A/T,White,Black,At least 1 accident or damage reported,Yes,27500,6,5724.142857142857,0.6863161047193591,1,1
Subaru,WRX Base,2017,60930,Gasoline,268.0HP 2.0L 4 Cylinder Engine Gasoline Fuel,6-Speed M/T,Blue,Black,None reported,Yes,23750,8,6770.0,0.38979156408993926,0,0
Audi,A4 2.0T Titanium Premium,2019,7300,Gasoline,188.0HP 2.0L 4 Cylinder Engine Gasoline Fuel,7-Speed A/T,White,Gray,None reported,Yes,27900,6,1042.857142857143,3.8219178082191783,0,1
Ford,Mustang EcoBoost Premium,2018,34000,–,–,A/T,Blue,Gray,At least 1 accident or damage reported,Yes,25000,7,4250.0,0.7352941176470589,1,1
Chevrolet,Avalanche 1500 LS,2012,56000,E85 Flex Fuel,320.0HP 5.3L 8 Cylinder Engine Flex Fuel Capability,A/T,Red,Black,At least 1 accident or damage reported,Yes,18000,13,4000.0,0.32142857142857145,1,1
Mercedes-Benz,CLA-Class CLA 250,2014,136000,Gasoline,208.0HP 2.0L 4 Cylinder Engine Gasoline Fuel,Transmission w/Dual Shift Mode,Gray,Black,At least 1 accident or damage reported,Yes,12000,11,11333.333333333334,0.08823529411764706,1,0
BMW,228 Gran Coupe i xDrive,2020,31100,Gasoline,228.0HP 2.0L 4 Cylinder Engine Gasoline Fuel,8-Speed A/T,Blue,White,None reported,Yes,26999,5,5183.333333333333,0.8681350482315112,0,1
Maserati,GranTurismo Base,2012,12100,Gasoline,440.0HP 4.7L 8 Cylinder Engine Gasoline Fuel,Transmission w/Dual Shift Mode,Blue,Beige,None reported,Yes,37900,13,864.2857142857143,3.1322314049586777,0,0
Ford,Expedition Platinum,2021,51902,Gasoline,3.5L V6 24V PDI DOHC Twin Turbo,10-Speed Automatic,Red,Ceramic,None reported,Yes,57480,4,10380.4,1.1074717737274093,0,1
Audi,S4 Base,2007,93000,Gasoline,340.0HP 4.2L 8 Cylinder Engine Gasoline Fuel,6-Speed M/T,Black,Black,At least 1 accident or damage reported,Yes,10995,18,4894.736842105263,0.1182258064516129,1,0
Land,Rover Range Rover Sport Supercharged HSE,2016,99915,Gasoline,340.0HP 3.0L V6 Cylinder Engine Gasoline Fuel,A/T,Blue,White,At least 1 accident or damage reported,Yes,26500,9,9991.5,0.2652254416253816,1,1
Ford,Mustang Mach-E GT,2022,7661,Gasoline,Electric,1-Speed Automatic,Star White,Black Onyx,None reported,Yes,49599,3,1915.25,6.474220075708132,0,1
Chevrolet,Tahoe LTZ,2007,177000,E85 Flex Fuel,320.0HP 5.3L 8 Cylinder Engine Flex Fuel Capability,4-Speed A/T,Gold,Beige,At least 1 accident or damage reported,Yes,10750,18,9315.78947368421,0.06073446327683616,1,1
Nissan,Xterra S,2008,100900,Gasoline,261.0HP 4.0L V6 Cylinder Engine Gasoline Fuel,A/T,Black,Gray,None reported,Yes,6999,17,5605.555555555556,0.06936570862239841,0,1
INFINITI,Q60 3.0T Premium,2017,107380,Gasoline,300.0HP 3.0L V6 Cylinder Engine Gasoline Fuel,7-Speed A/T,Black,Gray,At least 1 accident or damage reported,Yes,17500,8,11931.111111111111,0.16297262059973924,1,1
Ford,F-150 Raptor,2021,32957,Gasoline,3.5L V6 24V PDI DOHC Twin Turbo,10-Speed Automatic,Oxford White,Black,None reported,Yes,77900,4,6591.4,2.3636860151105985,0,1
Acura,TLX Base,2016,45000,Gasoline,206.0HP 2.4L 4 Cylinder Engine Gasoline Fuel,A/T,Gray,Blue,None reported,Yes,16500,9,4500.0,0.36666666666666664,0,1
Nissan,Frontier SV,2013,67000,Gasoline,261.0HP 4.0L V6 Cylinder Engine Gasoline Fuel,5-Speed A/T,Blue,Gray,None reported,Yes,15500,12,5153.846153846154,0.23134328358208955,0,1
Chevrolet,Camaro 1SS,2021,12600,Gasoline,455.0HP 6.2L 8 Cylinder Engine Gasoline Fuel,6-Speed M/T,Gray,Black,None reported,Yes,47000,4,2520.0,3.7301587301587302,0,0
Porsche,Panamera 4,2018,24882,Gasoline,330.0HP 3.0L V6 Cylinder Engine Gasoline Fuel,Transmission w/Dual Shift Mode,White,Black,None reported,Yes,59800,7,3110.25,2.4033437826541273,0,0
Acura,TLX PMC Edition,2020,6900,Gasoline,290.0HP 3.5L V6 Cylinder Engine Gasoline Fuel,9-Speed A/T,Red,Black,None reported,Yes,43500,5,1150.0,6.304347826086956,0,1
Kia,Sorento EX V6,2019,66075,Gasoline,3.3L V6 24V GDI DOHC,8-Speed Automatic,Titanium Silver,Satin Black,None reported,Yes,23754,6,9439.285714285714,0.3595005675368899,0,1
Hyundai,Palisade SEL,2021,68050,Gasoline,291.0HP 3.8L V6 Cylinder Engine Gasoline Fuel,8-Speed A/T,Black,Black,None reported,Yes,29600,4,13610.0,0.43497428361498897,0,1
Ford,F-250 Lariat,2017,128000,Diesel,440.0HP 6.7L 8 Cylinder Engine Diesel Fuel,6-Speed A/T,Gray,Black,None reported,Yes,50000,8,14222.222222222223,0.390625,0,1
BMW,430 i,2021,9472,Gasoline,255.0HP 2.0L 4 Cylinder Engine Gasoline Fuel,A/T,White,Blue,None reported,Yes,51000,4,1894.4,5.38429054054054,0,1
Mitsubishi,Lancer GTS,2009,185963,Gasoline,168.0HP 2.4L 4 Cylinder Engine Gasoline Fuel,CVT Transmission,Orange,Gray,At least 1 accident or damage reported,Yes,5100,16,10939.0,0.02742481031172868,1,0
Nissan,NV200 S,2019,52000,Gasoline,131.0HP 2.0L 4 Cylinder Engine Gasoline Fuel,CVT Transmission,Black,Gray,At least 1 accident or damage reported,Yes,19500,6,7428.571428571428,0.375,1,0
Buick,Enclave Leather,2015,68653,Gasoline,288.0HP 3.6L V6 Cylinder Engine Gasoline Fuel,6-Speed A/T,Blue,Black,At least 1 accident or damage reported,Yes,18950,10,6241.181818181818,0.276025810962376,1,1
Lexus,RX 330 Base,2004,151896,Gasoline,230.0HP 3.3L V6 Cylinder Engine Gasoline Fuel,A/T,Silver,Gray,None reported,Yes,7900,21,6904.363636363636,0.052009269500184335,0,1
Lexus,RX 450h F Sport,2019,43671,Hybrid,3.5L V6 24V PDI DOHC Hybrid,Automatic CVT,Caviar,Rioja Red,None reported,Yes,44950,6,6238.714285714285,1.0292871699754986,0,1
Ford,F-250 Lariat,2017,72128,E85 Flex Fuel,6.2L V8 16V MPFI SOHC Flexible Fuel,6-Speed Automatic,White,Camel,None reported,Yes,45985,8,8014.222222222223,0.6375471384205856,0,1
Kia,Forte Koup EX,2013,134207,Gasoline,156.0HP 2.0L 4 Cylinder Engine Gasoline Fuel,A/T,Black,–,At least 1 accident or damage reported,Yes,5500,12,10323.615384615385,0.04098146892486979,1,1
GMC,Terrain SLE,2020,26470,Gasoline,1.5L I4 16V GDI DOHC Turbo,9-Speed Automatic,Summit White,Jet Black,None reported,Yes,29900,5,4411.666666666667,1.129580657347941,0,1
Porsche,Macan Base,2018,82300,Gasoline,252.0HP 2.0L 4 Cylinder Engine Gasoline Fuel,7-Speed A/T,Black,Black,None reported,Yes,35000,7,10287.5,0.425273390036452,0,1
Lexus,RC 350 Base,2015,124000,Gasoline,306.0HP 3.5L V6 Cylinder Engine Gasoline Fuel,Transmission w/Dual Shift Mode,Blue,Blue,None reported,Yes,24000,10,11272.727272727272,0.1935483870967742,0,0
Audi,S4 3.0T Premium Plus,2020,23823,Gasoline,3.0L V6 24V GDI DOHC Turbo,8-Speed Automatic,Tango Red Metallic,Black,None reported,Yes,49995,5,3970.5,2.0986021911598036,0,1
GMC,Yukon SLT,2002,222600,Gasoline,275.0HP 4.8L 8 Cylinder Engine Gasoline Fuel,4-Speed A/T,Gray,Beige,None reported,Yes,4999,23,9275.0,0.022457322551662173,0,1
Lamborghini,Urus Base,2021,9500,Gasoline,641.0HP 4.0L 8 Cylinder Engine Gasoline Fuel,A/T,White,Black,None reported,Yes,279900,4,1900.0,29.46315789473684,0,1
INFINITI,QX60 Base,2014,154247,Gasoline,265.0HP 3.5L V6 Cylinder Engine Gasoline Fuel,A/T,Black,Black,At least 1 accident or damage reported,Yes,12500,11,12853.916666666666,0.08103885326781073,1,1
Chevrolet,Silverado 2500 LTZ H/D Extended Cab,2008,128000,Gasoline,353.0HP 6.0L 8 Cylinder Engine Gasoline Fuel,6-Speed A/T,Beige,Black,None reported,Yes,23500,17,7111.111111111111,0.18359375,0,1
Maserati,GranTurismo Base,2008,70000,Gasoline,405.0HP 4.2L 8 Cylinder Engine Gasoline Fuel,A/T,Blue,Brown,At least 1 accident or damage reported,Yes,13000,17,3888.8888888888887,0.18571428571428572,1,1
Acura,Integra GS-R,1995,123000,–,–,5-Speed M/T,White,Blue,None reported,Yes,10999,30,3967.7419354838707,0.08942276422764228,0,0
BMW,X6 M Base,2016,52375,Gasoline,567.0HP 4.4L 8 Cylinder Engine Gasoline Fuel,8-Speed A/T,White,Brown,At least 1 accident or damage reported,Yes,48600,9,5237.5,0.9279236276849642,1,1
Chrysler,300 S,2016,100574,Gasoline,300.0HP 3.6L V6 Cylinder Engine Gasoline Fuel,8-Speed A/T,Black,Black,At least 1 accident or damage reported,Yes,17500,9,10057.4,0.17400123292302186,1,1
Chrysler,300 Base,2014,85000,Gasoline,292.0HP 3.6L V6 Cylinder Engine Gasoline Fuel,8-Speed A/T,White,–,At least 1 accident or damage reported,Yes,11250,11,7083.333333333333,0.1323529411764706,1,1
Acura,RDX w/A-Spec Package,2023,3959,Gasoline,2.0 Liter DOHC Turbo,Automatic,White,Black,None reported,Yes,48998,2,1319.6666666666667,12.376357666077292,0,1
Chevrolet,Corvette Stingray w/1LT,2021,10400,Gasoline,490.0HP 6.2L 8 Cylinder Engine Gasoline Fuel,8-Speed A/T,Silver,Black,None reported,Yes,72900,4,2080.0,7.009615384615385,0,1
Chevrolet,Camaro 1SS,2019,19200,Gasoline,455.0HP 6.2L 8 Cylinder Engine Gasoline Fuel,6-Speed M/T,Orange,Black,None reported,Yes,41500,6,2742.8571428571427,2.1614583333333335,0,0
Mercedes-Benz,E-Class E 350 4MATIC,2013,81000,Gasoline,302.0HP 3.5L V6 Cylinder Engine Gasoline Fuel,A/T,Gray,Beige,At least 1 accident or damage reported,Yes,13000,12,6230.7692307692305,0.16049382716049382,1,1
Ford,F-150 Raptor,2022,17451,Gasoline,3.5L V6 24V PDI DOHC Twin Turbo,10-Speed Automatic,Oxford White,Rhapsody Blue,None reported,Yes,77900,3,4362.75,4.46392756862071,0,1
Nissan,Versa 1.8 S,2011,165000,Gasoline,122.0HP 1.8L 4 Cylinder Engine Gasoline Fuel,A/T,Black,–,None reported,Yes,4000,14,11000.0,0.024242424242424242,0,1
BMW,M3 CS,2024,124,Gasoline,543.0HP 3.0L Straight 6 Cylinder Engine Gasoline Fuel,Transmission w/Dual Shift Mode,Green,Black,None reported,Yes,145000,1,62.0,1169.3548387096773,0,0
Hyundai,Accent GLS,2013,117500,Gasoline,138.0HP 1.6L 4 Cylinder Engine Gasoline Fuel,6-Speed A/T,Silver,Gray,At least 1 accident or damage reported,Yes,6500,12,9038.461538461539,0.05531914893617021,1,1
Mercedes-Benz,S-Class S 450 4MATIC,2018,72500,Gasoline,362.0HP 3.0L V6 Cylinder Engine Gasoline Fuel,A/T,Black,Black,None reported,Yes,60000,7,9062.5,0.8275862068965517,0,1
Porsche,911 GT3,2023,265,Gasoline,4.0L H6 24V GDI DOHC,6-Speed Manual,Black,Gray,None reported,Yes,279950,2,88.33333333333333,1056.4150943396226,0,0
Mercedes-Benz,AMG GT 63 S 4-Door,2020,21214,Gasoline,4.0L V8 32V GDI DOHC Twin Turbo,9-Speed Automatic,Obsidian Black Metallic,Black,None reported,Yes,117900,5,3535.6666666666665,5.557650608088998,0,1
Audi,Q5 3.0 TDI Premium Plus,2014,55564,Diesel,240.0HP 3.0L V6 Cylinder Engine Diesel Fuel,8-Speed A/T,Black,Black,At least 1 accident or damage reported,Yes,22500,11,4630.333333333333,0.40493844935569795,1,1
Cadillac,LYRIQ Luxury,2023,1090,Gasoline,500.0HP Electric Motor Electric Fuel System,A/T,Gray,Silver,None reported,Yes,68750,2,363.3333333333333,63.07339449541284,0,1
Volvo,XC60 T5 R-Design,2019,43500,Gasoline,250.0HP 2.0L 4 Cylinder Engine Gasoline Fuel,Transmission w/Dual Shift Mode,Gray,Black,None reported,Yes,30000,6,6214.285714285715,0.6896551724137931,0,0
Mercedes-Benz,AMG GT 53 Base,2019,35000,Hybrid,429.0HP 3.0L Straight 6 Cylinder Engine Gasoline/Mild Electric Hybrid,Transmission w/Dual Shift Mode,Black,Black,None reported,Yes,83000,6,5000.0,2.3714285714285714,0,0
GMC,Yukon SLT,2017,92031,Gasoline,355.0HP 5.3L 8 Cylinder Engine Gasoline Fuel,A/T,White,Beige,At least 1 accident or damage reported,Yes,30000,8,10225.666666666666,0.3259771164064283,1,1
Lexus,GS 350 Base,2016,128032,Gasoline,311.0HP 3.5L V6 Cylinder Engine Gasoline Fuel,Transmission w/Dual Shift Mode,Silver,Black,None reported,Yes,18000,9,12803.2,0.1405898525368658,0,0
Jaguar,XF 25t Premium,2018,18800,Gasoline,247.0HP 2.0L 4 Cylinder Engine Gasoline Fuel,8-Speed A/T,White,White,None reported,Yes,26000,7,2350.0,1.3829787234042554,0,1
BMW,M8 Gran Coupe Competition,2023,2900,Gasoline,617.0HP 4.4L 8 Cylinder Engine Gasoline Fuel,8-Speed A/T,Green,Gray,None reported,Yes,117500,2,966.6666666666666,40.51724137931034,0,1
Honda,Ridgeline Black Edition,2017,91600,Gasoline,280.0HP 3.5L V6 Cylinder Engine Gasoline Fuel,6-Speed A/T,Black,Black,None reported,Yes,26000,8,10177.777777777777,0.2838427947598253,0,1
Toyota,4Runner SR5,2019,91843,Gasoline,270.0HP 4.0L V6 Cylinder Engine Gasoline Fuel,5-Speed A/T,Blue,Black,At least 1 accident or damage reported,Yes,30500,6,13120.42857142857,0.3320884552987163,1,1
Ford,Bronco Sport Outer Banks,2021,28105,Gasoline,1.5L I3 12V PDI DOHC Turbo,8-Speed Automatic,Kodiak Brown Metallic,Ebony,None reported,Yes,32455,4,5621.0,1.1547767301191958,0,1
Dodge,Charger R/T 392,2017,73350,Gasoline,485.0HP 6.4L 8 Cylinder Engine Gasoline Fuel,8-Speed A/T,Gray,Red,None reported,Yes,37000,8,8150.0,0.5044308111792775,0,1
Mercedes-Benz,GLC 300 GLC 300,2022,11875,Gasoline,2.0 Liter Turbo,Automatic,Black,Black,None reported,Yes,41598,3,2968.75,3.5029894736842104,0,1
Tesla,Model S P100D,2018,47000,Gasoline,518.0HP Electric Motor Electric Fuel System,A/T,Black,Black,None reported,Yes,49900,7,5875.0,1.0617021276595744,0,1
INFINITI,Q50 3.0t Signature Edition,2017,67000,Gasoline,300.0HP 3.0L V6 Cylinder Engine Gasoline Fuel,Transmission w/Dual Shift Mode,Black,Black,None reported,Yes,23000,8,7444.444444444444,0.34328358208955223,0,0
BMW,340 i,2016,117660,Gasoline,320.0HP 3.0L Straight 6 Cylinder Engine Gasoline Fuel,8-Speed A/T,White,Black,At least 1 accident or damage reported,Yes,19500,9,11766.0,0.1657317695053544,1,1
Pontiac,Firebird Trans Am,2001,71448,Gasoline,200.0HP 3.8L V6 Cylinder Engine Gasoline Fuel,4-Speed A/T,Gray,Black,None reported,Yes,10500,24,2857.92,0.14696002687269064,0,1
Nissan,NV Passenger NV3500 HD SV V8,2015,86000,Gasoline,317.0HP 5.6L 8 Cylinder Engine Gasoline Fuel,A/T,Silver,Gray,None reported,Yes,29500,10,7818.181818181818,0.3430232558139535,0,1
Lexus,ES 350 Base,2020,15324,Gasoline,3.5L V6 24V PDI DOHC,8-Speed Automatic,Black,Black,At least 1 accident or damage reported,Yes,33364,5,2554.0,2.1772383189767686,1,1
BMW,135 is,2013,29400,Gasoline,320.0HP 3.0L Straight 6 Cylinder Engine Gasoline Fuel,6-Speed M/T,White,Beige,None reported,Yes,29000,12,2261.5384615384614,0.9863945578231292,0,0
Lexus,IS 300 Base,2017,68871,Gasoline,255.0HP 3.5L V6 Cylinder Engine Gasoline Fuel,6-Speed A/T,Silver,Red,None reported,Yes,28450,8,7652.333333333333,0.4130911414093014,0,1
Porsche,Cayenne S,2012,126000,Gasoline,400.0HP 4.8L 8 Cylinder Engine Gasoline Fuel,Transmission w/Dual Shift Mode,Silver,Gray,None reported,Yes,17999,13,9000.0,0.14284920634920634,0,0
Pontiac,Solstice GXP,2007,25718,Gasoline,260.0HP 2.0L 4 Cylinder Engine Gasoline Fuel,M/T,Yellow,Black,None reported,Yes,17900,18,1353.578947368421,0.6960105762500972,0,0
Porsche,Panamera Turbo,2015,67210,Gasoline,520.0HP 4.8L 8 Cylinder Engine Gasoline Fuel,Transmission w/Dual Shift Mode,Blue,Beige,At least 1 accident or damage reported,Yes,51950,10,6110.0,0.7729504538015176,1,0
BMW,X6 xDrive35i,2018,27214,Gasoline,300.0HP 3.0L Straight 6 Cylinder Engine Gasoline Fuel,Transmission w/Dual Shift Mode,Black,Black,At least 1 accident or damage reported,Yes,40950,7,3401.75,1.5047402072462703,1,0
Ford,F-150 Limited,2019,42728,Gasoline,450.0HP 3.5L V6 Cylinder Engine Gasoline Fuel,Transmission w/Dual Shift Mode,Black,Brown,None reported,Yes,45950,6,6104.0,1.075407227111028,0,0
MINI,Cooper S Base,2010,97395,Gasoline,172.0HP 1.6L 4 Cylinder Engine Gasoline Fuel,6-Speed M/T,Yellow,Black,None reported,Yes,6699,15,6087.1875,0.06878176497766826,0,0
Mazda,Mazda3 i SV,2015,91700,Gasoline,155.0HP 2.0L 4 Cylinder Engine Gasoline Fuel,A/T,Red,Black,None reported,Yes,12000,10,8336.363636363636,0.13086150490730644,0,1
Mitsubishi,Lancer Evolution MR,2011,94500,Gasoline,291.0HP 2.0L 4 Cylinder Engine Gasoline Fuel,Transmission w/Dual Shift Mode,White,Black,None reported,Yes,27000,14,6300.0,0.2857142857142857,0,0
Chevrolet,Tahoe LTZ,2014,196300,E85 Flex Fuel,320.0HP 5.3L 8 Cylinder Engine Flex Fuel Capability,6-Speed A/T,Black,Black,None reported,Yes,10995,11,16358.333333333334,0.05601120733571065,0,1
Cadillac,CTS 3.6L Luxury,2015,54259,Gasoline,3.6L V6 24V GDI DOHC,8-Speed Automatic,Majestic Plum Metallic,Light Platinum / Jet Black,None reported,Yes,19425,10,4932.636363636364,0.3580051235739693,0,1
Acura,RDX w/Advance Package,2021,36267,Gasoline,2.0 Liter Turbo,Automatic,White,Parchment,None reported,Yes,39798,4,7253.4,1.0973612374886261,0,1
Land,Rover Range Rover Sport Supercharged HSE,2015,175000,Gasoline,340.0HP 3.0L V6 Cylinder Engine Gasoline Fuel,A/T,Black,Black,None reported,Yes,19500,10,15909.09090909091,0.11142857142857143,0,1
Chevrolet,Suburban 1500 LTZ,2015,159000,Gasoline,355.0HP 5.3L 8 Cylinder Engine Gasoline Fuel,6-Speed A/T,White,Beige,At least 1 accident or damage reported,Yes,26900,10,14454.545454545454,0.1691823899371069,1,1
Chevrolet,Camaro 2SS,2016,74000,Gasoline,455.0HP 6.2L 8 Cylinder Engine Gasoline Fuel,8-Speed A/T,Black,Black,None reported,Yes,32000,9,7400.0,0.43243243243243246,0,1
Chevrolet,Silverado 1500 Hybrid 1HY,2011,82963,Hybrid,332.0HP 6.0L 8 Cylinder Engine Gas/Electric Hybrid,4-Speed A/T,White,Black,None reported,Yes,20995,14,5530.866666666667,0.2530646191675807,0,1
Cadillac,XT5 Luxury,2019,54323,Gasoline,3.6 Liter DOHC,Automatic,Red,Beige,None reported,Yes,27998,6,7760.428571428572,0.5153986340960551,0,1
Nissan,Armada SL,2019,59980,Gasoline,390.0HP 5.6L 8 Cylinder Engine Gasoline Fuel,7-Speed A/T,Silver,Black,None reported,Yes,29000,6,8568.57142857143,0.48349449816605533,0,1
Audi,Q5 S line Premium,2022,10120,Hybrid,2.0 Liter TFSI,Automatic,Navarre Blue,Gray,None reported,Yes,39998,3,2530.0,3.9523715415019764,0,1
BMW,X6 M Base,2017,25000,Gasoline,567.0HP 4.4L 8 Cylinder Engine Gasoline Fuel,Transmission w/Dual Shift Mode,White,Red,At least 1 accident or damage reported,Yes,65000,8,2777.777777777778,2.6,1,0
BMW,740 i,2012,126000,Gasoline,326.0HP 3.0L Straight 6 Cylinder Engine Gasoline Fuel,A/T,Black,Black,At least 1 accident or damage reported,Yes,12700,13,9000.0,0.1007936507936508,1,1
Toyota,Sequoia TRD Pro,2020,37428,Gasoline,381.0HP 5.7L 8 Cylinder Engine Gasoline Fuel,6-Speed A/T,White,Black,None reported,Yes,61599,5,6238.0,1.6457999358768836,0,1
Volkswagen,Jetta GLI,2014,99499,Gasoline,210.0HP 2.0L 4 Cylinder Engine Gasoline Fuel,Transmission w/Dual Shift Mode,Black,Black,At least 1 accident or damage reported,Yes,15000,11,8291.583333333334,0.15075528397270324,1,0
Honda,Crosstour EX-L,2012,90742,Gasoline,192.0HP 2.4L 4 Cylinder Engine Gasoline Fuel,A/T,Gray,Gray,None reported,Yes,12980,13,6481.571428571428,0.14304291287386217,0,1
Land,Rover Range Rover Sport Supercharged,2014,125000,E85 Flex Fuel,510.0HP 5.0L 8 Cylinder Engine Flex Fuel Capability,8-Speed A/T,White,Brown,At least 1 accident or damage reported,Yes,22500,11,10416.666666666666,0.18,1,1
Hyundai,Santa Fe Sport 2.0L Turbo Ultimate,2018,71669,Gasoline,240.0HP 2.0L 4 Cylinder Engine Gasoline Fuel,A/T,Blue,Black,None reported,Yes,20000,7,8958.625,0.2790606817452455,0,1
Cadillac,XT5 Luxury,2019,44692,Gasoline,3.6L V6 24V GDI DOHC,8-Speed Automatic,Bronze Dune Metallic,Shara Beige,None reported,Yes,32368,6,6384.571428571428,0.7242459500581759,0,1
Jaguar,F-TYPE R,2018,16002,Gasoline,550.0HP 5.0L 8 Cylinder Engine Gasoline Fuel,8-Speed A/T,Black,Red,None reported,Yes,74900,7,2000.25,4.680664916885389,0,1
Toyota,FJ Cruiser Base,2014,86000,Gasoline,260.0HP 4.0L V6 Cylinder Engine Gasoline Fuel,5-Speed A/T,Blue,Black,None reported,Yes,41500,11,7166.666666666667,0.48255813953488375,0,1
Toyota,Tundra SR5,2019,56000,Gasoline,381.0HP 5.7L 8 Cylinder Engine Gasoline Fuel,6-Speed A/T,Blue,Black,None reported,Yes,42000,6,8000.0,0.75,0,1
Nissan,300ZX Base,1993,168000,–,–,5-Speed M/T,White,Black,None reported,Yes,7000,32,5090.909090909091,0.041666666666666664,0,0
RAM,1500 Sport,2017,41789,Gasoline,395.0HP 5.7L 8 Cylinder Engine Gasoline Fuel,A/T,Green,Black,At least 1 accident or damage reported,Yes,42500,8,4643.222222222223,1.0170140467587163,1,1
Ford,Focus SE,2014,60109,E85 Flex Fuel,160.0HP 2.0L 4 Cylinder Engine Flex Fuel Capability,6-Speed A/T,Gray,Black,None reported,Yes,9499,11,5009.083333333333,0.15802957959706534,0,1
Mercedes-Benz,GLE 350 Base 4MATIC,2020,48000,Gasoline,255.0HP 2.0L 4 Cylinder Engine Gasoline Fuel,A/T,Black,Black,None reported,Yes,49995,5,8000.0,1.0415625,0,1
Acura,TL Type S,2008,122000,Gasoline,286.0HP 3.5L V6 Cylinder Engine Gasoline Fuel,Transmission w/Dual Shift Mode,Gray,Beige,None reported,Yes,11500,17,6777.777777777777,0.0942622950819672,0,0
Land,Rover Range Rover HSE,2012,102800,Gasoline,385.0HP 5.0L 8 Cylinder Engine Gasoline Fuel,A/T,Gold,Brown,None reported,Yes,16000,13,7342.857142857143,0.1556420233463035,0,1
MINI,Convertible Cooper,2022,15544,Gasoline,134.0HP 1.5L 3 Cylinder Engine Gasoline Fuel,A/T,Blue,Brown,None reported,Yes,28000,3,3886.0,1.8013381369016983,0,1
Mazda,CX-9 Signature,2019,69771,Gasoline,227.0HP 2.5L 4 Cylinder Engine Gasoline Fuel,A/T,Black,Red,None reported,Yes,27500,6,9967.285714285714,0.3941465651918419,0,1
Acura,TLX Tech,2023,2118,Gasoline,2.0 Liter DOHC Turbo,Automatic,Red,Black,None reported,Yes,41998,2,706.0,19.82908404154863,0,1
Ford,F-150 Raptor,2021,28260,Gasoline,450.0HP 3.5L V6 Cylinder Engine Gasoline Fuel,10-Speed A/T,Blue,Blue,None reported,Yes,72950,4,5652.0,2.58138711960368,0,1
Honda,Civic Si Base,2020,6025,Gasoline,205.0HP 1.5L 4 Cylinder Engine Gasoline Fuel,6-Speed M/T,Gray,Gray,None reported,Yes,27500,5,1004.1666666666666,4.564315352697095,0,0
Hyundai,Elantra SE,2018,32697,Gasoline,147.0HP 2.0L 4 Cylinder Engine Gasoline Fuel,6-Speed A/T,Gray,Gray,At least 1 accident or damage reported,Yes,15900,7,4087.125,0.4862831452426828,1,1
Ford,Excursion Limited,2001,239000,Gasoline,310.0HP 6.8L 10 Cylinder Engine Gasoline Fuel,A/T,White,–,None reported,Yes,8000,24,9560.0,0.03347280334728033,0,1
Jaguar,F-TYPE S British Design Edition,2017,34150,Gasoline,380.0HP 3.0L V6 Cylinder Engine Gasoline Fuel,8-Speed A/T,Black,Black,None reported,Yes,45999,8,3794.4444444444443,1.3469692532942898,0,1
Honda,Ridgeline RTL-E,2022,9642,Gasoline,3.5L V6 24V GDI SOHC,9-Speed Automatic,Radiant Red Metallic II,Black,None reported,Yes,38999,3,2410.5,4.044700269653599,0,1
Pontiac,G6 GTP,2006,100545,Gasoline,201.0HP 3.5L V6 Cylinder Engine Gasoline Fuel,4-Speed A/T,Gray,Black,None reported,Yes,5995,19,5027.25,0.05962504351285494,0,1
Mercedes-Benz,C-Class C300 4MATIC,2021,11111,Gasoline,2.0 Liter Turbo,Automatic,Gray,Black,None reported,Yes,38998,4,2222.2,3.5098550985509855,0,1
Toyota,FJ Cruiser Base,2007,162000,Gasoline,239.0HP 4.0L V6 Cylinder Engine Gasoline Fuel,5-Speed A/T,Black,Black,None reported,Yes,23977,18,8526.315789473685,0.14800617283950618,0,1
Buick,Enclave Premium,2020,87555,Gasoline,3.6L V6 24V GDI DOHC,9-Speed Automatic,Dark Moon Blue Metallic,Dark Galvanized,At least 1 accident or damage reported,Yes,31650,5,14592.5,0.3614870652732568,1,1
Chevrolet,Tahoe LTZ,2015,102200,Gasoline,355.0HP 5.3L 8 Cylinder Engine Gasoline Fuel,A/T,Silver,Black,None reported,Yes,25000,10,9290.90909090909,0.2446183953033268,0,1
Bentley,Continental GTC V8,2013,18950,Gasoline,500.0HP 4.0L 8 Cylinder Engine Gasoline Fuel,Transmission w/Dual Shift Mode,White,Black,None reported,Yes,77999,12,1457.6923076923076,4.1160422163588395,0,0
Mercedes-Benz,SLK-Class SLK 350,2015,16000,Gasoline,302.0HP 3.5L V6 Cylinder Engine Gasoline Fuel,7-Speed A/T,White,Red,At least 1 accident or damage reported,Yes,30500,10,1454.5454545454545,1.90625,1,1
Cadillac,Escalade Premium Luxury,2022,19250,Gasoline,420.0HP 6.2L 8 Cylinder Engine Gasoline Fuel,10-Speed A/T,Black,Black,None reported,Yes,86999,3,4812.5,4.519428571428572,0,1
BMW,535 i xDrive,2015,65000,Gasoline,300.0HP 3.0L Straight 6 Cylinder Engine Gasoline Fuel,Transmission w/Dual Shift Mode,Silver,Black,None reported,Yes,24995,10,5909.090909090909,0.38453846153846155,0,0
MINI,Cooper S Base,2007,110022,Gasoline,172.0HP 1.6L 4 Cylinder Engine Gasoline Fuel,6-Speed M/T,Silver,Black,None reported,Yes,6250,18,5790.631578947368,0.056806820454091,0,0
Bentley,Continental GT Base,2012,79089,E85 Flex Fuel,567.0HP 6.0L 12 Cylinder Engine Flex Fuel Capability,A/T,White,Beige,None reported,Yes,46999,13,5649.214285714285,0.5942545739609807,0,1
Lexus,GX 460 Premium,2023,2533,Gasoline,301.0HP 4.6L 8 Cylinder Engine Gasoline Fuel,A/T,Black,Black,None reported,Yes,64900,2,844.3333333333334,25.621792341097514,0,1
Audi,Q7 3.0T Premium Plus,2014,96273,Gasoline,280.0HP 3.0L V6 Cylinder Engine Gasoline Fuel,8-Speed A/T,Silver,Black,At least 1 accident or damage reported,Yes,15495,11,8022.75,0.1609485525536755,1,1
Cadillac,CT6 Luxury,2020,22187,Gasoline,3.6L V6 24V GDI DOHC,10-Speed Automatic,Manhattan Noir Metallic,Shara Beige,At least 1 accident or damage reported,Yes,45480,5,3697.8333333333335,2.049849010681931,1,1
GMC,Sierra 1500 SL Crew Cab,2009,137000,Gasoline,295.0HP 4.8L 8 Cylinder Engine Gasoline Fuel,A/T,Red,–,None reported,Yes,20000,16,8058.823529411765,0.145985401459854,0,1
Nissan,GT-R Premium,2009,60747,Gasoline,480.0HP 3.8L V6 Cylinder Engine Gasoline Fuel,6-Speed A/T,White,–,At least 1 accident or damage reported,Yes,71999,16,3573.3529411764707,1.1852272540207747,1,1
Dodge,Ram 1500 ST,2007,36500,Gasoline,210.0HP 3.7L V6 Cylinder Engine Gasoline Fuel,A/T,Blue,Gray,None reported,Yes,16000,18,1921.0526315789473,0.4383561643835616,0,1
Ford,Bronco Outer Banks,2021,19590,Gasoline,315.0HP 2.7L V6 Cylinder Engine Gasoline Fuel,10-Speed A/T,Blue,Gray,None reported,Yes,54999,4,3918.0,2.80750382848392,0,1
Nissan,GT-R Black Edition,2015,16850,Gasoline,545.0HP 3.8L V6 Cylinder Engine Gasoline Fuel,Transmission w/Dual Shift Mode,White,Black,None reported,Yes,95000,10,1531.8181818181818,5.637982195845697,0,0
Cadillac,Escalade ESV Sport,2021,4500,Gasoline,420.0HP 6.2L 8 Cylinder Engine Gasoline Fuel,10-Speed A/T,White,Beige,None reported,Yes,105000,4,900.0,23.333333333333332,0,1
Chevrolet,Cruze LT,2012,194000,Gasoline,138.0HP 1.4L 4 Cylinder Engine Gasoline Fuel,6-Speed A/T,Gray,White,At least 1 accident or damage reported,Yes,4900,13,13857.142857142857,0.025257731958762887,1,1
Lexus,GX 460 Base,2020,48210,Gasoline,4.6L V8 32V MPFI DOHC,6-Speed Automatic,Nebula Gray Pearl,Rioja Red,At least 1 accident or damage reported,Yes,47449,5,8035.0,0.9842148931756897,1,1
BMW,750 i,2018,81500,Gasoline,445.0HP 4.4L 8 Cylinder Engine Gasoline Fuel,8-Speed A/T,White,White,None reported,Yes,41250,7,10187.5,0.5061349693251533,0,1
Ford,F-150 XLT,2021,77107,Gasoline,3.5L V6 24V PDI DOHC Twin Turbo,10-Speed Automatic,Agate Black Metallic,Black,None reported,Yes,39995,4,15421.4,0.5186948007314511,0,1
BMW,535 i xDrive,2015,58664,Gasoline,300.0HP 3.0L Straight 6 Cylinder Engine Gasoline Fuel,8-Speed A/T,Blue,Gray,At least 1 accident or damage reported,Yes,20950,10,5333.090909090909,0.3571185053866085,1,1
Mitsubishi,Montero Limited,2004,145000,Gasoline,215.0HP 3.8L V6 Cylinder Engine Gasoline Fuel,A/T,Silver,Black,None reported,Yes,8950,21,6590.909090909091,0.061724137931034484,0,1
Lexus,LS 500 F Sport,2018,15055,Gasoline,416.0HP 3.5L V6 Cylinder Engine Gasoline Fuel,A/T,White,Black,None reported,Yes,59000,7,1881.875,3.9189637994021917,0,1
Tesla,Model S 85D,2015,67647,Gasoline,422.0HP Electric Motor Electric Fuel System,1-Speed A/T,Blue,Beige,None reported,Yes,28000,10,6149.727272727273,0.41391340340295946,0,1
Lexus,LC 500 Base,2021,915,Gasoline,471.0HP 5.0L 8 Cylinder Engine Gasoline Fuel,10-Speed A/T,Blue,White,None reported,Yes,159000,4,183.0,173.7704918032787,0,1
Mazda,MX-5 Miata Shinsen,2003,46873,Gasoline,142.0HP 1.8L 4 Cylinder Engine Gasoline Fuel,5-Speed M/T,Gray,Blue,None reported,Yes,11500,22,2037.9565217391305,0.24534380133552364,0,0
Cadillac,Escalade ESV Premium Luxury,2021,53169,Gasoline,420.0HP 6.2L 8 Cylinder Engine Gasoline Fuel,A/T,Black,Black,None reported,Yes,81500,4,10633.8,1.532848088171679,0,1
Lexus,GX 460 Premium,2022,35700,Gasoline,301.0HP 4.6L 8 Cylinder Engine Gasoline Fuel,A/T,Silver,Gray,At least 1 accident or damage reported,Yes,51900,3,8925.0,1.453781512605042,1,1
Nissan,Pathfinder Platinum,2014,112600,Gasoline,260.0HP 3.5L V6 Cylinder Engine Gasoline Fuel,CVT Transmission,Black,Black,At least 1 accident or damage reported,Yes,13000,11,9383.333333333334,0.11545293072824156,1,0
GMC,Yukon SLE,2015,112552,Gasoline,5.3L V8 16V GDI OHV,6-Speed Automatic,Onyx Black,Jet Black,At least 1 accident or damage reported,Yes,24440,10,10232.0,0.21714407562726562,1,1
BMW,M3 Base,2003,127273,Gasoline,333.0HP 3.2L Straight 6 Cylinder Engine Gasoline Fuel,6-Speed M/T,Silver,Black,None reported,Yes,15000,22,5533.608695652174,0.11785689030666363,0,0
Lexus,IS 250 Base,2007,189887,Gasoline,204.0HP 2.5L V6 Cylinder Engine Gasoline Fuel,A/T,White,–,At least 1 accident or damage reported,Yes,3995,18,9994.052631578947,0.021038828355811615,1,1
BMW,640 i,2012,76465,Gasoline,315.0HP 3.0L Straight 6 Cylinder Engine Gasoline Fuel,8-Speed A/T,White,Beige,At least 1 accident or damage reported,Yes,22500,13,5461.785714285715,0.29425227228143597,1,1
Mitsubishi,Eclipse Spyder GT,2007,136400,Gasoline,260.0HP 3.8L V6 Cylinder Engine Gasoline Fuel,5-Speed A/T,Red,Gray,At least 1 accident or damage reported,Yes,6750,18,7178.9473684210525,0.04948680351906158,1,1
Ford,Thunderbird Deluxe,2004,79635,Gasoline,280.0HP 3.9L 8 Cylinder Engine Gasoline Fuel,A/T,Gray,Black,None reported,Yes,13500,21,3619.7727272727275,0.1695234507440196,0,1
Tesla,Model Y Long Range,2022,4665,Gasoline,Dual Motor - Standard,Automatic,Silver,Black,None reported,Yes,46598,3,1166.25,9.988853161843515,0,1
Buick,Enclave 1XL,2011,170000,Gasoline,288.0HP 3.6L V6 Cylinder Engine Gasoline Fuel,6-Speed A/T,Gold,Beige,At least 1 accident or damage reported,Yes,4000,14,11333.333333333334,0.023529411764705882,1,1
Ford,F-150 XLT,2018,67650,Gasoline,375.0HP 3.5L V6 Cylinder Engine Gasoline Fuel,A/T,Blue,Gray,None reported,Yes,30000,7,8456.25,0.4434589800443459,0,1
Lexus,ES 350 Base,2016,119850,Gasoline,268.0HP 3.5L V6 Cylinder Engine Gasoline Fuel,A/T,White,Beige,None reported,Yes,19000,9,11985.0,0.15853149770546515,0,1
Acura,TL Type S,2008,116500,Gasoline,286.0HP 3.5L V6 Cylinder Engine Gasoline Fuel,6-Speed M/T,Red,Black,None reported,Yes,15999,17,6472.222222222223,0.13733047210300428,0,0
Mercury,Capri XR2,1993,120644,–,–,5-Speed M/T,Green,Gray,None reported,Yes,4200,32,3655.878787878788,0.03481316932462451,0,0
Ford,Transit Connect XLT,2010,169802,Gasoline,2.0L I4 16V MPFI DOHC,4-Speed Automatic,Frozen White,Dark Gray,None reported,Yes,9985,15,10612.625,0.05880378322987951,0,1
BMW,X3 M40i,2021,36905,Gasoline,382.0HP 3.0L Straight 6 Cylinder Engine Gasoline Fuel,Transmission w/Dual Shift Mode,Blue,Beige,None reported,Yes,50000,4,7381.0,1.3548299688389107,0,0
Jeep,Gladiator Willys,2022,8400,Gasoline,285.0HP 3.6L V6 Cylinder Engine Gasoline Fuel,8-Speed A/T,Black,Black,At least 1 accident or damage reported,Yes,47000,3,2100.0,5.595238095238095,1,1
Hummer,H2 Base,2003,149961,Gasoline,316.0HP 6.0L 8 Cylinder Engine Gasoline Fuel,A/T,Beige,Beige,At least 1 accident or damage reported,Yes,12500,22,6520.04347826087,0.08335500563479838,1,1
Mercedes-Benz,C-Class C 63 AMG,2014,84500,Gasoline,451.0HP 6.2L 8 Cylinder Engine Gasoline Fuel,7-Speed A/T,White,Black,None reported,Yes,41500,11,7041.666666666667,0.4911242603550296,0,1
Lamborghini,Aventador LP700-4,2016,3254,Gasoline,6.5L V12 48V MPFI DOHC,7-Speed Automatic with Auto-Shift,Bianco Isis,Giallo Taurus / Nero Ade,None reported,Yes,399900,9,325.4,122.89489858635525,0,1
Mercedes-Benz,G-Class G 550 4MATIC,2016,96000,Gasoline,416.0HP 4.0L 8 Cylinder Engine Gasoline Fuel,A/T,Blue,Brown,None reported,Yes,65000,9,9600.0,0.6770833333333334,0,1
Nissan,GT-R Premium,2009,88000,Gasoline,480.0HP 3.8L V6 Cylinder Engine Gasoline Fuel,Transmission w/Dual Shift Mode,White,White,At least 1 accident or damage reported,Yes,57000,16,5176.470588235294,0.6477272727272727,1,0
Audi,R8 4.2 quattro Spyder,2011,35322,Gasoline,4.2L V8 32V GDI DOHC,6-Speed Manual,Phantom Black Pearl Effect / Black Roof,Red,None reported,Yes,94900,14,2354.8,2.6867108317762303,0,0
Acura,TLX A-Spec,2020,32500,Gasoline,206.0HP 2.4L 4 Cylinder Engine Gasoline Fuel,A/T,White,Red,None reported,Yes,32000,5,5416.666666666667,0.9846153846153847,0,1
Audi,A6 3.0T Premium Plus,2016,71280,Gasoline,333.0HP 3.0L V6 Cylinder Engine Gasoline Fuel,A/T,Silver,Black,None reported,Yes,22000,9,7128.0,0.30864197530864196,0,1
Porsche,Panamera 2,2011,37200,Gasoline,300.0HP 3.6L V6 Cylinder Engine Gasoline Fuel,7-Speed A/T,Black,Beige,None reported,Yes,27500,14,2480.0,0.739247311827957,0,1
Saturn,Sky Red Line,2008,94291,Gasoline,260.0HP 2.0L 4 Cylinder Engine Gasoline Fuel,A/T,White,–,None reported,Yes,14500,17,5238.388888888889,0.15377925782948532,0,1
Maserati,Coupe Cambiocorsa,2006,54082,Gasoline,390.0HP 4.2L 8 Cylinder Engine Gasoline Fuel,Transmission w/Dual Shift Mode,Blue,Beige,None reported,Yes,17000,19,2704.1,0.3143374875189527,0,0
Volvo,XC90 Recharge Plug-In Hybrid T8 Inscription 7 Passenger,2022,7800,Plug-In Hybrid,455.0HP 2.0L 4 Cylinder Engine Plug-In Electric/Gas,8-Speed A/T,Black,Beige,None reported,Yes,66000,3,1950.0,8.461538461538462,0,1
Jeep,Wrangler Sport,2016,86250,Gasoline,285.0HP 3.6L V6 Cylinder Engine Gasoline Fuel,5-Speed A/T,White,Black,None reported,Yes,22000,9,8625.0,0.25507246376811593,0,1
BMW,X5 xDrive50i,2016,75479,Gasoline,445.0HP 4.4L 8 Cylinder Engine Gasoline Fuel,Transmission w/Dual Shift Mode,Silver,Black,None reported,Yes,27899,9,7547.9,0.36962598868559465,0,0
BMW,750 i,2017,24650,Gasoline,445.0HP 4.4L 8 Cylinder Engine Gasoline Fuel,A/T,Silver,Black,None reported,Yes,50000,8,2738.8888888888887,2.028397565922921,0,1
Volkswagen,Golf R 4-Door,2013,102750,Gasoline,256.0HP 2.0L 4 Cylinder Engine Gasoline Fuel,6-Speed M/T,Black,Black,None reported,Yes,20000,12,7903.846153846154,0.19464720194647203,0,0
Alfa,Romeo Stelvio Base,2018,50000,Gasoline,280.0HP 2.0L 4 Cylinder Engine Gasoline Fuel,A/T,Brown,Brown,None reported,Yes,27500,7,6250.0,0.55,0,1
BMW,X5 xDrive35i,2017,72700,Gasoline,300.0HP 3.0L Straight 6 Cylinder Engine Gasoline Fuel,A/T,Gray,Black,None reported,Yes,27499,8,8077.777777777777,0.37825309491059145,0,1
BMW,X6 M Base,2018,54293,Gasoline,567.0HP 4.4L 8 Cylinder Engine Gasoline Fuel,8-Speed A/T,Black,Beige,At least 1 accident or damage reported,Yes,49000,7,6786.625,0.9025104525445269,1,1
Lexus,IS 300 Base,2018,16000,Gasoline,260.0HP 3.5L V6 Cylinder Engine Gasoline Fuel,6-Speed A/T,Blue,Brown,At least 1 accident or damage reported,Yes,30500,7,2000.0,1.90625,1,1
Lamborghini,Gallardo SE,2006,19500,Gasoline,493.0HP 5.0L 10 Cylinder Engine Gasoline Fuel,6-Speed A/T,Green,Yellow,None reported,Yes,129000,19,975.0,6.615384615384615,0,1
BMW,428 i,2014,71000,Gasoline,240.0HP 2.0L 4 Cylinder Engine Gasoline Fuel,Transmission w/Dual Shift Mode,White,Black,At least 1 accident or damage reported,Yes,16700,11,5916.666666666667,0.2352112676056338,1,0
BMW,X5 xDrive40i,2019,60000,Gasoline,335.0HP 3.0L Straight 6 Cylinder Engine Gasoline Fuel,8-Speed A/T,White,Beige,None reported,Yes,36500,6,8571.42857142857,0.6083333333333333,0,1
Porsche,Boxster Base,1998,75539,Gasoline,201.0HP 2.5L Flat 6 Cylinder Engine Gasoline Fuel,5-Speed M/T,Blue,Beige,None reported,Yes,11995,27,2697.8214285714284,0.15879214710282105,0,0
Alfa,Romeo Giulia Base,2017,36000,Gasoline,280.0HP 2.0L 4 Cylinder Engine Gasoline Fuel,8-Speed A/T,White,Red,None reported,Yes,21000,8,4000.0,0.5833333333333334,0,1
Mercedes-Benz,C-Class C 300,2019,76422,Gasoline,2.0 Liter Turbo,Automatic,Black,Black,None reported,Yes,28998,6,10917.42857142857,0.37944570935071054,0,1
Nissan,370Z NISMO Tech,2016,42600,Gasoline,350.0HP 3.7L V6 Cylinder Engine Gasoline Fuel,7-Speed A/T,Red,Black,At least 1 accident or damage reported,Yes,31950,9,4260.0,0.75,1,1
Rivian,R1S Adventure Package,2023,211,Gasoline,835.0HP Electric Motor Electric Fuel System,A/T,Blue,Black,None reported,Yes,99000,2,70.33333333333333,469.1943127962085,0,1
Chevrolet,Suburban LT,2017,98888,Gasoline,6.0L 8 Cylinder Engine Gasoline Fuel,A/T,White,Black,At least 1 accident or damage reported,Yes,29000,8,10987.555555555555,0.2932610630207912,1,1
Ford,Fusion Hybrid SE,2019,64532,Hybrid,188.0HP 2.0L 4 Cylinder Engine Gas/Electric Hybrid,A/T,Silver,Gray,At least 1 accident or damage reported,Yes,19395,6,9218.857142857143,0.300548565052997,1,1
BMW,X3 xDrive35i,2011,75500,Gasoline,300.0HP 3.0L Straight 6 Cylinder Engine Gasoline Fuel,A/T,White,Black,None reported,Yes,12975,14,5033.333333333333,0.1718543046357616,0,1
Buick,Envision Preferred,2019,32000,Gasoline,197.0HP 2.5L 4 Cylinder Engine Gasoline Fuel,A/T,Black,Beige,None reported,Yes,27000,6,4571.428571428572,0.84375,0,1
Buick,Envision Essence,2019,47839,Gasoline,2.5L I4 16V GDI DOHC,6-Speed Automatic,Summit White,Ebony,None reported,Yes,24991,6,6834.142857142857,0.5223980434373628,0,1
Porsche,Cayenne GTS,2013,98413,Gasoline,420.0HP 4.8L 8 Cylinder Engine Gasoline Fuel,Transmission w/Dual Shift Mode,Green,Black,At least 1 accident or damage reported,Yes,34900,12,7570.2307692307695,0.35462794549500576,1,0
Audi,RS 5 2.9T,2022,9628,Gasoline,444.0HP 2.9L V6 Cylinder Engine Gasoline Fuel,8-Speed A/T,White,Black,None reported,Yes,78500,3,2407.0,8.15330286663897,0,1
Jaguar,XK8 Base,1999,15000,Gasoline,290.0HP 4.0L 8 Cylinder Engine Gasoline Fuel,5-Speed A/T,Green,Beige,None reported,Yes,16370,26,555.5555555555555,1.0913333333333333,0,1
Audi,R8 5.2 V10,2021,6397,Gasoline,5.2L V10 40V PDI DOHC,7-Speed Automatic with Auto-Shift,Kemora Gray Metallic,Black / Express Red,None reported,Yes,172900,4,1279.4,27.028294513052995,0,1
Honda,Pilot Black Edition,2022,22564,Gasoline,3.5 Liter,Automatic,Platinum White Pearl,Black,None reported,Yes,44998,3,5641.0,1.9942386101755007,0,1
Lexus,RX 350 Crafted Line F Sport,2015,110000,Gasoline,270.0HP 3.5L V6 Cylinder Engine Gasoline Fuel,Transmission w/Dual Shift Mode,White,Black,None reported,Yes,28000,10,10000.0,0.2545454545454545,0,0
Mercedes-Benz,Sprinter 3500 High Roof,2022,105,Diesel,161.0HP 2.0L 4 Cylinder Engine Diesel Fuel,7-Speed A/T,Black,Orange,None reported,Yes,200000,3,26.25,1904.7619047619048,0,1
Toyota,4Runner Limited,2004,186117,Gasoline,245.0HP 4.0L V6 Cylinder Engine Gasoline Fuel,A/T,Black,Beige,None reported,Yes,13000,21,8459.863636363636,0.06984853613587153,0,1
Jeep,Wrangler Sport,2002,103500,Gasoline,190.0HP 4.0L Straight 6 Cylinder Engine Gasoline Fuel,M/T,Yellow,Gray,None reported,Yes,12500,23,4312.5,0.12077294685990338,0,0
Cadillac,CT6-V 4.2L Blackwing Twin Turbo,2019,8074,Gasoline,4.2L V8 32V GDI DOHC Twin Turbo,10-Speed Automatic,Manhattan Noir Metallic,Jet Black,None reported,Yes,76700,6,1153.4285714285713,9.499628436958137,0,1
BMW,M3 Base,2011,43000,Gasoline,414.0HP 4.0L 8 Cylinder Engine Gasoline Fuel,6-Speed M/T,Black,Black,None reported,Yes,50900,14,2866.6666666666665,1.1837209302325582,0,0
BMW,750 i,2015,70700,Gasoline,445.0HP 4.4L 8 Cylinder Engine Gasoline Fuel,8-Speed A/T,Blue,Black,At least 1 accident or damage reported,Yes,23000,10,6427.272727272727,0.32531824611032534,1,1
Chevrolet,Trailblazer RS,2022,42479,Gasoline,1.3L I3 12V GDI DOHC Turbo,9-Speed Automatic,Mosaic Black Metallic,Jet Black,None reported,Yes,28495,3,10619.75,0.6708020433626027,0,1
Ford,Excursion XLT 4WD,2000,205000,Gasoline,310.0HP 6.8L 10 Cylinder Engine Gasoline Fuel,A/T,Black,Gray,At least 1 accident or damage reported,Yes,9950,25,7884.615384615385,0.04853658536585366,1,1
Audi,SQ5 3.0T Premium Plus,2019,22300,Gasoline,349.0HP 3.0L V6 Cylinder Engine Gasoline Fuel,8-Speed A/T,Blue,Gray,None reported,Yes,38999,6,3185.714285714286,1.7488340807174887,0,1
Ford,Expedition EL Limited,2017,104000,Gasoline,365.0HP 3.5L V6 Cylinder Engine Gasoline Fuel,A/T,Black,Black,At least 1 accident or damage reported,Yes,19995,8,11555.555555555555,0.1922596153846154,1,1
Ford,Bronco Sport Base,2022,13865,Gasoline,1.5L I3 12V PDI DOHC Turbo,8-Speed Automatic,Shadow Black,Ebony,None reported,Yes,29182,3,3466.25,2.104724125495853,0,1
BMW,M4 Competition xDrive,2022,15882,Gasoline,503.0HP 3.0L Straight 6 Cylinder Engine Gasoline Fuel,8-Speed A/T,Red,Silver,None reported,Yes,84995,3,3970.5,5.351655962725098,0,1
Land,Rover Defender,2022,12209,Gasoline,5.0L V8 32V GDI DOHC Supercharged,8-Speed Automatic,Black,Black,None reported,Yes,104900,3,3052.25,8.5920222786469,0,1
Mercedes-Benz,AMG GLC 43 AMG GLC 43,2021,10483,Gasoline,3.0 Liter Twin Turbo,Automatic,Graphite Grey Metallic,Black w/Red Stitching,None reported,Yes,60998,4,2096.6,5.818754173423638,0,1
Nissan,GT-R Premium,2017,31150,Gasoline,565.0HP 3.8L V6 Cylinder Engine Gasoline Fuel,Transmission w/Dual Shift Mode,Orange,Black,None reported,Yes,113000,8,3461.1111111111113,3.6276083467094704,0,0
Chrysler,200 C,2015,44000,E85 Flex Fuel,295.0HP 3.6L V6 Cylinder Engine Flex Fuel Capability,A/T,White,Black,At least 1 accident or damage reported,Yes,12700,10,4000.0,0.28863636363636364,1,1
Hummer,H2 Base,2003,109000,Gasoline,316.0HP 6.0L 8 Cylinder Engine Gasoline Fuel,A/T,Beige,Beige,None reported,Yes,17500,22,4739.130434782609,0.16055045871559634,0,1
BMW,M4 Base,2020,31350,Gasoline,425.0HP 3.0L Straight 6 Cylinder Engine Gasoline Fuel,Transmission w/Dual Shift Mode,Gray,Orange,None reported,Yes,62450,5,5225.0,1.9920255183413078,0,0
Audi,Q8 55 Premium Plus,2021,30000,Hybrid,335.0HP 3.0L V6 Cylinder Engine Gasoline/Mild Electric Hybrid,8-Speed A/T,Black,Black,None reported,Yes,62000,4,6000.0,2.066666666666667,0,1
Land,Rover Range Rover HSE,2012,66500,Gasoline,385.0HP 5.0L 8 Cylinder Engine Gasoline Fuel,A/T,Silver,Black,None reported,Yes,19950,13,4750.0,0.3,0,1
Nissan,Frontier SV,2012,96600,Gasoline,261.0HP 4.0L V6 Cylinder Engine Gasoline Fuel,A/T,Beige,Black,At least 1 accident or damage reported,Yes,17000,13,6900.0,0.17598343685300208,1,1
Toyota,Highlander LE Plus,2015,198000,Gasoline,270.0HP 3.5L V6 Cylinder Engine Gasoline Fuel,A/T,White,Gray,None reported,Yes,14000,10,18000.0,0.0707070707070707,0,1
Audi,S4 3.0T Premium Plus,2013,91877,Gasoline,333.0HP 3.0L V6 Cylinder Engine Gasoline Fuel,A/T,Black,Red,At least 1 accident or damage reported,Yes,24000,12,7067.461538461538,0.2612188034001981,1,1
Ford,Expedition Max Limited,2018,45578,Gasoline,375.0HP 3.5L V6 Cylinder Engine Gasoline Fuel,10-Speed A/T,White,–,None reported,Yes,45023,7,5697.25,0.9878230725349949,0,1
BMW,228 i,2015,54000,Gasoline,240.0HP 2.0L 4 Cylinder Engine Gasoline Fuel,6-Speed M/T,Black,Red,At least 1 accident or damage reported,Yes,19996,10,4909.090909090909,0.3702962962962963,1,0
Land,Rover Range Rover Sport HST MHEV,2020,52000,Hybrid,395.0HP 3.0L Straight 6 Cylinder Engine Gasoline/Mild Electric Hybrid,8-Speed A/T,Gray,Black,None reported,Yes,55000,5,8666.666666666666,1.0576923076923077,0,1
Mercedes-Benz,E-Class AMG E 53,2020,23044,Hybrid,3.0 Liter Turbo,Automatic,Emerald Green Metallic,Black/Saddle Brown,None reported,Yes,72598,5,3840.6666666666665,3.150407915292484,0,1
Porsche,911 Carrera,2008,132500,Gasoline,325.0HP 3.6L Flat 6 Cylinder Engine Gasoline Fuel,6-Speed M/T,Black,Black,None reported,Yes,35000,17,7361.111111111111,0.2641509433962264,0,0
Dodge,Dakota SLT Quad Cab,2006,256000,Gasoline,4.7L 8 Cylinder Engine Gasoline Fuel,A/T,Black,Gray,None reported,Yes,4000,19,12800.0,0.015625,0,1
Mercedes-Benz,SL-Class SL63 AMG Roadster,2009,31370,Gasoline,518.0HP 6.3L 8 Cylinder Engine Gasoline Fuel,Transmission w/Dual Shift Mode,White,Brown,None reported,Yes,65700,16,1845.2941176470588,2.0943576665604082,0,0
Chrysler,Sebring LX,2008,67303,Gasoline,173.0HP 2.4L 4 Cylinder Engine Gasoline Fuel,A/T,Blue,Blue,None reported,Yes,4900,17,3739.0555555555557,0.07280507555383861,0,1
Chevrolet,Corvette Stingray w/3LT,2021,12000,Gasoline,490.0HP 6.2L 8 Cylinder Engine Gasoline Fuel,A/T,Blue,Black,At least 1 accident or damage reported,Yes,99900,4,2400.0,8.325,1,1
Ford,Bronco Outer Banks,2023,16500,Gasoline,275.0HP 2.3L 4 Cylinder Engine Gasoline Fuel,A/T,Blue,Gray,None reported,Yes,54000,2,5500.0,3.272727272727273,0,1
Toyota,Tacoma TRD Pro,2018,28800,Gasoline,"3.5L V-6 port/direct injection, DOHC, VVT-iE variable valve cont","Manual, 6-Spd",–,Black,None reported,Yes,42900,7,3600.0,1.4895833333333333,0,0
RAM,ProMaster 2500 High Roof,2019,88000,Gasoline,280.0HP 3.6L V6 Cylinder Engine Gasoline Fuel,6-Speed A/T,White,Black,At least 1 accident or damage reported,Yes,39900,6,12571.42857142857,0.45340909090909093,1,1
Ford,Shelby GT350 Base,2018,18515,Gasoline,526.0HP 5.2L 8 Cylinder Engine Gasoline Fuel,6-Speed M/T,White,Black,At least 1 accident or damage reported,Yes,60867,7,2314.375,3.2874426140966784,1,0
Tesla,Model 3 Performance,2018,92813,Gasoline,271.0HP Electric Motor Electric Fuel System,1-Speed A/T,Red,Black,None reported,Yes,30499,7,11601.625,0.3286069839354401,0,1
Land,Rover Range Rover P530 SE LWB 7 Seat,2023,2100,Gasoline,523.0HP 4.4L 8 Cylinder Engine Gasoline Fuel,8-Speed A/T,Gray,Beige,None reported,Yes,172000,2,700.0,81.9047619047619,0,1
Volvo,XC60 T6 Inscription,2019,58600,Gasoline,330.0HP 2.0L 4 Cylinder Engine Gasoline Fuel,A/T,White,White,At least 1 accident or damage reported,Yes,29000,6,8371.42857142857,0.4948805460750853,1,1
Lexus,LS 460 Crafted Line,2015,74500,Gasoline,386.0HP 4.6L 8 Cylinder Engine Gasoline Fuel,Transmission w/Dual Shift Mode,White,Red,None reported,Yes,33900,10,6772.727272727273,0.45503355704697984,0,0
Tesla,Model S 100D,2018,33500,Gasoline,518.0HP Electric Motor Electric Fuel System,A/T,Gray,Black,None reported,Yes,51900,7,4187.5,1.5492537313432835,0,1
Cadillac,XT6 Premium Luxury AWD,2023,222,Gasoline,310.0HP 3.6L V6 Cylinder Engine Gasoline Fuel,A/T,White,Black,None reported,Yes,69000,2,74.0,310.81081081081084,0,1
Chevrolet,Avalanche 1500 LTZ,2007,75124,E85 Flex Fuel,310.0HP 5.3L 8 Cylinder Engine Flex Fuel Capability,A/T,Red,Gray,None reported,Yes,16499,18,3953.8947368421054,0.2196235557212076,0,1
Chevrolet,Corvette Grand Sport,2013,15500,Gasoline,430.0HP 6.2L 8 Cylinder Engine Gasoline Fuel,Transmission w/Dual Shift Mode,White,Blue,None reported,Yes,45000,12,1192.3076923076924,2.903225806451613,0,0
Audi,Q8 55 Premium,2020,34300,Hybrid,335.0HP 3.0L V6 Cylinder Engine Gasoline/Mild Electric Hybrid,8-Speed A/T,Gray,Brown,None reported,Yes,52500,5,5716.666666666667,1.530612244897959,0,1
Honda,Odyssey Elite,2019,82000,Gasoline,280.0HP 3.5L V6 Cylinder Engine Gasoline Fuel,10-Speed A/T,Silver,Black,None reported,Yes,32471,6,11714.285714285714,0.3959878048780488,0,1
Acura,TLX,2023,3389,Gasoline,2.0 Liter DOHC Turbo,Automatic,Platinum White Pearl,Black,None reported,Yes,38598,2,1129.6666666666667,11.389200354086752,0,1
Porsche,Cayenne GTS Coupe AWD,2023,10000,Gasoline,453.0HP 4.0L 8 Cylinder Engine Gasoline Fuel,8-Speed A/T,Gray,Black,None reported,Yes,145000,2,3333.3333333333335,14.5,0,1
Cadillac,STS V6,2005,96000,Gasoline,260.0HP 3.6L V6 Cylinder Engine Gasoline Fuel,A/T,Beige,Brown,At least 1 accident or damage reported,Yes,4999,20,4571.428571428572,0.05207291666666667,1,1
Dodge,Charger R/T,2021,7751,Gasoline,370.0HP 5.7L 8 Cylinder Engine Gasoline Fuel,8-Speed A/T,Black,Black,None reported,Yes,41950,4,1550.2,5.412204876790091,0,1
Audi,RS 7 4.0T Performance Prestige,2017,66250,Gasoline,605.0HP 4.0L 8 Cylinder Engine Gasoline Fuel,8-Speed A/T,Gray,Gray,At least 1 accident or damage reported,Yes,59200,8,7361.111111111111,0.8935849056603774,1,1
Lexus,CT 200h Premium,2012,109000,Hybrid,134.0HP 1.8L 4 Cylinder Engine Gas/Electric Hybrid,A/T,White,Black,At least 1 accident or damage reported,Yes,14945,13,7785.714285714285,0.13711009174311928,1,1
Hyundai,Genesis Coupe 3.8 Base,2015,60000,Gasoline,348.0HP 3.8L V6 Cylinder Engine Gasoline Fuel,Transmission w/Dual Shift Mode,Black,Black,None reported,Yes,17000,10,5454.545454545455,0.2833333333333333,0,0
Tesla,Model S Performance,2020,14700,Gasoline,778.0HP Electric Motor Electric Fuel System,1-Speed A/T,Gray,Black,None reported,Yes,63000,5,2450.0,4.285714285714286,0,1
Mercedes-Benz,E-Class E 350 4MATIC,2022,9006,Gasoline,255.0HP 2.0L 4 Cylinder Engine Gasoline Fuel,9-Speed A/T,Black,Black,None reported,Yes,56999,3,2251.5,6.329002886964246,0,1
Toyota,GR86 Base,2022,13400,Gasoline,228.0HP 2.4L 4 Cylinder Engine Gasoline Fuel,6-Speed A/T,Silver,Black,None reported,Yes,33499,3,3350.0,2.4999253731343285,0,1
Porsche,Macan S,2020,28570,Gasoline,3.0 Liter Turbo,Automatic,White,Black,None reported,Yes,55998,5,4761.666666666667,1.96002800140007,0,1
Dodge,Durango SRT,2018,78000,Gasoline,475.0HP 6.4L 8 Cylinder Engine Gasoline Fuel,Transmission w/Dual Shift Mode,White,Black,At least 1 accident or damage reported,Yes,44700,7,9750.0,0.573076923076923,1,0
Lexus,LX 570 Base,2013,134000,Gasoline,383.0HP 5.7L 8 Cylinder Engine Gasoline Fuel,A/T,Gray,Black,At least 1 accident or damage reported,Yes,29995,12,10307.692307692309,0.22384328358208955,1,1
Kia,Optima Hybrid EX,2013,104994,Hybrid,199.0HP 2.4L 4 Cylinder Engine Gas/Electric Hybrid,6-Speed A/T,Black,Beige,None reported,Yes,9000,12,8076.461538461538,0.08571918395336876,0,1
Bentley,Continental GT V8 S,2016,31500,Gasoline,521.0HP 4.0L 8 Cylinder Engine Gasoline Fuel,8-Speed A/T,Black,Beige,None reported,Yes,103900,9,3150.0,3.2984126984126982,0,1
Alfa,Romeo Giulia Base,2020,30000,Gasoline,280.0HP 2.0L 4 Cylinder Engine Gasoline Fuel,8-Speed A/T,Black,–,None reported,Yes,28900,5,5000.0,0.9633333333333334,0,1
Lexus,LX 600 F SPORT,2023,490,Gasoline,409.0HP 3.4L V6 Cylinder Engine Gasoline Fuel,A/T,Black,Black,None reported,Yes,124999,2,163.33333333333334,255.1,0,1
Porsche,Taycan Turbo,2020,18000,Gasoline,616.0HP Electric Motor Electric Fuel System,A/T,Silver,Black,None reported,Yes,105000,5,3000.0,5.833333333333333,0,1
Toyota,Sequoia Limited,2017,67000,E85 Flex Fuel,381.0HP 5.7L 8 Cylinder Engine Flex Fuel Capability,6-Speed A/T,Silver,Gray,None reported,Yes,37999,8,7444.444444444444,0.5671492537313433,0,1
Kia,K5 EX,2021,8263,Gasoline,180.0HP 1.6L 4 Cylinder Engine Gasoline Fuel,A/T,Gray,White,None reported,Yes,29000,4,1652.6,3.5096212029529226,0,1
RAM,1500 Big Horn,2021,35003,Gasoline,5.7L V8 16V MPFI OHV,8-Speed Automatic,Bright White Clearcoat,Diesel Gray / Black,None reported,Yes,40999,4,7000.6,1.1712996028911808,0,1
Chevrolet,Corvette Base,2008,80000,Gasoline,430.0HP 6.2L 8 Cylinder Engine Gasoline Fuel,6-Speed A/T,Red,Beige,None reported,Yes,31000,17,4444.444444444444,0.3875,0,1
Chevrolet,Corvette Stingray w/1LT,2022,6200,Gasoline,490.0HP 6.2L 8 Cylinder Engine Gasoline Fuel,Transmission w/Dual Shift Mode,Brown,Black,None reported,Yes,99999,3,1550.0,16.128870967741936,0,0
Jaguar,F-TYPE S,2014,74595,Gasoline,495.0HP 5.0L 8 Cylinder Engine Gasoline Fuel,8-Speed A/T,Green,Black,At least 1 accident or damage reported,Yes,32450,11,6216.25,0.435015751725987,1,1
Audi,A7 3.0T Prestige,2013,87066,Gasoline,310.0HP 3.0L V6 Cylinder Engine Gasoline Fuel,8-Speed A/T,Silver,Black,None reported,Yes,20999,12,6697.384615384615,0.2411848482760205,0,1
Audi,Q8 3.0T Prestige,2019,38360,Gasoline,3.0L V6 24V GDI DOHC Turbo,8-Speed Automatic,Orca Black Metallic,Black,None reported,Yes,49936,6,5480.0,1.3017726798748697,0,1
Kia,Telluride SX,2020,38000,Gasoline,291.0HP 3.8L V6 Cylinder Engine Gasoline Fuel,8-Speed A/T,Green,Beige,None reported,Yes,41999,5,6333.333333333333,1.1052368421052632,0,1
Toyota,Camry Hybrid XLE,2018,69641,Hybrid,208.0HP 2.5L 4 Cylinder Engine Gas/Electric Hybrid,CVT Transmission,White,Black,At least 1 accident or damage reported,Yes,23995,7,8705.125,0.34455277781766486,1,0
Toyota,GR86 Premium,2022,1275,Gasoline,228.0HP 2.4L 4 Cylinder Engine Gasoline Fuel,6-Speed A/T,Blue,Black,None reported,Yes,47999,3,318.75,37.64627450980392,0,1
BMW,M3 Base,2001,60000,Gasoline,333.0HP 3.2L Straight 6 Cylinder Engine Gasoline Fuel,6-Speed M/T,Black,Gray,None reported,Yes,25000,24,2400.0,0.4166666666666667,0,0
Jeep,Wrangler Rubicon,2014,99450,Gasoline,285.0HP 3.6L V6 Cylinder Engine Gasoline Fuel,6-Speed M/T,Gray,Black,None reported,Yes,21000,11,8287.5,0.21116138763197587,0,0
Toyota,Tundra Hybrid Capstone,2023,200,Hybrid,437.0HP 3.4L V6 Cylinder Engine Gas/Electric Hybrid,10-Speed A/T,Blue,White,None reported,Yes,82500,2,66.66666666666667,412.5,0,1
Porsche,Panamera 4 Edition,2016,68000,Gasoline,310.0HP 3.6L V6 Cylinder Engine Gasoline Fuel,Transmission w/Dual Shift Mode,Gray,Black,At least 1 accident or damage reported,Yes,32950,9,6800.0,0.48455882352941176,1,0
Lexus,GS 350 Base,2010,212000,Gasoline,303.0HP 3.5L V6 Cylinder Engine Gasoline Fuel,A/T,Gray,Black,At least 1 accident or damage reported,Yes,9450,15,13250.0,0.044575471698113205,1,1
GMC,Sierra 3500 Denali,2019,73091,Diesel,445.0HP 6.6L 8 Cylinder Engine Diesel Fuel,A/T,White,Black,At least 1 accident or damage reported,Yes,58500,6,10441.57142857143,0.8003721388406233,1,1
Kia,Niro Plug-In Hybrid EX,2023,9400,Plug-In Hybrid,180.0HP 1.6L 4 Cylinder Engine Plug-In Electric/Gas,A/T,Black,Black,None reported,Yes,31500,2,3133.3333333333335,3.351063829787234,0,1
Porsche,Cayenne Base,2014,117697,Gasoline,300.0HP 3.6L V6 Cylinder Engine Gasoline Fuel,8-Speed A/T,Black,Black,At least 1 accident or damage reported,Yes,16975,11,9808.083333333334,0.144226275945861,1,1
Mercedes-Benz,S-Class S 65 AMG,2015,95428,Gasoline,621.0HP 6.0L 12 Cylinder Engine Gasoline Fuel,A/T,Silver,Silver,None reported,Yes,55000,10,8675.272727272728,0.5763507565913568,0,1
Lexus,GX 460 Premium,2017,116300,Gasoline,301.0HP 4.6L 8 Cylinder Engine Gasoline Fuel,6-Speed A/T,Gray,Beige,None reported,Yes,31950,8,12922.222222222223,0.27472055030094583,0,1
Acura,MDX Sport Hybrid 3.0L w/Technology Package,2019,56778,Hybrid,321.0HP 3.0L V6 Cylinder Engine Gas/Electric Hybrid,7-Speed A/T,Black,Black,None reported,Yes,41899,6,8111.142857142857,0.7379442741907076,0,1
Audi,Q5 S line Premium Plus,2023,5682,Hybrid,2.0 Liter TFSI,Automatic,Chronos Gray,Gray,None reported,Yes,48698,2,1894.0,8.570573741640267,0,1
BMW,530 i,2017,37000,Gasoline,248.0HP 2.0L 4 Cylinder Engine Gasoline Fuel,A/T,Gray,Black,None reported,Yes,31000,8,4111.111111111111,0.8378378378378378,0,1
Kia,Forte Koup EX,2015,103748,Gasoline,173.0HP 2.0L 4 Cylinder Engine Gasoline Fuel,A/T,Gray,Gray,None reported,Yes,8500,10,9431.636363636364,0.08192929020318464,0,1
Toyota,Sequoia Limited,2005,86000,Gasoline,282.0HP 4.7L 8 Cylinder Engine Gasoline Fuel,A/T,Silver,–,None reported,Yes,22500,20,4095.2380952380954,0.2616279069767442,0,1
Land,Rover LR4 HSE,2013,125900,Gasoline,375.0HP 5.0L 8 Cylinder Engine Gasoline Fuel,A/T,Black,Beige,None reported,Yes,21000,12,9684.615384615385,0.16679904686258937,0,1
Nissan,Titan SV,2023,6200,Gasoline,400.0HP 5.6L 8 Cylinder Engine Gasoline Fuel,9-Speed A/T,Black,Gray,None reported,Yes,48000,2,2066.6666666666665,7.741935483870968,0,1
Ford,F-250 Lariat,2019,85000,Diesel,450.0HP 6.7L 8 Cylinder Engine Diesel Fuel,6-Speed A/T,Black,Black,At least 1 accident or damage reported,Yes,52500,6,12142.857142857143,0.6176470588235294,1,1
Mercedes-Benz,AMG GT AMG GT,2017,19324,Gasoline,456.0HP 4.0L 8 Cylinder Engine Gasoline Fuel,Transmission w/Dual Shift Mode,Gray,Beige,None reported,Yes,75000,8,2147.1111111111113,3.8811840198716623,0,0
Cadillac,Escalade Platinum,2018,49273,Gasoline,420.0HP 6.2L 8 Cylinder Engine Gasoline Fuel,A/T,Red,Black,None reported,Yes,54000,7,6159.125,1.0959348933492987,0,1
Tesla,Model 3 Standard Range Plus,2019,42094,Gasoline,Electric Motor Electric Fuel System,A/T,White,White,None reported,Yes,32000,6,6013.428571428572,0.7602033543973012,0,1
BMW,M3 Base,2017,44000,Gasoline,425.0HP 3.0L Straight 6 Cylinder Engine Gasoline Fuel,7-Speed A/T,Blue,Black,None reported,Yes,55000,8,4888.888888888889,1.25,0,1
Chevrolet,Cruze LT,2012,148377,Gasoline,138.0HP 1.4L 4 Cylinder Engine Gasoline Fuel,6-Speed A/T,Blue,Black,None reported,Yes,5500,13,10598.357142857143,0.03706773960923863,0,1
Dodge,Challenger SRT8,2010,70000,Gasoline,425.0HP 6.1L 8 Cylinder Engine Gasoline Fuel,6-Speed M/T,Orange,Black,None reported,Yes,22000,15,4375.0,0.3142857142857143,0,0
Mercedes-Benz,Sprinter 2500,2016,143290,Diesel,161.0HP 2.1L 4 Cylinder Engine Diesel Fuel,A/T,White,Black,None reported,Yes,33490,9,14329.0,0.23372182287668364,0,1
Ford,F-350 Platinum,2019,69205,Diesel,450.0HP 6.7L 8 Cylinder Engine Diesel Fuel,Transmission w/Dual Shift Mode,White,Black,None reported,Yes,73500,6,9886.42857142857,1.0620619897406256,0,0
Chevrolet,Tahoe LTZ,2015,123500,Gasoline,355.0HP 5.3L 8 Cylinder Engine Gasoline Fuel,6-Speed A/T,White,Brown,None reported,Yes,25650,10,11227.272727272728,0.2076923076923077,0,1
Audi,Q7 3.0T Prestige,2018,70773,Gasoline,333.0HP 3.0L V6 Cylinder Engine Gasoline Fuel,A/T,White,Black,None reported,Yes,30950,7,8846.625,0.4373136648156783,0,1
Jeep,Patriot Latitude,2015,109000,Gasoline,158.0HP 2.0L 4 Cylinder Engine Gasoline Fuel,A/T,Gray,Gray,At least 1 accident or damage reported,Yes,7599,10,9909.09090909091,0.06971559633027523,1,1
INFINITI,QX70 Base,2014,71097,Gasoline,325.0HP 3.7L V6 Cylinder Engine Gasoline Fuel,7-Speed A/T,Black,Black,None reported,Yes,18995,11,5924.75,0.2671702040873736,0,1
BMW,X5 xDrive35i,2013,76309,Gasoline,300.0HP 3.0L Straight 6 Cylinder Engine Gasoline Fuel,A/T,Silver,Black,None reported,Yes,12000,12,5869.923076923077,0.15725536961564165,0,1
Tesla,Model 3,2018,26609,Gasoline,Electric,Automatic,Gray,–,None reported,Yes,36998,7,3326.125,1.3904318087865009,0,1
Land,Rover Range Rover P400 SE LWB 7 Seat,2023,4126,Hybrid,395.0HP 3.0L Straight 6 Cylinder Engine Gasoline/Mild Electric Hybrid,A/T,Black,Beige,None reported,Yes,155000,2,1375.3333333333333,37.56665050896752,0,1
Nissan,240SX Base,1996,160490,–,–,5-Speed M/T,Gray,Black,None reported,Yes,15500,29,5349.666666666667,0.09657922612000748,0,0
Cadillac,ATS 2.5L,2014,80400,Gasoline,202.0HP 2.5L 4 Cylinder Engine Gasoline Fuel,A/T,Silver,Black,At least 1 accident or damage reported,Yes,15000,11,6700.0,0.1865671641791045,1,1
Toyota,RAV4 Base,2010,123620,Gasoline,179.0HP 2.5L 4 Cylinder Engine Gasoline Fuel,4-Speed A/T,Black,Black,At least 1 accident or damage reported,Yes,9900,15,7726.25,0.08008412878175053,1,1
Acura,TSX Technology,2011,187883,Gasoline,201.0HP 2.4L 4 Cylinder Engine Gasoline Fuel,A/T,Red,Beige,None reported,Yes,5500,14,12525.533333333333,0.029273537254568,0,1
Mercedes-Benz,G-Class G 550 4MATIC,2020,45000,Gasoline,416.0HP 4.0L 8 Cylinder Engine Gasoline Fuel,A/T,Black,Black,None reported,Yes,133000,5,7500.0,2.9555555555555557,0,1
Honda,Civic Sport,2022,25420,Gasoline,158.0HP 2.0L 4 Cylinder Engine Gasoline Fuel,CVT Transmission,Red,Gray,None reported,Yes,24500,3,6355.0,0.963808025177026,0,0
BMW,M3 Base,2011,129999,Gasoline,414.0HP 4.0L 8 Cylinder Engine Gasoline Fuel,6-Speed M/T,White,Black,None reported,Yes,29999,14,8666.6,0.2307633135639505,0,0
BMW,M3 Base,2008,41048,Gasoline,414.0HP 4.0L 8 Cylinder Engine Gasoline Fuel,Transmission w/Dual Shift Mode,Gray,Beige,None reported,Yes,38490,17,2280.4444444444443,0.9376827129214578,0,0
Nissan,Cube 1.8 S,2010,72500,Gasoline,122.0HP 1.8L 4 Cylinder Engine Gasoline Fuel,6-Speed M/T,Brown,Black,None reported,Yes,6750,15,4531.25,0.09310344827586207,0,0
RAM,ProMaster 3500 Tradesman,2014,143390,Gasoline,280.0HP 3.6L V6 Cylinder Engine Gasoline Fuel,6-Speed A/T,White,–,None reported,Yes,13000,11,11949.166666666666,0.09066183136899365,0,1
Acura,RDX Base,2018,68425,Gasoline,279.0HP 3.5L V6 Cylinder Engine Gasoline Fuel,6-Speed A/T,Gray,–,At least 1 accident or damage reported,Yes,23500,7,8553.125,0.34344172451589333,1,1
Toyota,4Runner Limited,2018,95000,Gasoline,270.0HP 4.0L V6 Cylinder Engine Gasoline Fuel,A/T,Silver,Brown,None reported,Yes,33000,7,11875.0,0.3473684210526316,0,1
RAM,1500 Limited,2019,29000,Gasoline,395.0HP 5.7L 8 Cylinder Engine Gasoline Fuel,8-Speed A/T,Gray,Black,At least 1 accident or damage reported,Yes,49500,6,4142.857142857143,1.706896551724138,1,1
Chevrolet,Corvette Base,2003,145000,Gasoline,350.0HP 5.7L 8 Cylinder Engine Gasoline Fuel,A/T,Blue,Black,None reported,Yes,22000,22,6304.347826086957,0.15172413793103448,0,1
Land,Rover Defender 110 SE,2020,29700,Hybrid,395.0HP 3.0L Straight 6 Cylinder Engine Gasoline/Mild Electric Hybrid,8-Speed A/T,Green,Black,None reported,Yes,68000,5,4950.0,2.2895622895622894,0,1
Jeep,Grand Cherokee Laredo,2011,98658,Gasoline,360.0HP 5.7L 8 Cylinder Engine Gasoline Fuel,5-Speed A/T,White,Gray,None reported,Yes,14995,14,6577.2,0.15198970179813093,0,1
Volvo,S80 T6,2009,97615,Gasoline,281.0HP 3.0L Straight 6 Cylinder Engine Gasoline Fuel,6-Speed A/T,Black,Gray,None reported,Yes,10500,16,5742.058823529412,0.10756543564001435,0,1
Porsche,Cayenne S,2014,36000,Gasoline,400.0HP 4.8L 8 Cylinder Engine Gasoline Fuel,8-Speed A/T,Black,Beige,None reported,Yes,37000,11,3000.0,1.0277777777777777,0,1
Mazda,CX-30 Select,2021,61874,Gasoline,2.5L I4 16V GDI DOHC,6-Speed Automatic,Jet Black Mica,Black,None reported,Yes,22389,4,12374.8,0.3618482722953098,0,1
Chrysler,Town & Country Touring,2012,74582,E85 Flex Fuel,283.0HP 3.6L V6 Cylinder Engine Flex Fuel Capability,6-Speed A/T,Black,–,None reported,Yes,8500,13,5327.285714285715,0.11396851787294522,0,1
INFINITI,FX37 Base,2013,51500,Gasoline,325.0HP 3.7L V6 Cylinder Engine Gasoline Fuel,A/T,Gray,Black,None reported,Yes,23900,12,3961.5384615384614,0.4640776699029126,0,1
Toyota,FJ Cruiser Base,2007,193827,Gasoline,239.0HP 4.0L V6 Cylinder Engine Gasoline Fuel,A/T,Silver,Black,None reported,Yes,14950,18,10201.421052631578,0.07713063711454028,0,1
Chevrolet,Silverado 1500 LT,2019,53433,Gasoline,355.0HP 5.3L 8 Cylinder Engine Gasoline Fuel,A/T,Blue,Gray,None reported,Yes,36950,6,7633.285714285715,0.6915202215859113,0,1
Mercedes-Benz,C-Class C 63 AMG,2012,103000,Gasoline,451.0HP 6.3L 8 Cylinder Engine Gasoline Fuel,7-Speed A/T,Silver,Black,At least 1 accident or damage reported,Yes,40000,13,7357.142857142857,0.3883495145631068,1,1
BMW,428 Gran Coupe i xDrive,2016,59000,Gasoline,240.0HP 2.0L 4 Cylinder Engine Gasoline Fuel,Transmission w/Dual Shift Mode,Black,Brown,At least 1 accident or damage reported,Yes,20999,9,5900.0,0.35591525423728815,1,0
Lexus,GX 460 Premium,2017,82000,Gasoline,301.0HP 4.6L 8 Cylinder Engine Gasoline Fuel,A/T,Gray,Brown,None reported,Yes,32900,8,9111.111111111111,0.401219512195122,0,1
Porsche,Panamera Edition,2016,60000,Gasoline,310.0HP 3.6L V6 Cylinder Engine Gasoline Fuel,A/T,Gray,Black,None reported,Yes,45000,9,6000.0,0.75,0,1
Cadillac,Escalade ESV Platinum,2017,93971,Gasoline,420.0HP 6.2L 8 Cylinder Engine Gasoline Fuel,A/T,White,Beige,None reported,Yes,47000,8,10441.222222222223,0.5001543029232423,0,1
Lexus,IS 350 Base,2015,62600,Gasoline,306.0HP 3.5L V6 Cylinder Engine Gasoline Fuel,Transmission w/Dual Shift Mode,Gray,Red,None reported,Yes,27500,10,5690.909090909091,0.43929712460063897,0,0
Mercedes-Benz,E-Class E 350 4MATIC,2014,84450,Gasoline,302.0HP 3.5L V6 Cylinder Engine Gasoline Fuel,7-Speed A/T,Gray,Beige,None reported,Yes,19000,11,7037.5,0.22498519834221434,0,1
Audi,Q5 S line Premium,2022,18099,Hybrid,2.0 Liter TFSI,Automatic,Daytona Gray,Gray,None reported,Yes,40798,3,4524.75,2.25415768827007,0,1
Mercedes-Benz,E-Class E 350 4MATIC,2014,76500,Gasoline,302.0HP 3.5L V6 Cylinder Engine Gasoline Fuel,7-Speed A/T,Silver,Black,None reported,Yes,17999,11,6375.0,0.235281045751634,0,1
Chevrolet,Camaro 1LT,2017,74000,Gasoline,275.0HP 2.0L 4 Cylinder Engine Gasoline Fuel,A/T,Yellow,Black,None reported,Yes,19800,8,8222.222222222223,0.26756756756756755,0,1
RAM,1500 Laramie,2022,15607,Gasoline,5.7L V8 16V MPFI OHV,8-Speed Automatic,Billet Silver Metallic Clearcoat,Black,None reported,Yes,45999,3,3901.75,2.9473313256871916,0,1
Chevrolet,Silverado 1500 1LZ,2014,111095,E85 Flex Fuel,355.0HP 5.3L 8 Cylinder Engine Flex Fuel Capability,6-Speed A/T,White,Black,At least 1 accident or damage reported,Yes,26000,11,9257.916666666666,0.23403393492056349,1,1
Toyota,Camry Solara SLE,2007,37216,Gasoline,210.0HP 3.3L V6 Cylinder Engine Gasoline Fuel,A/T,Red,Beige,At least 1 accident or damage reported,Yes,14995,18,1958.7368421052631,0.40291809974204645,1,1
Jaguar,F-TYPE S,2015,25786,Gasoline,380.0HP 3.0L V6 Cylinder Engine Gasoline Fuel,8-Speed A/T,Blue,Gray,None reported,Yes,38500,10,2344.181818181818,1.4930582486620647,0,1
Jeep,Gladiator Sport,2021,15520,Gasoline,3.6L V6 24V MPFI DOHC,8-Speed Automatic,Sting Gray Clearcoat,Black,None reported,Yes,40459,4,3104.0,2.606894329896907,0,1
RAM,1500 Big Horn,2021,49583,Gasoline,5.7L V8 16V MPFI OHV,8-Speed Automatic,Billet Silver Metallic Clearcoat,Black,None reported,Yes,42816,4,9916.6,0.8635217715749349,0,1
Porsche,Cayenne Diesel,2015,97300,Diesel,240.0HP 3.0L V6 Cylinder Engine Diesel Fuel,8-Speed A/T,Black,Black,None reported,Yes,29995,10,8845.454545454546,0.308273381294964,0,1
Chevrolet,Camaro Base,2002,89000,Gasoline,200.0HP 3.8L V6 Cylinder Engine Gasoline Fuel,A/T,Silver,Black,None reported,Yes,10400,23,3708.3333333333335,0.11685393258426967,0,1
Porsche,Cayenne S,2015,52111,Gasoline,420.0HP 3.6L V6 Cylinder Engine Gasoline Fuel,8-Speed A/T,Black,Black,At least 1 accident or damage reported,Yes,37500,10,4737.363636363636,0.7196177390570129,1,1
Dodge,Challenger R/T Scat Pack,2019,75800,Gasoline,6.4 Liter,Automatic,Gray,Black,None reported,Yes,35998,6,10828.57142857143,0.47490765171503957,0,1
Lexus,ES 350 Base,2010,113500,Gasoline,272.0HP 3.5L V6 Cylinder Engine Gasoline Fuel,A/T,Red,Beige,At least 1 accident or damage reported,Yes,11000,15,7093.75,0.09691629955947137,1,1
Audi,Q3 2.0T Premium Plus,2015,155382,Gasoline,200.0HP 2.0L 4 Cylinder Engine Gasoline Fuel,A/T,Brown,Gray,At least 1 accident or damage reported,Yes,13500,10,14125.636363636364,0.08688265050005792,1,1
Mercedes-Benz,E-Class E 550,2016,49643,Gasoline,402.0HP 4.7L 8 Cylinder Engine Gasoline Fuel,7-Speed A/T,White,Black,At least 1 accident or damage reported,Yes,33995,9,4964.3,0.6847893962895071,1,1
BMW,650 i xDrive,2015,76474,Gasoline,445.0HP 4.4L 8 Cylinder Engine Gasoline Fuel,Transmission w/Dual Shift Mode,White,Black,None reported,Yes,32000,10,6952.181818181818,0.4184428694719774,0,0
Porsche,Cayman Base,2016,10431,Gasoline,275.0HP 2.7L Flat 6 Cylinder Engine Gasoline Fuel,7-Speed A/T,Red,Black,None reported,Yes,50999,9,1043.1,4.889176493145432,0,1
INFINITI,FX50 Base,2009,190120,Gasoline,390.0HP 5.0L 8 Cylinder Engine Gasoline Fuel,7-Speed A/T,Gray,Black,At least 1 accident or damage reported,Yes,12500,16,11183.529411764706,0.06574794866400169,1,1
Ford,F-150 XLT,2020,92000,Gasoline,375.0HP 3.5L V6 Cylinder Engine Gasoline Fuel,10-Speed A/T,Gray,Black,None reported,Yes,29999,5,15333.333333333334,0.32607608695652174,0,1
Chevrolet,Camaro 2LT,2017,24000,Gasoline,335.0HP 3.6L V6 Cylinder Engine Gasoline Fuel,6-Speed M/T,Yellow,Black,None reported,Yes,32000,8,2666.6666666666665,1.3333333333333333,0,0
RAM,1500 Big Horn,2020,25396,Gasoline,5.7L V8 16V MPFI OHV,8-Speed Automatic,Maximum Steel Metallic,Black,None reported,Yes,43250,5,4232.666666666667,1.7030240982831941,0,1
Chevrolet,Silverado 2500 H/D,2001,167000,Gasoline,300.0HP 6.0L 8 Cylinder Engine Gasoline Fuel,4-Speed A/T,White,Gray,At least 1 accident or damage reported,Yes,6500,24,6680.0,0.038922155688622756,1,1
RAM,1500 Laramie,2022,18645,Gasoline,5.7L V8 16V MPFI OHV,Automatic,Diamond Black,Black,None reported,Yes,49700,3,4661.25,2.6655939930276213,0,1
Porsche,911 Turbo,2018,28470,Gasoline,540.0HP 3.8L Flat 6 Cylinder Engine Gasoline Fuel,Transmission w/Dual Shift Mode,White,Black,At least 1 accident or damage reported,Yes,147500,7,3558.75,5.180892167193537,1,0
Ford,Mustang V6,2016,54000,Gasoline,300.0HP 3.7L V6 Cylinder Engine Gasoline Fuel,6-Speed A/T,White,Black,None reported,Yes,23999,9,5400.0,0.44442592592592595,0,1
Hyundai,Accent GL,2003,83000,Gasoline,104.0HP 1.6L 4 Cylinder Engine Gasoline Fuel,M/T,Blue,Gray,None reported,Yes,2900,22,3608.695652173913,0.03493975903614458,0,0
Audi,Q5 S line Premium Plus,2022,10071,Hybrid,2.0 Liter TFSI,Automatic,Mythos Black Metallic,Black,None reported,Yes,40598,3,2517.75,4.031178631714825,0,1
Ford,F-150 XLT,2021,43329,Gasoline,3.5L V6 24V PDI DOHC Twin Turbo,10-Speed Automatic,Carbonized Gray Metallic,Black,None reported,Yes,43642,4,8665.8,1.0072237993030073,0,1
Lexus,RC F Base,2015,51400,Gasoline,467.0HP 5.0L 8 Cylinder Engine Gasoline Fuel,8-Speed A/T,Silver,Gray,None reported,Yes,43000,10,4672.727272727273,0.8365758754863813,0,1
Chevrolet,Suburban 1500 LT,2015,153800,E85 Flex Fuel,355.0HP 5.3L 8 Cylinder Engine Flex Fuel Capability,6-Speed A/T,Silver,Black,At least 1 accident or damage reported,Yes,23000,10,13981.818181818182,0.14954486345903772,1,1
Land,Rover Range Rover Sport SVR Carbon Edition,2022,9000,Gasoline,575.0HP 5.0L 8 Cylinder Engine Gasoline Fuel,A/T,Green,Gray,None reported,Yes,115000,3,2250.0,12.777777777777779,0,1
Dodge,Viper SRT-10,2003,10800,Gasoline,500.0HP 8.3L 10 Cylinder Engine Gasoline Fuel,6-Speed M/T,Silver,Black,None reported,Yes,65499,22,469.5652173913044,6.064722222222223,0,0
RAM,1500 Laramie,2020,10458,Gasoline,5.7L V8 16V MPFI OHV,8-Speed Automatic,Delmonico Red Pearlcoat,Black,None reported,Yes,48815,5,1743.0,4.667718493019698,0,1
BMW,328 i,2014,84709,Gasoline,240.0HP 2.0L 4 Cylinder Engine Gasoline Fuel,8-Speed A/T,Silver,Gray,None reported,Yes,13800,11,7059.083333333333,0.1629106706489275,0,1
Mercedes-Benz,AMG C 43 AMG C 43 4MATIC,2019,33500,Gasoline,385.0HP 3.0L V6 Cylinder Engine Gasoline Fuel,9-Speed A/T,Red,Black,None reported,Yes,45770,6,4785.714285714285,1.366268656716418,0,1
BMW,M4 Base,2015,98000,Gasoline,425.0HP 3.0L Straight 6 Cylinder Engine Gasoline Fuel,Transmission w/Dual Shift Mode,Black,Orange,None reported,Yes,32999,10,8909.09090909091,0.33672448979591835,0,0
BMW,750 i,2008,94653,Gasoline,360.0HP 4.8L 8 Cylinder Engine Gasoline Fuel,A/T,Green,Green,At least 1 accident or damage reported,Yes,7300,17,5258.5,0.07712381012751841,1,1
Ford,Expedition Limited,2023,9281,Gasoline,440.0HP 3.5L V6 Cylinder Engine Gasoline Fuel,A/T,Black,Black,None reported,Yes,85000,2,3093.6666666666665,9.158495851740113,0,1
Chevrolet,Traverse Premier,2023,11806,Gasoline,310.0HP 3.6L V6 Cylinder Engine Gasoline Fuel,9-Speed A/T,White,Black,None reported,Yes,47000,2,3935.3333333333335,3.981026596645773,0,1
Mercedes-Benz,E-Class D 2.5 Turbo,1993,70015,–,–,4-Speed A/T,Gray,Gray,None reported,Yes,22500,32,2121.6666666666665,0.32135970863386415,0,1
Cadillac,Escalade Platinum,2020,48613,Gasoline,420.0HP 6.2L 8 Cylinder Engine Gasoline Fuel,A/T,Black,Black,At least 1 accident or damage reported,Yes,61500,5,8102.166666666667,1.265093699216259,1,1
RAM,3500 Tradesman,2023,2990,Diesel,400.0HP 6.7L Straight 6 Cylinder Engine Diesel Fuel,A/T,White,Black,At least 1 accident or damage reported,Yes,69900,2,996.6666666666666,23.377926421404684,1,1
Audi,TT 1.8L,2005,124747,Gasoline,180.0HP 1.8L 4 Cylinder Engine Gasoline Fuel,Transmission w/Dual Shift Mode,Silver,Black,None reported,Yes,6900,20,5940.333333333333,0.055311951389612576,0,0
RAM,1500 Big Horn,2021,24000,Hybrid,395.0HP 5.7L 8 Cylinder Engine Gasoline/Mild Electric Hybrid,A/T,Silver,Black,None reported,Yes,42000,4,4800.0,1.75,0,1
Mazda,CX-7 Sport,2009,113000,Gasoline,244.0HP 2.3L 4 Cylinder Engine Gasoline Fuel,6-Speed A/T,Gray,Black,None reported,Yes,5499,16,6647.058823529412,0.04866371681415929,0,1
INFINITI,QX60 Base,2017,89106,Gasoline,295.0HP 3.5L V6 Cylinder Engine Gasoline Fuel,Transmission w/Dual Shift Mode,White,Beige,None reported,Yes,18000,8,9900.666666666666,0.20200659888223016,0,0
Ford,F-250 Platinum,2017,22000,E85 Flex Fuel,385.0HP 6.2L 8 Cylinder Engine Flex Fuel Capability,6-Speed A/T,Beige,Black,At least 1 accident or damage reported,Yes,53000,8,2444.4444444444443,2.409090909090909,1,1
Jeep,Compass Limited,2022,20472,Gasoline,2.4L I4 16V MPFI SOHC,9-Speed Automatic,Red,Black,None reported,Yes,28298,3,5118.0,1.3822782336850332,0,1
INFINITI,QX80 SENSORY,2023,8600,Gasoline,400.0HP 5.6L 8 Cylinder Engine Gasoline Fuel,7-Speed A/T,Black,Brown,None reported,Yes,78990,2,2866.6666666666665,9.184883720930232,0,1
Chevrolet,Silverado 1500 Limited LT Trail Boss,2022,4753,Gasoline,355.0HP 5.3L 8 Cylinder Engine Gasoline Fuel,10-Speed A/T,White,Black,None reported,Yes,57000,3,1188.25,11.992425836313908,0,1
Hyundai,Genesis Coupe 2.0T,2010,65000,Gasoline,210.0HP 2.0L 4 Cylinder Engine Gasoline Fuel,A/T,Gray,Black,None reported,Yes,8900,15,4062.5,0.13692307692307693,0,1
Chevrolet,Camaro 1SS,2021,15000,Gasoline,455.0HP 6.2L 8 Cylinder Engine Gasoline Fuel,6-Speed M/T,Blue,Gray,None reported,Yes,43500,4,3000.0,2.9,0,0
Chevrolet,Tahoe Base,1997,229000,Diesel,180.0HP 6.5L 8 Cylinder Engine Diesel Fuel,A/T,Green,Beige,At least 1 accident or damage reported,Yes,19500,28,7896.551724137931,0.0851528384279476,1,1
Audi,A6 3.0 TDI Premium Plus,2014,42400,Diesel,240.0HP 3.0L V6 Cylinder Engine Diesel Fuel,8-Speed A/T,Silver,Black,None reported,Yes,26500,11,3533.3333333333335,0.625,0,1
Land,Rover Defender S,2023,15840,Gasoline,296.0HP 2.0L 4 Cylinder Engine Gasoline Fuel,8-Speed A/T,White,Black,None reported,Yes,69900,2,5280.0,4.412878787878788,0,1
Porsche,Cayenne S,2016,76200,Gasoline,420.0HP 3.6L V6 Cylinder Engine Gasoline Fuel,Transmission w/Dual Shift Mode,Gray,Beige,None reported,Yes,42000,9,7620.0,0.5511811023622047,0,0
Chevrolet,Suburban Premier,2019,105667,Gasoline,355.0HP 5.3L 8 Cylinder Engine Gasoline Fuel,6-Speed A/T,Black,Beige,None reported,Yes,39000,6,15095.285714285714,0.36908400919870915,0,1
Chevrolet,Suburban Premier,2019,51338,Gasoline,355.0HP 5.3L 8 Cylinder Engine Gasoline Fuel,6-Speed A/T,White,Black,None reported,Yes,49900,6,7334.0,0.9719895593907047,0,1
Dodge,Dart SE,2016,76857,Gasoline,160.0HP 2.0L 4 Cylinder Engine Gasoline Fuel,M/T,Black,Black,At least 1 accident or damage reported,Yes,8100,9,7685.7,0.10539053046567001,1,0
Ford,F-250 Lariat,2019,80200,E85 Flex Fuel,385.0HP 6.2L 8 Cylinder Engine Flex Fuel Capability,A/T,White,Black,None reported,Yes,42500,6,11457.142857142857,0.529925187032419,0,1
Toyota,Sequoia SR5,2002,244200,Gasoline,240.0HP 4.7L 8 Cylinder Engine Gasoline Fuel,A/T,White,–,At least 1 accident or damage reported,Yes,3950,23,10175.0,0.016175266175266174,1,1
Ford,Mustang GT,2014,38560,Gasoline,420.0HP 5.0L 8 Cylinder Engine Gasoline Fuel,6-Speed M/T,Black,Black,At least 1 accident or damage reported,Yes,28500,11,3213.3333333333335,0.7391078838174274,1,0
Chevrolet,Corvette Stingray w/2LT,2020,12500,Gasoline,490.0HP 6.2L 8 Cylinder Engine Gasoline Fuel,Transmission w/Dual Shift Mode,Yellow,Black,None reported,Yes,84999,5,2083.3333333333335,6.79992,0,0
Hyundai,Genesis Coupe 3.8 Base,2016,45303,Gasoline,348.0HP 3.8L V6 Cylinder Engine Gasoline Fuel,8-Speed A/T,White,Black,None reported,Yes,20999,9,4530.3,0.4635233869721652,0,1
Ford,Focus ST Base,2014,110000,Gasoline,252.0HP 2.0L 4 Cylinder Engine Gasoline Fuel,6-Speed M/T,Silver,Gray,None reported,Yes,9495,11,9166.666666666666,0.08631818181818182,0,0
Cadillac,CTS Luxury,2011,66200,Gasoline,270.0HP 3.0L V6 Cylinder Engine Gasoline Fuel,6-Speed A/T,Black,Black,None reported,Yes,16499,14,4413.333333333333,0.2492296072507553,0,1
Subaru,Baja Base,2003,71000,Gasoline,165.0HP 2.5L 4 Cylinder Engine Gasoline Fuel,5-Speed M/T,Red,Black,None reported,Yes,14900,22,3086.9565217391305,0.20985915492957746,0,0
Toyota,Highlander XLE,2019,81301,Gasoline,3.5L V6 24V PDI DOHC,8-Speed Automatic,Black,Black,None reported,Yes,30275,6,11614.42857142857,0.3723816435222199,0,1
Chevrolet,Corvette Stingray Z51,2019,7033,Gasoline,460.0HP 6.2L 8 Cylinder Engine Gasoline Fuel,8-Speed A/T,White,Black,None reported,Yes,63900,6,1004.7142857142857,9.085738660600029,0,1
Dodge,Durango SRT,2020,36000,Gasoline,475.0HP 6.4L 8 Cylinder Engine Gasoline Fuel,8-Speed A/T,Gray,Red,None reported,Yes,62000,5,6000.0,1.7222222222222223,0,1
Acura,TSX 2.4,2010,116000,Gasoline,201.0HP 2.4L 4 Cylinder Engine Gasoline Fuel,6-Speed M/T,Silver,Black,At least 1 accident or damage reported,Yes,9000,15,7250.0,0.07758620689655173,1,0
Chevrolet,Camaro 2SS,2018,42780,Gasoline,455.0HP 6.2L 8 Cylinder Engine Gasoline Fuel,Transmission w/Dual Shift Mode,Black,Black,At least 1 accident or damage reported,Yes,41100,7,5347.5,0.9607293127629734,1,0
BMW,640 Gran Coupe i,2014,39886,Gasoline,315.0HP 3.0L Straight 6 Cylinder Engine Gasoline Fuel,Transmission w/Dual Shift Mode,Black,Red,At least 1 accident or damage reported,Yes,26000,11,3323.8333333333335,0.6518577947149375,1,0
Audi,S5 3.0T Premium Plus,2014,151400,Gasoline,333.0HP 3.0L V6 Cylinder Engine Gasoline Fuel,Transmission w/Dual Shift Mode,Gray,Black,None reported,Yes,15400,11,12616.666666666666,0.10171730515191546,0,0
Alfa,Romeo Giulia Base,2017,48000,Gasoline,280.0HP 2.0L 4 Cylinder Engine Gasoline Fuel,A/T,Red,Black,None reported,Yes,20500,8,5333.333333333333,0.4270833333333333,0,1
Toyota,Highlander XLE,2023,8727,Gasoline,2.4L I4 16V PDI DOHC Turbo,8-Speed Automatic,Ruby Flare Pearl,Black,None reported,Yes,44596,2,2909.0,5.1101180245216,0,1
Rolls-Royce,Ghost Base,2011,79000,Gasoline,563.0HP 6.6L 12 Cylinder Engine Gasoline Fuel,8-Speed A/T,Black,White,At least 1 accident or damage reported,Yes,80300,14,5266.666666666667,1.0164556962025317,1,1
Dodge,Challenger R/T,2020,54000,Gasoline,372.0HP 5.7L 8 Cylinder Engine Gasoline Fuel,8-Speed A/T,Gray,Black,None reported,Yes,34000,5,9000.0,0.6296296296296297,0,1
Porsche,Cayenne Base,2016,110000,Gasoline,300.0HP 3.6L V6 Cylinder Engine Gasoline Fuel,A/T,White,White,At least 1 accident or damage reported,Yes,25900,9,11000.0,0.23545454545454544,1,1
Chevrolet,Bolt EV LT,2020,49688,Gasoline,200.0HP Electric Motor Electric Fuel System,A/T,Blue,Gray,None reported,Yes,24900,5,8281.333333333334,0.5011270326839479,0,1
Mercedes-Benz,Metris Base,2020,14000,Gasoline,208.0HP 2.0L 4 Cylinder Engine Gasoline Fuel,7-Speed A/T,Black,Beige,None reported,Yes,48000,5,2333.3333333333335,3.4285714285714284,0,1
Dodge,Charger SRT Hellcat Widebody,2023,5000,Gasoline,717.0HP 6.2L 8 Cylinder Engine Gasoline Fuel,Transmission w/Dual Shift Mode,Gray,Black,None reported,Yes,110000,2,1666.6666666666667,22.0,0,0
Chevrolet,Silverado 1500 ZR2,2022,11597,Gasoline,6.2L V8 16V GDI OHV,Automatic,Silver Ice Metallic,Jet Black,None reported,Yes,68590,3,2899.25,5.914460636371476,0,1
Mercedes-Benz,AMG S 63 Base 4MATIC,2017,86101,Gasoline,577.0HP 5.5L 8 Cylinder Engine Gasoline Fuel,A/T,Gray,Red,At least 1 accident or damage reported,Yes,72777,8,9566.777777777777,0.8452515069511388,1,1
Chevrolet,Silverado 1500 LT,2017,58816,Gasoline,5.3L V8 16V GDI OHV,6-Speed Electronically Controlled Automatic with O,Black,Jet Black,None reported,Yes,36590,8,6535.111111111111,0.6221096300326442,0,1
Lexus,RC 350 Base,2016,77856,Gasoline,3.5L V6 24V PDI DOHC,6-Speed Automatic,Atomic Silver,Black,None reported,Yes,30919,9,7785.6,0.397130600082203,0,1
Lamborghini,Urus Base,2021,20069,Gasoline,4.0L V8 32V GDI DOHC Twin Turbo,8-Speed Automatic,Rosso Mars Metallic,Nero Ade,None reported,Yes,229900,4,4013.8,11.455478598834022,0,1
GMC,Acadia SLE-1,2015,115282,Gasoline,3.6L V6 24V GDI DOHC,6-Speed Automatic,Crimson Red Tintcoat,Ebony,At least 1 accident or damage reported,Yes,12433,10,10480.181818181818,0.10784858000381672,1,1
Porsche,911 GT3,2016,30700,Gasoline,475.0HP 3.8L Flat 6 Cylinder Engine Gasoline Fuel,7-Speed A/T,White,Black,None reported,Yes,138999,9,3070.0,4.527654723127036,0,1
MINI,Cooper Base,2003,103726,Gasoline,115.0HP 1.6L 4 Cylinder Engine Gasoline Fuel,5-Speed M/T,Red,Gray,At least 1 accident or damage reported,Yes,5995,22,4509.826086956522,0.05779650232342903,1,0
Mazda,MX-5 Miata Sport,2008,39800,Gasoline,158.0HP 2.0L 4 Cylinder Engine Gasoline Fuel,Transmission w/Dual Shift Mode,Blue,Black,None reported,Yes,13250,17,2211.1111111111113,0.33291457286432163,0,0
Toyota,4Runner TRD Off Road,2019,79500,Gasoline,270.0HP 4.0L V6 Cylinder Engine Gasoline Fuel,A/T,White,Black,None reported,Yes,33333,6,11357.142857142857,0.4192830188679245,0,1
Toyota,Highlander Limited,2008,165520,Gasoline,270.0HP 3.5L V6 Cylinder Engine Gasoline Fuel,A/T,Gray,Gray,At least 1 accident or damage reported,Yes,9000,17,9195.555555555555,0.054374093765103916,1,1
BMW,650 Gran Coupe i,2014,92000,Gasoline,445.0HP 4.4L 8 Cylinder Engine Gasoline Fuel,Transmission w/Dual Shift Mode,Black,Black,At least 1 accident or damage reported,Yes,24000,11,7666.666666666667,0.2608695652173913,1,0
Hyundai,Palisade Calligraphy,2023,1500,Gasoline,291.0HP 3.8L V6 Cylinder Engine Gasoline Fuel,Transmission w/Dual Shift Mode,Green,Black,None reported,Yes,55000,2,500.0,36.666666666666664,0,0
Pontiac,Solstice GXP,2008,38100,Gasoline,260.0HP 2.0L 4 Cylinder Engine Gasoline Fuel,5-Speed M/T,Orange,Black,None reported,Yes,19950,17,2116.6666666666665,0.5236220472440944,0,0
Land,Rover Range Rover Evoque SE Premium,2018,42125,Gasoline,237.0HP 2.0L 4 Cylinder Engine Gasoline Fuel,Transmission w/Dual Shift Mode,White,Black,None reported,Yes,38999,7,5265.625,0.9257922848664688,0,0
Porsche,Cayenne Diesel,2014,86818,Diesel,240.0HP 3.0L V6 Cylinder Engine Diesel Fuel,Transmission w/Dual Shift Mode,Silver,Black,None reported,Yes,33500,11,7234.833333333333,0.38586468243912553,0,0
BMW,M3 Competition xDrive,2023,3490,Gasoline,503.0HP 3.0L Straight 6 Cylinder Engine Gasoline Fuel,8-Speed A/T,Gray,Black,None reported,Yes,95580,2,1163.3333333333333,27.38681948424069,0,1
Toyota,Avalon Limited,2008,111300,Gasoline,268.0HP 3.5L V6 Cylinder Engine Gasoline Fuel,Transmission w/Dual Shift Mode,Gold,Beige,None reported,Yes,7900,17,6183.333333333333,0.07097933513027853,0,0
BMW,M3 Base,2011,98200,Gasoline,414.0HP 4.0L 8 Cylinder Engine Gasoline Fuel,7-Speed A/T,White,Black,None reported,Yes,27000,14,6546.666666666667,0.27494908350305497,0,1
Porsche,Panamera Base,2018,42500,Gasoline,330.0HP 3.0L V6 Cylinder Engine Gasoline Fuel,8-Speed A/T,Black,Beige,At least 1 accident or damage reported,Yes,53999,7,5312.5,1.270564705882353,1,1
Jeep,Wrangler Sport,2001,171000,Gasoline,181.0HP 4.0L Straight 6 Cylinder Engine Gasoline Fuel,5-Speed M/T,White,Black,At least 1 accident or damage reported,Yes,15000,24,6840.0,0.08771929824561403,1,0
Honda,Passport TrailSport,2023,11649,Gasoline,280.0HP 3.5L V6 Cylinder Engine Gasoline Fuel,9-Speed A/T,Black,Black,None reported,Yes,39999,2,3883.0,3.4336852948750964,0,1
Mercedes-Benz,SL-Class SL 550,2013,24933,Gasoline,429.0HP 4.6L 8 Cylinder Engine Gasoline Fuel,Transmission w/Dual Shift Mode,Silver,Red,At least 1 accident or damage reported,Yes,40250,12,1917.923076923077,1.6143263947378976,1,0
Audi,RS 4 Base,2007,99769,Gasoline,420.0HP 4.2L 8 Cylinder Engine Gasoline Fuel,6-Speed M/T,Gray,White,None reported,Yes,29995,18,5251.0,0.30064448876905653,0,0
Toyota,Avalon Limited,2022,16156,Gasoline,3.5L V6 24V PDI DOHC,8-Speed Automatic,Blueprint,Graphite,None reported,Yes,39390,3,4039.0,2.4381034909631096,0,1
Mercedes-Benz,E-Class E 350 4MATIC,2008,67250,Gasoline,268.0HP 3.5L V6 Cylinder Engine Gasoline Fuel,A/T,White,Beige,None reported,Yes,11900,17,3736.1111111111113,0.17695167286245353,0,1
GMC,Yukon Denali,2021,30022,Gasoline,420.0HP 6.2L 8 Cylinder Engine Gasoline Fuel,A/T,Blue,Black,At least 1 accident or damage reported,Yes,74500,4,6004.4,2.4815135567250683,1,1
Porsche,Panamera 4S,2017,42596,Gasoline,440.0HP 2.9L V6 Cylinder Engine Gasoline Fuel,Transmission w/Dual Shift Mode,Black,Black,None reported,Yes,78000,8,4732.888888888889,1.831157855197671,0,0
Ford,Explorer XLT,2021,33705,Gasoline,2.3L I4 16V GDI DOHC Turbo,10-Speed Automatic,White,Light Slate,At least 1 accident or damage reported,Yes,36995,4,6741.0,1.0976116303219108,1,1
Land,Rover LR4 HSE LUX Landmark Edition,2016,63300,Gasoline,340.0HP 3.0L V6 Cylinder Engine Gasoline Fuel,8-Speed A/T,White,Brown,None reported,Yes,31000,9,6330.0,0.48973143759873616,0,1
Acura,TLX Type S w/Performance Tire,2023,4700,Gasoline,355.0HP 3.0L V6 Cylinder Engine Gasoline Fuel,10-Speed A/T,Red,Black,None reported,Yes,52000,2,1566.6666666666667,11.063829787234043,0,1
Toyota,Tacoma Base,2020,27256,Gasoline,3.5 Liter,6 Speed At/Mt,Midnight Black Metallic,Black/Gun Metal,None reported,Yes,42998,5,4542.666666666667,1.577560904021133,0,0
Hummer,H3 Base,2010,107481,Gasoline,239.0HP 3.7L 5 Cylinder Engine Gasoline Fuel,A/T,White,Black,None reported,Yes,13500,15,6717.5625,0.12560359505400956,0,1
Tesla,Model 3 Long Range,2018,61700,Gasoline,271.0HP Electric Motor Electric Fuel System,A/T,White,Black,None reported,Yes,25900,7,7712.5,0.419773095623987,0,1
Volvo,850 Turbo,1995,94000,–,–,A/T,White,Black,None reported,Yes,4500,30,3032.2580645161293,0.047872340425531915,0,1
Jeep,Wrangler Unlimited Sahara,2017,128000,Gasoline,285.0HP 3.6L V6 Cylinder Engine Gasoline Fuel,5-Speed A/T,Gray,Black,None reported,Yes,26800,8,14222.222222222223,0.209375,0,1
Chevrolet,Camaro 2SS,2018,26000,Gasoline,455.0HP 6.2L 8 Cylinder Engine Gasoline Fuel,8-Speed A/T,White,Black,None reported,Yes,39000,7,3250.0,1.5,0,1
Audi,S6 4.0T,2015,74000,Gasoline,420.0HP 4.0L 8 Cylinder Engine Gasoline Fuel,7-Speed A/T,Blue,Gray,None reported,Yes,29950,10,6727.272727272727,0.4047297297297297,0,1
Audi,TT RS Base,2012,54900,Gasoline,360.0HP 2.5L 5 Cylinder Engine Gasoline Fuel,6-Speed M/T,White,Brown,None reported,Yes,28900,13,3921.4285714285716,0.5264116575591985,0,0
INFINITI,QX56 Base,2012,141775,Gasoline,400.0HP 5.6L 8 Cylinder Engine Gasoline Fuel,Transmission w/Dual Shift Mode,White,Beige,None reported,Yes,11500,13,10126.785714285714,0.0811144418973726,0,0
Volkswagen,New Beetle GLS,2001,63250,Gasoline,115.0HP 2.0L 4 Cylinder Engine Gasoline Fuel,4-Speed A/T,Yellow,Yellow,None reported,Yes,12000,24,2530.0,0.18972332015810275,0,1
Audi,Q5 S line Premium Plus,2022,13895,Hybrid,2.0 Liter TFSI,Automatic,Daytona Gray,Black,None reported,Yes,44998,3,3473.75,3.238431090320259,0,1
Lamborghini,Aventador LP750-4 Superveloce,2017,10654,Gasoline,"6.5L V-12 DOHC, variable valve control, premium unleaded, engine",Automatic,Balloon White,Nero Ade,None reported,Yes,449991,8,1183.7777777777778,42.23681246480195,0,1
Ford,F-250 XL,2014,35900,E85 Flex Fuel,385.0HP 6.2L 8 Cylinder Engine Flex Fuel Capability,Transmission w/Dual Shift Mode,Blue,Gray,At least 1 accident or damage reported,Yes,27900,11,2991.6666666666665,0.7771587743732591,1,0
GMC,Yukon XL Denali,2022,48306,Gasoline,6.2L V8 16V GDI OHV,10-Speed Automatic,Summit White,Jet Black,At least 1 accident or damage reported,Yes,71999,3,12076.5,1.4904773734111705,1,1
Audi,A4 2.0T Premium,2012,125000,Gasoline,211.0HP 2.0L 4 Cylinder Engine Gasoline Fuel,8-Speed A/T,Black,Black,None reported,Yes,10500,13,8928.57142857143,0.084,0,1
Dodge,Challenger SRT 392,2016,37700,–,–,8-Speed A/T,Black,Black,At least 1 accident or damage reported,Yes,38000,9,3770.0,1.0079575596816976,1,1
Tesla,Model S P100D,2017,103000,Gasoline,Electric Motor Electric Fuel System,1-Speed A/T,Black,White,None reported,Yes,36000,8,11444.444444444445,0.34951456310679613,0,1
Mazda,CX-30 Premium Package,2021,45303,Gasoline,2.5L I4 16V GDI DOHC,6-Speed Automatic,Snowflake White Pearl,White / Brown,None reported,Yes,25382,4,9060.6,0.5602719466701984,0,1
Lexus,ES 350 Base,2016,53900,Gasoline,268.0HP 3.5L V6 Cylinder Engine Gasoline Fuel,A/T,Red,Beige,None reported,Yes,27500,9,5390.0,0.5102040816326531,0,1
Jeep,Wrangler Sahara,2008,54000,Gasoline,202.0HP 3.8L V6 Cylinder Engine Gasoline Fuel,A/T,Green,Gray,None reported,Yes,20000,17,3000.0,0.37037037037037035,0,1
Chevrolet,Avalanche 1500 LTZ,2007,129000,Gasoline,366.0HP 6.0L 8 Cylinder Engine Gasoline Fuel,A/T,White,Beige,None reported,Yes,17950,18,6789.473684210527,0.13914728682170543,0,1
Jeep,Grand Cherokee L Laredo,2022,10232,Gasoline,3.6L V6 24V MPFI DOHC,Automatic,Diamond Black,Global Black,None reported,Yes,44646,3,2558.0,4.363369820172009,0,1
Acura,MDX w/Advance Package,2023,3708,Gasoline,3.5 Liter SOHC,Automatic,White,Espresso,None reported,Yes,58998,2,1236.0,15.911003236245955,0,1
Nissan,Pathfinder SL,2018,167000,Gasoline,284.0HP 3.5L V6 Cylinder Engine Gasoline Fuel,A/T,Black,Beige,None reported,Yes,14500,7,20875.0,0.08682634730538923,0,1
Tesla,Model X Long Range,2019,37000,Gasoline,518.0HP Electric Motor Electric Fuel System,1-Speed A/T,Gray,Black,None reported,Yes,58000,6,5285.714285714285,1.5675675675675675,0,1
Subaru,Impreza Premium,2022,10419,Gasoline,"2L H-4 gasoline direct injection, DOHC, variable valve control,",Variable,Crystal White Pearl,Black,At least 1 accident or damage reported,Yes,24998,3,2604.75,2.3992705633937996,1,0
Audi,A8 4.0T,2014,96238,Gasoline,420.0HP 4.0L 8 Cylinder Engine Gasoline Fuel,Transmission w/Dual Shift Mode,Black,Black,At least 1 accident or damage reported,Yes,22500,11,8019.833333333333,0.2337953822814273,1,0
Subaru,Ascent Limited 7-Passenger,2022,12700,Gasoline,260.0HP 2.4L 4 Cylinder Engine Gasoline Fuel,CVT Transmission,White,Beige,None reported,Yes,38500,3,3175.0,3.031496062992126,0,0
Chevrolet,Avalanche 1500 LT,2007,244000,E85 Flex Fuel,320.0HP 5.3L 8 Cylinder Engine Flex Fuel Capability,A/T,Gray,Gray,None reported,Yes,16900,18,12842.105263157895,0.06926229508196721,0,1
Porsche,Cayenne S,2015,124000,Gasoline,420.0HP 3.6L V6 Cylinder Engine Gasoline Fuel,8-Speed A/T,White,Beige,None reported,Yes,25000,10,11272.727272727272,0.20161290322580644,0,1
BMW,335 i,2009,123000,Gasoline,300.0HP 3.0L Straight 6 Cylinder Engine Gasoline Fuel,A/T,Purple,Black,None reported,Yes,15000,16,7235.294117647059,0.12195121951219512,0,1
GMC,Sierra 1500 Limited Elevation,2022,24900,Gasoline,310.0HP 2.7L 4 Cylinder Engine Gasoline Fuel,8-Speed A/T,Black,Black,None reported,Yes,49900,3,6225.0,2.004016064257028,0,1
Ford,Explorer Sport,2016,95500,Gasoline,365.0HP 3.5L V6 Cylinder Engine Gasoline Fuel,Transmission w/Dual Shift Mode,Black,Black,None reported,Yes,20000,9,9550.0,0.2094240837696335,0,0
Cadillac,Escalade ESV Sport,2021,4283,Gasoline,6.2L V8 16V GDI OHV,10-Speed Automatic,Black,Brandy,None reported,Yes,479995,4,856.6,112.06981088022414,0,1
Lexus,LX 570 Three-Row,2021,48300,Gasoline,383.0HP 5.7L 8 Cylinder Engine Gasoline Fuel,A/T,White,Red,None reported,Yes,82000,4,9660.0,1.6977225672877847,0,1
BMW,M3 Base,2008,94000,Gasoline,414.0HP 4.0L 8 Cylinder Engine Gasoline Fuel,6-Speed M/T,Gray,Red,None reported,Yes,25999,17,5222.222222222223,0.27658510638297873,0,0
Nissan,Xterra Pro-4X,2011,183000,Gasoline,261.0HP 4.0L V6 Cylinder Engine Gasoline Fuel,A/T,Black,Gray,At least 1 accident or damage reported,Yes,12000,14,12200.0,0.06557377049180328,1,1
Ford,Fusion Hybrid SE Hybrid,2013,126225,Hybrid,188.0HP 2.0L 4 Cylinder Engine Gas/Electric Hybrid,CVT Transmission,Silver,Black,At least 1 accident or damage reported,Yes,11500,12,9709.615384615385,0.09110714993067934,1,0
Volkswagen,Golf GTI 2.0T SE 4-Door,2016,87892,Gasoline,210.0HP 2.0L 4 Cylinder Engine Gasoline Fuel,6-Speed M/T,Gray,Black,None reported,Yes,16000,9,8789.2,0.18204159650480134,0,0
Cadillac,CTS-V Base,2012,45000,Gasoline,556.0HP 6.2L 8 Cylinder Engine Gasoline Fuel,6-Speed A/T,Red,Black,None reported,Yes,41500,13,3214.285714285714,0.9222222222222223,0,1
Aston,Martin Vantage Base,2022,1023,Gasoline,503.0HP 4.0L 8 Cylinder Engine Gasoline Fuel,8-Speed A/T,Blue,Brown,None reported,Yes,156900,3,255.75,153.3724340175953,0,1
Lexus,GX 460 Base,2015,106000,Gasoline,301.0HP 4.6L 8 Cylinder Engine Gasoline Fuel,A/T,Black,Beige,None reported,Yes,37500,10,9636.363636363636,0.35377358490566035,0,1
GMC,Acadia SLT-1,2019,51300,Gasoline,193.0HP 2.5L 4 Cylinder Engine Gasoline Fuel,6-Speed A/T,Black,Black,At least 1 accident or damage reported,Yes,25500,6,7328.571428571428,0.49707602339181284,1,1
Ford,Bronco Sport Big Bend,2021,30176,Gasoline,1.5L I3 12V PDI DOHC Turbo,8-Speed Automatic,Black,Medium Dark Slate,None reported,Yes,28979,4,6035.2,0.9603327147401909,0,1
Nissan,Titan SV,2021,27598,Gasoline,5.6L V8 32V GDI DOHC,9-Speed Automatic,Black,Black,None reported,Yes,39884,4,5519.6,1.4451771867526633,0,1
Volkswagen,Jetta SportWagen SE,2012,107000,Gasoline,170.0HP 2.5L 5 Cylinder Engine Gasoline Fuel,A/T,Black,Beige,None reported,Yes,9499,13,7642.857142857143,0.08877570093457944,0,1
Land,Rover Range Rover 5.0L V8 Supercharged,2019,17500,Gasoline,518.0HP 5.0L 8 Cylinder Engine Gasoline Fuel,8-Speed A/T,Black,Black,None reported,Yes,65000,6,2500.0,3.7142857142857144,0,1
RAM,2500 Laramie,2017,117878,Diesel,350.0HP 6.7L Straight 6 Cylinder Engine Diesel Fuel,Transmission w/Dual Shift Mode,Red,Black,None reported,Yes,42000,8,13097.555555555555,0.3563005819576172,0,0
Nissan,Murano SL,2010,138700,Gasoline,265.0HP 3.5L V6 Cylinder Engine Gasoline Fuel,CVT Transmission,Gray,Black,At least 1 accident or damage reported,Yes,7000,15,8668.75,0.050468637346791634,1,0
Cadillac,Escalade ESV Base,2009,152068,E85 Flex Fuel,403.0HP 6.2L 8 Cylinder Engine Flex Fuel Capability,6-Speed A/T,White,Black,At least 1 accident or damage reported,Yes,12350,16,8945.176470588236,0.08121366756977141,1,1
BMW,428 i xDrive SULEV,2016,77000,Gasoline,240.0HP 2.0L 4 Cylinder Engine Gasoline Fuel,Transmission w/Dual Shift Mode,White,Red,At least 1 accident or damage reported,Yes,26999,9,7700.0,0.35063636363636363,1,0
Ford,Focus RS Base,2017,26000,Gasoline,350.0HP 2.3L 4 Cylinder Engine Gasoline Fuel,6-Speed M/T,Gray,Black,None reported,Yes,37000,8,2888.8888888888887,1.4230769230769231,0,0
Lexus,CT 200h Premium,2014,131200,Hybrid,134.0HP 1.8L 4 Cylinder Engine Gas/Electric Hybrid,A/T,Brown,Brown,None reported,Yes,14000,11,10933.333333333334,0.10670731707317073,0,1
Buick,Enclave Leather,2017,83280,Gasoline,3.6L V6 24V GDI DOHC,6-Speed Automatic,Quicksilver Metallic,Ebony,None reported,Yes,20599,8,9253.333333333334,0.24734630163304516,0,1
BMW,M3 Base,2015,59000,Gasoline,425.0HP 3.0L Straight 6 Cylinder Engine Gasoline Fuel,6-Speed M/T,Gray,Black,None reported,Yes,53500,10,5363.636363636364,0.9067796610169492,0,0
Volkswagen,Arteon 2.0T SEL R-Line,2020,15500,Gasoline,268.0HP 2.0L 4 Cylinder Engine Gasoline Fuel,8-Speed A/T,Silver,Black,None reported,Yes,30000,5,2583.3333333333335,1.935483870967742,0,1
BMW,X6 xDrive35i,2013,90000,Gasoline,300.0HP 3.0L Straight 6 Cylinder Engine Gasoline Fuel,8-Speed A/T,White,Red,None reported,Yes,19950,12,6923.076923076923,0.22166666666666668,0,1
INFINITI,G35 Base,2006,94000,Gasoline,280.0HP 3.5L V6 Cylinder Engine Gasoline Fuel,Transmission w/Dual Shift Mode,White,Gray,At least 1 accident or damage reported,Yes,10995,19,4700.0,0.11696808510638299,1,0
Hummer,H2 Base,2008,63750,Gasoline,393.0HP 6.2L 8 Cylinder Engine Gasoline Fuel,6-Speed A/T,White,Black,At least 1 accident or damage reported,Yes,55000,17,3541.6666666666665,0.8627450980392157,1,1
Mercedes-Benz,C-Class C 300 4MATIC Luxury,2011,95500,Gasoline,228.0HP 3.0L V6 Cylinder Engine Gasoline Fuel,A/T,Black,Beige,At least 1 accident or damage reported,Yes,15990,14,6366.666666666667,0.16743455497382198,1,1
Acura,ILX Premium Package,2019,37900,Gasoline,201.0HP 2.4L 4 Cylinder Engine Gasoline Fuel,A/T,White,Black,None reported,Yes,26000,6,5414.285714285715,0.6860158311345647,0,1
Porsche,911 GT3,2015,13250,Gasoline,475.0HP 3.8L Flat 6 Cylinder Engine Gasoline Fuel,7-Speed A/T,Brown,Gray,None reported,Yes,154900,10,1204.5454545454545,11.690566037735849,0,1
RAM,1500 Longhorn,2019,76249,Gasoline,5.7L V8 16V MPFI OHV,8-Speed Automatic,Diamond Black,Mountain Brown,At least 1 accident or damage reported,Yes,40995,6,10892.714285714286,0.5376463953625621,1,1
BMW,M3 Base,2001,81000,Gasoline,333.0HP 3.2L Straight 6 Cylinder Engine Gasoline Fuel,6-Speed M/T,Blue,Gray,None reported,Yes,39000,24,3240.0,0.48148148148148145,0,0
Chevrolet,Suburban LT,2022,37806,Gasoline,355.0HP 5.3L 8 Cylinder Engine Gasoline Fuel,10-Speed A/T,Black,Black,None reported,Yes,60894,3,9451.5,1.6106967148071734,0,1
Dodge,Ram 2500 ST,2010,151544,Gasoline,355.0HP 5.7L 8 Cylinder Engine Gasoline Fuel,5-Speed A/T,Brown,Gray,At least 1 accident or damage reported,Yes,17700,15,9471.5,0.11679776170617115,1,1
Chevrolet,Camaro 2SS,2012,60345,Gasoline,400.0HP 6.2L 8 Cylinder Engine Gasoline Fuel,6-Speed A/T,Yellow,Black,None reported,Yes,26950,13,4310.357142857143,0.4465987240036457,0,1
Dodge,Challenger SE,2010,90305,Gasoline,250.0HP 3.5L V6 Cylinder Engine Gasoline Fuel,A/T,Gray,Black,None reported,Yes,12000,15,5644.0625,0.13288300758540503,0,1
Jeep,Grand Cherokee L Limited,2022,13275,Gasoline,3.6L V6 24V MPFI DOHC,8-Speed Automatic,Velvet Red Pearlcoat,Global Black,None reported,Yes,42599,3,3318.75,3.208964218455744,0,1
Chevrolet,Camaro 2SS,2018,8660,Gasoline,455.0HP 6.2L 8 Cylinder Engine Gasoline Fuel,8-Speed A/T,White,Black,None reported,Yes,45000,7,1082.5,5.196304849884527,0,1
Ford,F-350 Lariat,2021,28220,Diesel,475.0HP 6.7L 8 Cylinder Engine Diesel Fuel,10-Speed A/T,Silver,Black,None reported,Yes,73600,4,5644.0,2.608079376328845,0,1
Ford,F-250 King Ranch,2015,97700,Diesel,440.0HP 6.7L 8 Cylinder Engine Diesel Fuel,6-Speed A/T,Black,–,None reported,Yes,39950,10,8881.818181818182,0.40890481064483114,0,1
Chevrolet,Corvette Stingray w/3LT,2023,4200,Gasoline,490.0HP 6.2L 8 Cylinder Engine Gasoline Fuel,A/T,White,Black,None reported,Yes,98000,2,1400.0,23.333333333333332,0,1
Bentley,Continental GT V8 First Edition,2020,27404,Gasoline,"4L V-8 gasoline direct injection, DOHC, variable valve control,",Automatic,Dark Sapphire,Linen,None reported,Yes,199991,5,4567.333333333333,7.297876222449277,0,1
Lincoln,MKC Reserve,2016,100000,Gasoline,240.0HP 2.0L 4 Cylinder Engine Gasoline Fuel,Transmission w/Dual Shift Mode,White,White,None reported,Yes,24000,9,10000.0,0.24,0,0
Ford,Excursion Limited,2001,333361,Diesel,250.0HP 7.3L 8 Cylinder Engine Diesel Fuel,A/T,Black,Beige,At least 1 accident or damage reported,Yes,17000,24,13334.44,0.05099576735130984,1,1
Land,Rover Discovery SE,2018,63295,Gasoline,340.0HP 3.0L V6 Cylinder Engine Gasoline Fuel,8-Speed A/T,Blue,White,None reported,Yes,29993,7,7911.875,0.4738604945098349,0,1
Land,Rover Defender V8,2022,3000,Gasoline,518.0HP 5.0L 8 Cylinder Engine Gasoline Fuel,8-Speed A/T,Black,Black,None reported,Yes,96500,3,750.0,32.166666666666664,0,1
Chevrolet,Silverado 1500 2LT,2014,102604,E85 Flex Fuel,355.0HP 5.3L 8 Cylinder Engine Flex Fuel Capability,6-Speed A/T,Gray,Gray,None reported,Yes,25500,11,8550.333333333334,0.2485283224825543,0,1
Mercedes-Benz,AMG G 63 Base,2017,39800,Gasoline,563.0HP 5.5L 8 Cylinder Engine Gasoline Fuel,7-Speed A/T,White,Red,None reported,Yes,99000,8,4422.222222222223,2.487437185929648,0,1
Ford,F-250 XLT,2019,124000,E85 Flex Fuel,385.0HP 6.2L 8 Cylinder Engine Flex Fuel Capability,6-Speed A/T,White,Gray,None reported,Yes,40100,6,17714.285714285714,0.3233870967741935,0,1
Tesla,Model 3 Base,2022,12080,Gasoline,271.0HP Electric Motor Electric Fuel System,A/T,Black,Black,None reported,Yes,36750,3,3020.0,3.0422185430463577,0,1
Lexus,LX 570 Three-Row,2018,39300,Gasoline,383.0HP 5.7L 8 Cylinder Engine Gasoline Fuel,Transmission w/Dual Shift Mode,Black,Black,None reported,Yes,69500,7,4912.5,1.7684478371501273,0,0
INFINITI,QX60 Luxe,2019,51000,Gasoline,295.0HP 3.5L V6 Cylinder Engine Gasoline Fuel,CVT Transmission,Gray,–,At least 1 accident or damage reported,Yes,29000,6,7285.714285714285,0.5686274509803921,1,0
Rivian,R1S Adventure Package,2023,250,Gasoline,835.0HP Electric Motor Electric Fuel System,1-Speed A/T,Green,Black,None reported,Yes,97500,2,83.33333333333333,390.0,0,1
Land,Rover Range Rover Sport 3.0L Supercharged HSE,2017,67000,Gasoline,340.0HP 3.0L V6 Cylinder Engine Gasoline Fuel,8-Speed A/T,Gray,Beige,None reported,Yes,35999,8,7444.444444444444,0.5372985074626866,0,1
INFINITI,QX60 Base,2014,95400,Gasoline,265.0HP 3.5L V6 Cylinder Engine Gasoline Fuel,A/T,White,Beige,None reported,Yes,14195,11,7950.0,0.14879454926624738,0,1
Hyundai,Sonata GLS,2013,136991,Gasoline,198.0HP 2.4L 4 Cylinder Engine Gasoline Fuel,6-Speed A/T,Gray,Gray,None reported,Yes,11000,12,10537.76923076923,0.08029724580446891,0,1
Toyota,Tundra Limited,2022,3959,Gasoline,389.0HP 3.4L V6 Cylinder Engine Gasoline Fuel,10-Speed A/T,Blue,Gray,None reported,Yes,55000,3,989.75,13.892397069967164,0,1
Jeep,Grand Cherokee Limited,2020,47500,Gasoline,293.0HP 3.6L V6 Cylinder Engine Gasoline Fuel,A/T,Purple,Black,None reported,Yes,31000,5,7916.666666666667,0.6526315789473685,0,1
Ford,F-350 Lariat Crew Cab Super Duty DRW,2005,176691,Diesel,325.0HP 6.0L 8 Cylinder Engine Diesel Fuel,A/T,White,Beige,At least 1 accident or damage reported,Yes,13000,20,8413.857142857143,0.07357477177671755,1,1
Tesla,Model 3 Performance,2021,33000,Gasoline,455.0HP Electric Motor Electric Fuel System,1-Speed A/T,Red,White,None reported,Yes,55000,4,6600.0,1.6666666666666667,0,1
Mercedes-Benz,CLS-Class CLS 550,2014,34600,Gasoline,402.0HP 4.7L 8 Cylinder Engine Gasoline Fuel,Transmission w/Dual Shift Mode,Black,Black,None reported,Yes,27500,11,2883.3333333333335,0.7947976878612717,0,0
RAM,2500 SLT,2014,84500,Gasoline,410.0HP 6.4L 8 Cylinder Engine Gasoline Fuel,A/T,Black,Gray,None reported,Yes,34000,11,7041.666666666667,0.40236686390532544,0,1
Kia,Sorento Hybrid EX,2022,36100,Hybrid,227.0HP 1.6L 4 Cylinder Engine Gas/Electric Hybrid,6-Speed A/T,Black,White,None reported,Yes,37500,3,9025.0,1.0387811634349031,0,1
Hyundai,Genesis 3.8,2015,92225,Gasoline,311.0HP 3.8L V6 Cylinder Engine Gasoline Fuel,A/T,Black,Black,At least 1 accident or damage reported,Yes,17000,10,8384.09090909091,0.18433179723502305,1,1
Jeep,Compass Latitude,2020,17500,Gasoline,180.0HP 2.4L 4 Cylinder Engine Gasoline Fuel,9-Speed A/T,Silver,Black,None reported,Yes,25695,5,2916.6666666666665,1.4682857142857142,0,1
Ford,Fusion SE,2011,114323,Gasoline,175.0HP 2.5L 4 Cylinder Engine Gasoline Fuel,6-Speed A/T,Black,Black,None reported,Yes,6000,14,7621.533333333334,0.052482877461228275,0,1
Toyota,FJ Cruiser Base,2014,92000,Gasoline,260.0HP 4.0L V6 Cylinder Engine Gasoline Fuel,A/T,Beige,Black,None reported,Yes,27500,11,7666.666666666667,0.29891304347826086,0,1
BMW,430 Gran Coupe i xDrive,2018,29025,Gasoline,2.0 Liter DOHC T/C,Automatic,Carbon Black Metallic,Black,None reported,Yes,29998,7,3628.125,1.0335228251507322,0,1
Dodge,Durango SRT 392,2021,17000,Gasoline,475.0HP 6.4L 8 Cylinder Engine Gasoline Fuel,Transmission w/Dual Shift Mode,Blue,Black,None reported,Yes,65000,4,3400.0,3.823529411764706,0,0
Hyundai,Santa Fe GLS,2015,96476,Gasoline,290.0HP 3.3L V6 Cylinder Engine Gasoline Fuel,6-Speed A/T,White,Gray,None reported,Yes,13000,10,8770.545454545454,0.1347485384966209,0,1
Volkswagen,Atlas 3.6L SEL Premium,2021,36311,Gasoline,3.6L V6 24V GDI DOHC,8-Speed Automatic,Deep Black Pearl Effect,Titan Black / Quarzit,None reported,Yes,39127,4,7262.2,1.077552256891851,0,1
Land,Rover Range Rover Sport 5.0L Supercharged Dynamic,2016,56842,Gasoline,510.0HP 5.0L 8 Cylinder Engine Gasoline Fuel,Transmission w/Dual Shift Mode,Silver,Black,None reported,Yes,35000,9,5684.2,0.6157418810034834,0,0
Nissan,Murano SV,2021,23677,Gasoline,3.5L V6 24V MPFI DOHC,Automatic CVT,Sunset Drift Chromaflair,Graphite,None reported,Yes,29510,4,4735.4,1.2463572243105123,0,1
Buick,Envision Essence,2020,27340,Gasoline,2.5L I4 16V GDI DOHC,6-Speed Automatic,Summit White,Ebony,None reported,Yes,31700,5,4556.666666666667,1.1594732991953183,0,1
Chevrolet,Silverado 1500 RST,2020,26177,Gasoline,5.3L V8 16V GDI OHV,Automatic,Shadow Gray Metallic,Jet Black,None reported,Yes,41986,5,4362.833333333333,1.6039271115865072,0,1
Pontiac,Solstice GXP,2009,122348,Gasoline,260.0HP 2.0L 4 Cylinder Engine Gasoline Fuel,A/T,Red,Black,At least 1 accident or damage reported,Yes,10000,16,7196.941176470588,0.08173407002975121,1,1
BMW,640 Gran Coupe i xDrive,2015,98000,Gasoline,315.0HP 3.0L Straight 6 Cylinder Engine Gasoline Fuel,Transmission w/Dual Shift Mode,Black,Beige,None reported,Yes,22500,10,8909.09090909091,0.22959183673469388,0,0
Tesla,Model 3 Standard Range Plus,2019,32300,Gasoline,Electric Motor Electric Fuel System,A/T,Black,Black,None reported,Yes,29000,6,4614.285714285715,0.8978328173374613,0,1
MINI,Countryman Cooper S,2019,18997,Gasoline,189.0HP 2.0L 4 Cylinder Engine Gasoline Fuel,Transmission w/Dual Shift Mode,Red,Black,None reported,Yes,26750,6,2713.8571428571427,1.408117071116492,0,0
Porsche,Boxster GTS,2016,40350,Gasoline,330.0HP 3.4L Flat 6 Cylinder Engine Gasoline Fuel,7-Speed A/T,Gray,Black,None reported,Yes,67995,9,4035.0,1.6851301115241635,0,1
Ford,Expedition EL King Ranch,2011,156856,E85 Flex Fuel,310.0HP 5.4L 8 Cylinder Engine Flex Fuel Capability,6-Speed A/T,Black,Brown,None reported,Yes,14300,14,10457.066666666668,0.09116642015606671,0,1
Bentley,Continental GT GT Speed,2022,1919,Gasoline,12 Cylinder Engine,8-SPEED A/T,Granite,Porpoise,None reported,Yes,289991,3,479.75,151.1156852527358,0,1
BMW,X5 M Base,2017,61773,Gasoline,567.0HP 4.4L 8 Cylinder Engine Gasoline Fuel,Transmission w/Dual Shift Mode,Gray,Black,None reported,Yes,46000,8,6863.666666666667,0.7446619073057809,0,0
Ford,Mustang GT Premium,2011,74500,Gasoline,412.0HP 5.0L 8 Cylinder Engine Gasoline Fuel,6-Speed M/T,Black,Black,None reported,Yes,22000,14,4966.666666666667,0.2953020134228188,0,0
Jeep,Compass Sport,2016,99000,Gasoline,172.0HP 2.4L 4 Cylinder Engine Gasoline Fuel,6-Speed A/T,White,Gray,At least 1 accident or damage reported,Yes,5000,9,9900.0,0.050505050505050504,1,1
INFINITI,G37 Sport,2008,63496,Gasoline,330.0HP 3.7L V6 Cylinder Engine Gasoline Fuel,6-Speed M/T,Black,Black,None reported,Yes,15000,17,3527.5555555555557,0.2362353534080887,0,0
Ford,F-150 XLT,2022,18465,Gasoline,400.0HP 3.5L V6 Cylinder Engine Gasoline Fuel,10-Speed A/T,Black,Gray,None reported,Yes,47500,3,4616.25,2.5724343352288113,0,1
Porsche,911 Carrera 4S,2007,42635,Gasoline,355.0HP 3.8L Flat 6 Cylinder Engine Gasoline Fuel,Transmission w/Dual Shift Mode,Blue,Blue,None reported,Yes,72995,18,2243.9473684210525,1.7120910050428053,0,0
INFINITI,G35 Base,2005,99000,Gasoline,298.0HP 3.5L V6 Cylinder Engine Gasoline Fuel,6-Speed M/T,Silver,Black,None reported,Yes,18900,20,4714.285714285715,0.19090909090909092,0,0
Chrysler,300C Base,2013,87500,Gasoline,292.0HP 3.6L V6 Cylinder Engine Gasoline Fuel,8-Speed A/T,White,Beige,None reported,Yes,13750,12,6730.7692307692305,0.15714285714285714,0,1
Toyota,Camry Solara SLE,2007,138000,Gasoline,210.0HP 3.3L V6 Cylinder Engine Gasoline Fuel,5-Speed A/T,White,Beige,None reported,Yes,6800,18,7263.1578947368425,0.04927536231884058,0,1
Lexus,IS 300 Base,2018,70891,Gasoline,260.0HP 3.5L V6 Cylinder Engine Gasoline Fuel,Transmission w/Dual Shift Mode,White,Black,None reported,Yes,28995,7,8861.375,0.4090081956806929,0,0
Buick,Enclave Essence,2020,55403,Gasoline,310.0HP 3.6L V6 Cylinder Engine Gasoline Fuel,9-Speed A/T,Red,Gray,At least 1 accident or damage reported,Yes,29444,5,9233.833333333334,0.5314513654495244,1,1
BMW,M4 Competition xDrive,2022,3213,Gasoline,503.0HP 3.0L Straight 6 Cylinder Engine Gasoline Fuel,8-Speed A/T,Black,Red,None reported,Yes,89995,3,803.25,28.00964830376595,0,1
Pontiac,GTO Base,2005,142314,Gasoline,400.0HP 6.0L 8 Cylinder Engine Gasoline Fuel,6-Speed M/T,Red,Red,At least 1 accident or damage reported,Yes,21999,20,6776.857142857143,0.15458071588178254,1,0
Toyota,FJ Cruiser Base,2013,53000,Gasoline,260.0HP 4.0L V6 Cylinder Engine Gasoline Fuel,A/T,Blue,Black,None reported,Yes,36740,12,4076.923076923077,0.6932075471698114,0,1
Hyundai,Elantra SE,2014,120250,Gasoline,145.0HP 1.8L 4 Cylinder Engine Gasoline Fuel,A/T,Blue,Gray,None reported,Yes,7500,11,10020.833333333334,0.062370062370062374,0,1
Porsche,Macan S,2015,72329,Gasoline,340.0HP 3.0L V6 Cylinder Engine Gasoline Fuel,7-Speed A/T,Silver,Black,None reported,Yes,29500,10,6575.363636363636,0.4078585353039583,0,1
Hummer,H3 Base,2007,153692,Gasoline,242.0HP 3.7L 5 Cylinder Engine Gasoline Fuel,4-Speed A/T,Beige,Black,None reported,Yes,9995,18,8089.0526315789475,0.06503266272805351,0,1
Tesla,Model 3 Long Range,2021,32670,Gasoline,Electric Motor Electric Fuel System,A/T,White,Black,None reported,Yes,37000,4,6534.0,1.13253749617386,0,1
Ford,Transit-350 Base,2018,235000,Gasoline,275.0HP 3.7L V6 Cylinder Engine Gasoline Fuel,A/T,White,Gray,None reported,Yes,18000,7,29375.0,0.07659574468085106,0,1
Rivian,R1T Launch Edition,2022,8681,Gasoline,835.0HP Electric Motor Electric Fuel System,A/T,Gray,Black,None reported,Yes,82000,3,2170.25,9.445916369081903,0,1
Audi,S4 3.0 Prestige,2012,98400,Gasoline,333.0HP 3.0L V6 Cylinder Engine Gasoline Fuel,7-Speed A/T,White,White,None reported,Yes,18000,13,7028.571428571428,0.18292682926829268,0,1
Toyota,4Runner SR5 Premium,2023,1400,Gasoline,270.0HP 4.0L V6 Cylinder Engine Gasoline Fuel,A/T,White,Black,None reported,Yes,46500,2,466.6666666666667,33.214285714285715,0,1
Tesla,Model 3 Mid Range,2018,32000,Gasoline,271.0HP Electric Motor Electric Fuel System,A/T,Black,Black,None reported,Yes,29999,7,4000.0,0.93746875,0,1
Ford,F-250 Base,1997,92800,Gasoline,210.0HP 5.8L 8 Cylinder Engine Gasoline Fuel,4-Speed A/T,White,Gray,None reported,Yes,9000,28,3200.0,0.09698275862068965,0,1
Mercedes-Benz,G-Class G 550 4MATIC,2021,75151,Gasoline,416.0HP 4.0L 8 Cylinder Engine Gasoline Fuel,A/T,Black,Black,None reported,Yes,130000,4,15030.2,1.7298505675240516,0,1
Subaru,Legacy 2.5 GT spec.B,2008,94000,Gasoline,243.0HP 2.5L 4 Cylinder Engine Gasoline Fuel,6-Speed M/T,Gray,Blue,None reported,Yes,12500,17,5222.222222222223,0.13297872340425532,0,0
Mercedes-Benz,E-Class E 350,2014,67350,Gasoline,302.0HP 3.5L V6 Cylinder Engine Gasoline Fuel,7-Speed A/T,Silver,–,At least 1 accident or damage reported,Yes,18700,11,5612.5,0.27765404602821087,1,1
BMW,M3 Base,2001,66500,Gasoline,333.0HP 3.2L Straight 6 Cylinder Engine Gasoline Fuel,6-Speed M/T,Red,Black,None reported,Yes,21000,24,2660.0,0.3157894736842105,0,0
Mercedes-Benz,C-Class C 250 Sport,2014,70612,Gasoline,201.0HP 1.8L 4 Cylinder Engine Gasoline Fuel,7-Speed A/T,White,Beige,None reported,Yes,14500,11,5884.333333333333,0.20534753299722427,0,1
Toyota,Sienna XLE Limited,2007,112630,Gasoline,266.0HP 3.5L V6 Cylinder Engine Gasoline Fuel,5-Speed A/T,Silver,Gray,At least 1 accident or damage reported,Yes,11500,18,5927.894736842105,0.10210423510609962,1,1
Dodge,Avenger SE,2014,124705,E85 Flex Fuel,283.0HP 3.6L V6 Cylinder Engine Flex Fuel Capability,A/T,Black,Black,None reported,Yes,6499,11,10392.083333333334,0.05211499137965599,0,1
BMW,M240 i,2018,61000,Gasoline,335.0HP 3.0L Straight 6 Cylinder Engine Gasoline Fuel,6-Speed M/T,Blue,Black,At least 1 accident or damage reported,Yes,34000,7,7625.0,0.5573770491803278,1,0
RAM,3500 SLT,2017,157272,Diesel,350.0HP 6.7L Straight 6 Cylinder Engine Diesel Fuel,6-Speed A/T,White,Gray,At least 1 accident or damage reported,Yes,32999,8,17474.666666666668,0.2098212014853248,1,1
Mercedes-Benz,GL-Class GL 450 4MATIC,2015,84000,Gasoline,362.0HP 3.0L V6 Cylinder Engine Gasoline Fuel,7-Speed A/T,Blue,Gray,None reported,Yes,20399,10,7636.363636363636,0.2428452380952381,0,1
Jeep,Gladiator Rubicon,2020,27981,Gasoline,285.0HP 3.6L V6 Cylinder Engine Gasoline Fuel,A/T,Red,Black,None reported,Yes,47500,5,4663.5,1.6975805010542868,0,1
Bentley,Continental GT Base,2009,18000,Gasoline,552.0HP 6.0L 12 Cylinder Engine Gasoline Fuel,A/T,Blue,Beige,None reported,Yes,63000,16,1058.8235294117646,3.5,0,1
Tesla,Model 3 Long Range,2019,27123,Gasoline,425.0HP Electric Motor Electric Fuel System,A/T,Red,Black,None reported,Yes,38200,6,3874.714285714286,1.4083987759466137,0,1
Chevrolet,Corvette Stingray w/2LT,2021,3053,Gasoline,490.0HP 6.2L 8 Cylinder Engine Gasoline Fuel,Transmission w/Dual Shift Mode,Silver,Gray,None reported,Yes,83900,4,610.6,27.481166066164427,0,0
Audi,Q5 3.0T Premium Plus,2015,60251,Gasoline,272.0HP 3.0L V6 Cylinder Engine Gasoline Fuel,A/T,Black,Black,At least 1 accident or damage reported,Yes,19000,10,5477.363636363636,0.31534746311264544,1,1
Mazda,MX-5 Miata Club,2021,5093,Gasoline,181.0HP 2.0L 4 Cylinder Engine Gasoline Fuel,6-Speed M/T,Gray,Black,None reported,Yes,28000,4,1018.6,5.497741998821913,0,0
Bentley,Bentayga W12 Signature,2018,31875,Gasoline,600.0HP 6.0L 12 Cylinder Engine Gasoline Fuel,8-Speed A/T,White,Black,None reported,Yes,115785,7,3984.375,3.632470588235294,0,1
Mercedes-Benz,S-Class S500,2005,175722,Gasoline,302.0HP 5.0L 8 Cylinder Engine Gasoline Fuel,A/T,White,Beige,None reported,Yes,7000,20,8367.714285714286,0.039835649491810926,0,1
BMW,M6 Base,2015,17900,Gasoline,560.0HP 4.4L 8 Cylinder Engine Gasoline Fuel,Transmission w/Dual Shift Mode,Black,Black,None reported,Yes,59900,10,1627.2727272727273,3.346368715083799,0,0
GMC,Yukon SLT,2015,142792,Gasoline,355.0HP 5.3L 8 Cylinder Engine Gasoline Fuel,6-Speed A/T,White,Brown,None reported,Yes,22999,10,12981.09090909091,0.16106644629951258,0,1
BMW,750 iL,2001,53814,Gasoline,326.0HP 5.4L 12 Cylinder Engine Gasoline Fuel,5-Speed A/T,Gray,Gray,None reported,Yes,11800,24,2152.56,0.21927379492325416,0,1
Toyota,Tundra Limited,2010,89400,Gasoline,381.0HP 5.7L 8 Cylinder Engine Gasoline Fuel,A/T,White,Gray,None reported,Yes,26900,15,5587.5,0.30089485458612975,0,1
Chrysler,300C Base,2007,86000,Gasoline,340.0HP 5.7L 8 Cylinder Engine Gasoline Fuel,5-Speed A/T,Gray,Black,None reported,Yes,15000,18,4526.315789473684,0.1744186046511628,0,1
smart,ForTwo Pure,2008,61595,Gasoline,70.0HP 1.0L 3 Cylinder Engine Gasoline Fuel,5-Speed A/T,Blue,Gray,None reported,Yes,5000,17,3421.9444444444443,0.08117542008279893,0,1
Toyota,Tundra SR,2018,74000,E85 Flex Fuel,381.0HP 5.7L 8 Cylinder Engine Flex Fuel Capability,6-Speed A/T,Beige,Black,At least 1 accident or damage reported,Yes,38000,7,9250.0,0.5135135135135135,1,1
Hummer,H2 Base,2004,130000,Gasoline,316.0HP 6.0L 8 Cylinder Engine Gasoline Fuel,4-Speed A/T,Black,Black,At least 1 accident or damage reported,Yes,16500,21,5909.090909090909,0.12692307692307692,1,1
BMW,ALPINA B7 Base,2015,86000,Gasoline,540.0HP 4.4L 8 Cylinder Engine Gasoline Fuel,8-Speed A/T,Black,White,At least 1 accident or damage reported,Yes,29000,10,7818.181818181818,0.3372093023255814,1,1
Land,Rover Range Rover Sport Supercharged,2008,140600,Gasoline,390.0HP 4.2L 8 Cylinder Engine Gasoline Fuel,6-Speed A/T,Red,Beige,None reported,Yes,7500,17,7811.111111111111,0.05334281650071124,0,1
Audi,A4 2.0T Tech Premium,2018,27532,Gasoline,252.0HP 2.0L 4 Cylinder Engine Gasoline Fuel,7-Speed A/T,Gray,Black,None reported,Yes,27900,7,3441.5,1.0133662647101556,0,1
Ford,Focus SE,2017,91000,E85 Flex Fuel,160.0HP 2.0L 4 Cylinder Engine Flex Fuel Capability,6-Speed A/T,Gray,Black,None reported,Yes,12500,8,10111.111111111111,0.13736263736263737,0,1
Mercedes-Benz,E-Class E 550 4MATIC,2014,63000,Gasoline,402.0HP 4.7L 8 Cylinder Engine Gasoline Fuel,7-Speed A/T,Silver,Black,None reported,Yes,28500,11,5250.0,0.4523809523809524,0,1
Jeep,Wrangler Unlimited 4xe Sahara,2022,10500,Plug-In Hybrid,375.0HP 2.0L 4 Cylinder Engine Plug-In Electric/Gas,8-Speed A/T,Green,Beige,None reported,Yes,49999,3,2625.0,4.761809523809524,0,1
Mercedes-Benz,M-Class ML 350 4MATIC,2014,75073,E85 Flex Fuel,302.0HP 3.5L V6 Cylinder Engine Flex Fuel Capability,7-Speed A/T,Gray,Black,None reported,Yes,21500,11,6256.083333333333,0.2863879157619917,0,1
Jeep,Wrangler Sahara,2008,140000,Gasoline,202.0HP 3.8L V6 Cylinder Engine Gasoline Fuel,A/T,Silver,–,At least 1 accident or damage reported,Yes,9000,17,7777.777777777777,0.06428571428571428,1,1
Mercedes-Benz,A-Class A 220 4MATIC,2019,30300,Gasoline,188.0HP 2.0L 4 Cylinder Engine Gasoline Fuel,7-Speed A/T,Silver,Black,None reported,Yes,30500,6,4328.571428571428,1.0066006600660067,0,1
Chevrolet,Malibu 1LT,2009,139000,Gasoline,169.0HP 2.4L 4 Cylinder Engine Gasoline Fuel,A/T,White,Black,None reported,Yes,4200,16,8176.470588235294,0.030215827338129497,0,1
Hummer,H3 Base,2006,118000,Gasoline,220.0HP 3.5L 5 Cylinder Engine Gasoline Fuel,A/T,Gray,Black,None reported,Yes,17900,19,5900.0,0.15169491525423728,0,1
BMW,i8 Base,2015,51000,Plug-In Hybrid,357.0HP 1.5L 3 Cylinder Engine Plug-In Electric/Gas,Transmission w/Dual Shift Mode,Gray,Brown,None reported,Yes,53000,10,4636.363636363636,1.0392156862745099,0,0
Cadillac,XLR Base,2009,69423,Gasoline,320.0HP 4.6L 8 Cylinder Engine Gasoline Fuel,A/T,Red,Beige,None reported,Yes,36500,16,4083.705882352941,0.5257623554153522,0,1
Lincoln,MKZ Select,2017,52284,Gasoline,240.0HP 2.0L 4 Cylinder Engine Gasoline Fuel,6-Speed A/T,Blue,Beige,At least 1 accident or damage reported,Yes,12500,8,5809.333333333333,0.23907887690306787,1,1
Chevrolet,Silverado 1500 W/T,2006,111228,Gasoline,195.0HP 4.3L V6 Cylinder Engine Gasoline Fuel,A/T,Blue,Gray,At least 1 accident or damage reported,Yes,4000,19,5561.4,0.035962167799474955,1,1
Land,Rover Range Rover Sport HSE,2019,52300,Gasoline,340.0HP 3.0L V6 Cylinder Engine Gasoline Fuel,Transmission w/Dual Shift Mode,Black,Black,None reported,Yes,49900,6,7471.428571428572,0.9541108986615678,0,0
Nissan,Titan SL,2021,95993,Gasoline,5.6L V8 32V GDI DOHC,9-Speed Automatic,White,Black,None reported,Yes,32612,4,19198.6,0.33973310553894553,0,1
Kia,Telluride SX,2022,26716,Gasoline,"LAMBDA II 3.8L V-6 gasoline direct injection, DOHC, D-CVVT varia",Automatic,Dark Moss,Black,None reported,Yes,47541,3,6679.0,1.779495433448121,0,1
Chevrolet,Tahoe RST,2023,39517,Gasoline,5.3L V8 16V GDI OHV,10-Speed Automatic,Black,Jet Black,At least 1 accident or damage reported,Yes,67190,2,13172.333333333334,1.7002808917680998,1,1
Ford,Mustang GT Premium,2019,31600,Gasoline,460.0HP 5.0L 8 Cylinder Engine Gasoline Fuel,6-Speed M/T,Blue,Gray,None reported,Yes,41000,6,4514.285714285715,1.2974683544303798,0,0
BMW,330 i,2017,83298,Gasoline,248.0HP 2.0L 4 Cylinder Engine Gasoline Fuel,A/T,Black,Black,None reported,Yes,18300,8,9255.333333333334,0.21969314989555572,0,1
Land,Rover Range Rover Sport 3.0L Supercharged HSE,2017,95212,Gasoline,340.0HP 3.0L V6 Cylinder Engine Gasoline Fuel,8-Speed A/T,Brown,Beige,None reported,Yes,31599,8,10579.111111111111,0.33188043523925553,0,1
Porsche,911 Carrera,2010,61600,Gasoline,345.0HP 3.6L Flat 6 Cylinder Engine Gasoline Fuel,7-Speed A/T,Black,Black,None reported,Yes,51750,15,3850.0,0.8400974025974026,0,1
INFINITI,QX56 Base,2011,130921,Gasoline,400.0HP 5.6L 8 Cylinder Engine Gasoline Fuel,Transmission Overdrive Switch,White,Beige,None reported,Yes,12000,14,8728.066666666668,0.0916583283048556,0,0
RAM,2500 Tradesman,2020,41000,Gasoline,410.0HP 6.4L 8 Cylinder Engine Gasoline Fuel,8-Speed A/T,White,Gray,None reported,Yes,45515,5,6833.333333333333,1.1101219512195122,0,1
BMW,840 i xDrive,2024,1500,Gasoline,335.0HP 3.0L Straight 6 Cylinder Engine Gasoline Fuel,A/T,Gray,Brown,None reported,Yes,90000,1,750.0,60.0,0,1
MINI,Clubman Cooper S ALL4,2017,79950,Gasoline,189.0HP 2.0L 4 Cylinder Engine Gasoline Fuel,A/T,Blue,Black,None reported,Yes,17390,8,8883.333333333334,0.21751094434021262,0,1
Cadillac,Escalade ESV Premium Luxury Platinum,2021,31500,Gasoline,420.0HP 6.2L 8 Cylinder Engine Gasoline Fuel,A/T,White,Beige,None reported,Yes,95000,4,6300.0,3.015873015873016,0,1
Audi,R8 5.2 V10 plus,2017,61000,Gasoline,610.0HP 5.2L 10 Cylinder Engine Gasoline Fuel,Transmission w/Dual Shift Mode,Gray,Black,None reported,Yes,140000,8,6777.777777777777,2.2950819672131146,0,0
RAM,2500 Big Horn,2021,45867,Gasoline,6.4L V8 16V MPFI OHV,Automatic,Billet Silver Metallic Clearcoat,Diesel Gray / Black,None reported,Yes,43449,4,9173.4,0.9472823598665707,0,1
Porsche,911 Carrera 4,2014,22700,Gasoline,350.0HP 3.4L Flat 6 Cylinder Engine Gasoline Fuel,7-Speed M/T,Silver,Black,At least 1 accident or damage reported,Yes,85500,11,1891.6666666666667,3.7665198237885464,1,0
Bentley,Continental GT Base,2009,43000,Gasoline,552.0HP 6.0L 12 Cylinder Engine Gasoline Fuel,A/T,Black,Black,None reported,Yes,48500,16,2529.4117647058824,1.127906976744186,0,1
Toyota,Tundra SR5,2015,99000,Gasoline,310.0HP 4.6L 8 Cylinder Engine Gasoline Fuel,6-Speed A/T,Gray,Gray,None reported,Yes,27000,10,9000.0,0.2727272727272727,0,1
Toyota,4Runner SR5,2006,135000,Gasoline,236.0HP 4.0L V6 Cylinder Engine Gasoline Fuel,A/T,White,Gray,None reported,Yes,16900,19,6750.0,0.12518518518518518,0,1
Cadillac,CTS 2.0L Turbo Luxury,2019,46000,Gasoline,265.0HP 2.0L 4 Cylinder Engine Gasoline Fuel,8-Speed A/T,Black,Beige,At least 1 accident or damage reported,Yes,29000,6,6571.428571428572,0.6304347826086957,1,1
Ford,Focus SE,2014,79615,Gasoline,2.0L I4 16V GDI DOHC,6-Speed Automatic with Auto-Shift,Black,Charcoal Black,None reported,Yes,10995,11,6634.583333333333,0.1381021164353451,0,1
BMW,M5 Base,2021,13250,Gasoline,4.4L V8 32V GDI DOHC Twin Turbo,8-Speed Automatic,Alpine White,Aragon Brown,None reported,Yes,86900,4,2650.0,6.558490566037736,0,1
Land,Rover Range Rover 3.0L V6 Supercharged HSE,2019,41200,Gasoline,380.0HP 3.0L V6 Cylinder Engine Gasoline Fuel,Transmission w/Dual Shift Mode,Black,Black,None reported,Yes,60500,6,5885.714285714285,1.4684466019417475,0,0
Cadillac,Escalade ESV Luxury,2016,116500,Gasoline,420.0HP 6.2L 8 Cylinder Engine Gasoline Fuel,8-Speed A/T,Black,Brown,At least 1 accident or damage reported,Yes,30500,9,11650.0,0.26180257510729615,1,1
Acura,NSX Base,1993,75980,–,–,A/T,Silver,Black,None reported,Yes,90200,32,2302.4242424242425,1.1871545143458806,0,1
Chevrolet,Corvette Z06,2018,24059,Gasoline,650.0HP 6.2L 8 Cylinder Engine Gasoline Fuel,8-Speed A/T,Gray,Black,None reported,Yes,87150,7,3007.375,3.6223450683735816,0,1
Audi,Q5 2.0T Premium Plus,2015,118500,E85 Flex Fuel,220.0HP 2.0L 4 Cylinder Engine Flex Fuel Capability,A/T,Silver,Black,At least 1 accident or damage reported,Yes,15400,10,10772.727272727272,0.12995780590717299,1,1
BMW,ALPINA B7 ALPINA B7 xDrive,2020,15097,Gasoline,4.4 Liter Twin Turbo,Automatic,Frozen Dark Silver Metallic,Black,None reported,Yes,99998,5,2516.1666666666665,6.6237000728621584,0,1
Maserati,Ghibli S Q4,2018,20000,Gasoline,424.0HP 3.0L V6 Cylinder Engine Gasoline Fuel,A/T,White,Brown,None reported,Yes,43000,7,2500.0,2.15,0,1
BMW,228 Gran Coupe i xDrive,2020,10426,Gasoline,2.0 Liter Turbo,Automatic,Black Sapphire Metallic,Oyster/Black,None reported,Yes,30798,5,1737.6666666666667,2.9539612507193556,0,1
Ford,Expedition Limited,2023,9500,Gasoline,400.0HP 3.5L V6 Cylinder Engine Gasoline Fuel,10-Speed A/T,Black,Red,At least 1 accident or damage reported,Yes,63500,2,3166.6666666666665,6.684210526315789,1,1
Nissan,Frontier SE Crew Cab,2006,134000,Gasoline,265.0HP 4.0L V6 Cylinder Engine Gasoline Fuel,A/T,Gray,Gray,At least 1 accident or damage reported,Yes,8500,19,6700.0,0.06343283582089553,1,1
Subaru,BRZ Limited,2022,10500,Gasoline,228.0HP 2.4L 4 Cylinder Engine Gasoline Fuel,Transmission w/Dual Shift Mode,Gray,–,None reported,Yes,32500,3,2625.0,3.0952380952380953,0,0
Chevrolet,Malibu LT,2018,53100,Gasoline,160.0HP 1.5L 4 Cylinder Engine Gasoline Fuel,6-Speed A/T,Red,Black,None reported,Yes,17500,7,6637.5,0.3295668549905838,0,1
Ford,Focus SEL,2017,80134,E85 Flex Fuel,2.0L I4 16V GDI DOHC Flexible Fuel,6-Speed Automatic with Auto-Shift,White,Charcoal Black,None reported,Yes,13895,8,8903.777777777777,0.17339705992462626,0,1
Nissan,Rogue Sport S,2021,24000,Gasoline,141.0HP 2.0L 4 Cylinder Engine Gasoline Fuel,A/T,Gray,Black,None reported,Yes,25500,4,4800.0,1.0625,0,1
Volvo,C70 T5,2006,61000,Gasoline,218.0HP 2.5L 5 Cylinder Engine Gasoline Fuel,6-Speed M/T,Blue,Beige,None reported,Yes,10299,19,3050.0,0.16883606557377048,0,0
Lincoln,Nautilus Reserve,2021,19700,Gasoline,335.0HP 2.7L V6 Cylinder Engine Gasoline Fuel,A/T,White,Beige,None reported,Yes,48000,4,3940.0,2.436548223350254,0,1
Mercedes-Benz,AMG GT Base,2018,28182,Gasoline,469.0HP 4.0L 8 Cylinder Engine Gasoline Fuel,7-Speed A/T,White,Brown,At least 1 accident or damage reported,Yes,84500,7,3522.75,2.998367752466113,1,1
Ford,Mustang EcoBoost Premium,2017,59500,Gasoline,310.0HP 2.3L 4 Cylinder Engine Gasoline Fuel,A/T,Black,Black,At least 1 accident or damage reported,Yes,21000,8,6611.111111111111,0.35294117647058826,1,1
Ford,Ranger XLT,1999,115402,E85 Flex Fuel,152.0HP 3.0L V6 Cylinder Engine Flex Fuel Capability,A/T,Gold,Beige,None reported,Yes,8000,26,4274.148148148148,0.06932288868477149,0,1
GMC,Yukon SLT,2018,85500,Gasoline,355.0HP 5.3L 8 Cylinder Engine Gasoline Fuel,A/T,Black,Black,At least 1 accident or damage reported,Yes,35899,7,10687.5,0.4198713450292398,1,1
RAM,2500 Big Horn,2020,51000,Gasoline,410.0HP 6.4L 8 Cylinder Engine Gasoline Fuel,6-Speed A/T,Red,Black,None reported,Yes,44900,5,8500.0,0.8803921568627451,0,1
Tesla,Model Y Performance,2021,17500,Gasoline,455.0HP Electric Motor Electric Fuel System,A/T,Gray,White,None reported,Yes,45000,4,3500.0,2.5714285714285716,0,1
Lexus,ES 350 Base,2011,132000,Gasoline,272.0HP 3.5L V6 Cylinder Engine Gasoline Fuel,A/T,Black,Beige,None reported,Yes,9999,14,8800.0,0.07575,0,1
Jeep,Wrangler Rubicon Hard Rock,2016,67882,Gasoline,3.6 Liter,Automatic,White,Black,None reported,Yes,32798,9,6788.2,0.48316195751451047,0,1
Volvo,XC90 T6 Momentum,2018,62000,Gasoline,316.0HP 2.0L 4 Cylinder Engine Gasoline Fuel,8-Speed A/T,Silver,Black,None reported,Yes,30500,7,7750.0,0.49193548387096775,0,1
Porsche,911 R,2016,12454,Gasoline,500.0HP 4.0L Flat 6 Cylinder Engine Gasoline Fuel,6-Speed M/T,Purple,Black,None reported,Yes,210000,9,1245.4,16.86205235265778,0,0
BMW,M6 Gran Coupe Base,2017,27965,Gasoline,560.0HP 4.4L 8 Cylinder Engine Gasoline Fuel,7-Speed A/T,Green,Black,None reported,Yes,58000,8,3107.222222222222,2.0740210978008227,0,1
Cadillac,Escalade ESV Platinum Edition,2013,119000,E85 Flex Fuel,403.0HP 6.2L 8 Cylinder Engine Flex Fuel Capability,A/T,Black,Black,None reported,Yes,20500,12,9153.846153846154,0.1722689075630252,0,1
BMW,X5 xDrive35i,2018,48000,Gasoline,300.0HP 3.0L Straight 6 Cylinder Engine Gasoline Fuel,8-Speed A/T,Black,Black,None reported,Yes,32000,7,6000.0,0.6666666666666666,0,1
BMW,X5 xDrive40i,2020,5541,Gasoline,3.0 Liter Turbo,Automatic,White,Black,None reported,Yes,56598,5,923.5,10.214401732539253,0,1
Mitsubishi,Outlander SEL,2018,29000,Gasoline,166.0HP 2.4L 4 Cylinder Engine Gasoline Fuel,A/T,Red,Beige,None reported,Yes,19500,7,3625.0,0.6724137931034483,0,1
Dodge,Ram 1500 ST,2010,131100,E85 Flex Fuel,310.0HP 4.7L 8 Cylinder Engine Flex Fuel Capability,A/T,White,Gray,At least 1 accident or damage reported,Yes,12995,15,8193.75,0.09912280701754386,1,1
Subaru,Impreza 2.0i,2015,102242,Gasoline,"2L H-4 DOHC, variable valve control, regular unleaded, engine wi",Manual,Quartz Blue Pearl,Black,At least 1 accident or damage reported,Yes,11498,10,9294.727272727272,0.11245867647346491,1,0
Mercedes-Benz,Maybach S S 600,2016,18069,Gasoline,523.0HP 6.0L 12 Cylinder Engine Gasoline Fuel,7-Speed A/T,Black,Black,None reported,Yes,79999,9,1806.9,4.427417123249765,0,1
Kia,Sportage LX,2023,13000,Gasoline,187.0HP 2.5L 4 Cylinder Engine Gasoline Fuel,A/T,White,Black,None reported,Yes,31900,2,4333.333333333333,2.453846153846154,0,1
Porsche,911 Turbo Cabriolet,2008,51000,Gasoline,480.0HP 3.6L Flat 6 Cylinder Engine Gasoline Fuel,Transmission w/Dual Shift Mode,Silver,Black,At least 1 accident or damage reported,Yes,69500,17,2833.3333333333335,1.3627450980392157,1,0
Hummer,H3 Base,2007,137333,Gasoline,242.0HP 3.7L 5 Cylinder Engine Gasoline Fuel,4-Speed A/T,Blue,Black,At least 1 accident or damage reported,Yes,10000,18,7228.0526315789475,0.07281571071774447,1,1
Buick,LaCrosse Leather,2014,125559,Gasoline,304.0HP 3.6L V6 Cylinder Engine Gasoline Fuel,A/T,White,Beige,At least 1 accident or damage reported,Yes,11200,11,10463.25,0.08920109271338574,1,1
Chevrolet,Silverado 1500 High Country,2020,88161,Gasoline,6.2L V8 16V GDI OHV,Automatic,Iridescent Pearl Tricoat,Jet Black,At least 1 accident or damage reported,Yes,48889,5,14693.5,0.5545422579144973,1,1
Toyota,4Runner SR5,2016,101900,Gasoline,270.0HP 4.0L V6 Cylinder Engine Gasoline Fuel,5-Speed A/T,Black,Black,None reported,Yes,29000,9,10190.0,0.2845927379784102,0,1
Cadillac,Escalade ESV Luxury,2015,159500,Gasoline,420.0HP 6.2L 8 Cylinder Engine Gasoline Fuel,6-Speed A/T,Black,Black,At least 1 accident or damage reported,Yes,18800,10,14500.0,0.11786833855799372,1,1
Subaru,Legacy 2.5i Premium,2015,68860,Gasoline,175.0HP 2.5L 4 Cylinder Engine Gasoline Fuel,CVT Transmission,Silver,Beige,At least 1 accident or damage reported,Yes,15000,10,6260.0,0.21783328492593668,1,0
Tesla,Model 3 Long Range,2018,43000,Gasoline,271.0HP Electric Motor Electric Fuel System,1-Speed A/T,Red,Black,At least 1 accident or damage reported,Yes,30499,7,5375.0,0.7092790697674418,1,1
Ford,Expedition EL XLT,2017,182000,Gasoline,365.0HP 3.5L V6 Cylinder Engine Gasoline Fuel,A/T,Black,Black,At least 1 accident or damage reported,Yes,16500,8,20222.222222222223,0.09065934065934066,1,1
Tesla,Model Y Long Range,2022,21404,Gasoline,425.0HP Electric Motor Electric Fuel System,A/T,White,White,None reported,Yes,49500,3,5351.0,2.312651840777425,0,1
Ford,Expedition EL Limited,2017,81000,Gasoline,365.0HP 3.5L V6 Cylinder Engine Gasoline Fuel,Transmission w/Dual Shift Mode,Black,Black,None reported,Yes,27000,8,9000.0,0.3333333333333333,0,0
Chevrolet,Silverado 1500 LTZ,2021,62257,Gasoline,5.3L V8 16V GDI OHV,8-Speed Automatic,Satin Steel Metallic,Gideon,None reported,Yes,42590,4,12451.4,0.684099779944424,0,1
BMW,X5 xDrive40e,2016,91798,Hybrid,Electric,Automatic,Alpine White,Black,None reported,Yes,22998,9,9179.8,0.25052833395063073,0,1
BMW,335 is,2011,82000,Gasoline,320.0HP 3.0L Straight 6 Cylinder Engine Gasoline Fuel,7-Speed A/T,Gray,Black,At least 1 accident or damage reported,Yes,20000,14,5466.666666666667,0.24390243902439024,1,1
Ford,F-150 XLT,2012,207100,Gasoline,365.0HP 3.5L V6 Cylinder Engine Gasoline Fuel,6-Speed A/T,Black,Gray,At least 1 accident or damage reported,Yes,15000,13,14792.857142857143,0.07242877836793819,1,1
Land,Rover Range Rover Sport P400 SE Dynamic,2023,450,Hybrid,395.0HP 3.0L Straight 6 Cylinder Engine Gasoline/Mild Electric Hybrid,8-Speed A/T,Blue,Black,None reported,Yes,124000,2,150.0,275.55555555555554,0,1
Porsche,Panamera Edition,2016,77945,Gasoline,310.0HP 3.6L V6 Cylinder Engine Gasoline Fuel,A/T,Blue,Beige,At least 1 accident or damage reported,Yes,30000,9,7794.5,0.38488677913913655,1,1
Kia,Sorento Plug-In Hybrid SX,2022,15583,Hybrid,1.6L I4 16V GDI DOHC Turbo Hybrid,6-Speed Automatic,Aurora Black,Gray,None reported,Yes,40599,3,3895.75,2.6053391516396074,0,1
BMW,M240 i,2017,37100,Gasoline,335.0HP 3.0L Straight 6 Cylinder Engine Gasoline Fuel,8-Speed A/T,White,Black,At least 1 accident or damage reported,Yes,26125,8,4122.222222222223,0.704177897574124,1,1
Maserati,Quattroporte Base,2006,51000,Gasoline,394.0HP 4.2L 8 Cylinder Engine Gasoline Fuel,Transmission w/Dual Shift Mode,Blue,Beige,At least 1 accident or damage reported,Yes,18000,19,2550.0,0.35294117647058826,1,0
Ford,F-150 XLT,2017,94000,Gasoline,325.0HP 2.7L V6 Cylinder Engine Gasoline Fuel,6-Speed A/T,White,Black,None reported,Yes,26000,8,10444.444444444445,0.2765957446808511,0,1
Land,Rover Discovery S,2003,121886,Gasoline,217.0HP 4.6L 8 Cylinder Engine Gasoline Fuel,A/T,White,Beige,At least 1 accident or damage reported,Yes,6000,22,5299.391304347826,0.04922632623927276,1,1
Ford,F-250 XLT Crew Cab Super Duty,2008,157500,Gasoline,300.0HP 5.4L 8 Cylinder Engine Gasoline Fuel,5-Speed A/T,Green,Gray,At least 1 accident or damage reported,Yes,15000,17,8750.0,0.09523809523809523,1,1
Ford,Taurus SHO,2014,138415,Gasoline,365.0HP 3.5L V6 Cylinder Engine Gasoline Fuel,A/T,Silver,Black,At least 1 accident or damage reported,Yes,15500,11,11534.583333333334,0.11198208286674133,1,1
Land,Rover Range Rover Sport HSE,2012,110000,Gasoline,375.0HP 5.0L 8 Cylinder Engine Gasoline Fuel,A/T,Silver,Black,None reported,Yes,10200,13,7857.142857142857,0.09272727272727273,0,1
Cadillac,Escalade Sport,2023,8532,Diesel,3.0L I6 24V DDI DOHC Turbo Diesel,10-Speed Automatic with Overdrive,Black Raven,Jet Black,None reported,Yes,109900,2,2844.0,12.880918893577121,0,1
GMC,Sierra 1500 SLT,2021,12941,Gasoline,355.0HP 5.3L 8 Cylinder Engine Gasoline Fuel,A/T,White,Black,At least 1 accident or damage reported,Yes,51500,4,2588.2,3.9795997218143886,1,1
BMW,335 i xDrive,2009,69764,Gasoline,300.0HP 3.0L Straight 6 Cylinder Engine Gasoline Fuel,6-Speed M/T,Black,Black,None reported,Yes,19500,16,4103.764705882353,0.2795137893469411,0,0
Porsche,911 Carrera 4S,2003,90000,Gasoline,315.0HP 3.6L Flat 6 Cylinder Engine Gasoline Fuel,6-Speed M/T,Silver,Black,None reported,Yes,24000,22,3913.0434782608695,0.26666666666666666,0,0
Audi,Q5 S line Premium,2022,8193,Hybrid,2.0 Liter TFSI,Automatic,Florett Silver,Black,None reported,Yes,42598,3,2048.25,5.199316489686318,0,1
Lexus,RX 350 F Sport Performance,2020,43277,Gasoline,3.5L V6 24V PDI DOHC,8-Speed Automatic,Caviar,Black,None reported,Yes,43599,5,7212.833333333333,1.007440441805116,0,1
Audi,S4 3.0T Premium Plus,2018,26500,Gasoline,354.0HP 3.0L V6 Cylinder Engine Gasoline Fuel,8-Speed A/T,Gray,Black,At least 1 accident or damage reported,Yes,38000,7,3312.5,1.4339622641509433,1,1
Chevrolet,Silverado 1500 LT,2019,36021,Gasoline,2.7L I4 16V GDI DOHC Turbo,Automatic,Cajun Red Tintcoat,Jet Black,None reported,Yes,35670,6,5145.857142857143,0.9902556841842258,0,1
Chevrolet,Colorado Z71,2019,25462,Gasoline,3.6L V6 24V GDI DOHC,Automatic,Shadow Gray Metallic,Jet Black,None reported,Yes,36139,6,3637.4285714285716,1.4193307674181133,0,1
Audi,A5 2.0T Prestige,2018,35850,Gasoline,252.0HP 2.0L 4 Cylinder Engine Gasoline Fuel,7-Speed A/T,White,Black,None reported,Yes,33000,7,4481.25,0.9205020920502092,0,1
Mazda,Mazda3 s Sport,2008,77700,Gasoline,156.0HP 2.3L 4 Cylinder Engine Gasoline Fuel,5-Speed M/T,Red,Black,None reported,Yes,6300,17,4316.666666666667,0.08108108108108109,0,0
Jaguar,E-PACE 300 Sport,2021,23600,Hybrid,296.0HP 2.0L 4 Cylinder Engine Gasoline/Mild Electric Hybrid,9-Speed A/T,Black,Black,None reported,Yes,42999,4,4720.0,1.8219915254237289,0,1
Ferrari,GTC4Lusso T,2019,8870,Gasoline,3.9L V8 32V GDI DOHC Twin Turbo,7-Speed DCT Automatic,Nero Daytona,–,None reported,Yes,215000,6,1267.142857142857,24.23900789177001,0,1
Toyota,Celica GT,2001,122000,Gasoline,140.0HP 1.8L 4 Cylinder Engine Gasoline Fuel,5-Speed M/T,Blue,Gray,None reported,Yes,7800,24,4880.0,0.06393442622950819,0,0
Ford,Excursion Limited 4WD,2003,245000,Diesel,325.0HP 6.0L 8 Cylinder Engine Diesel Fuel,A/T,Black,Beige,At least 1 accident or damage reported,Yes,17999,22,10652.173913043478,0.07346530612244898,1,1
Porsche,718 Spyder Base,2022,4700,Gasoline,414.0HP 4.0L Flat 6 Cylinder Engine Gasoline Fuel,6-Speed M/T,White,Black,None reported,Yes,134000,3,1175.0,28.51063829787234,0,0
Subaru,WRX STI Base,2016,84100,Gasoline,305.0HP 2.5L 4 Cylinder Engine Gasoline Fuel,M/T,Gray,Black,None reported,Yes,34000,9,8410.0,0.4042806183115339,0,0
Audi,A6 45 Premium Plus,2021,33000,Hybrid,248.0HP 2.0L 4 Cylinder Engine Gasoline/Mild Electric Hybrid,A/T,Black,Black,None reported,Yes,40000,4,6600.0,1.2121212121212122,0,1
Tesla,Model S P100D,2018,10065,Gasoline,Electric,1-Speed Automatic,Red Multi,White,None reported,Yes,59999,7,1258.125,5.961152508693492,0,1
Mercedes-Benz,AMG GT R,2018,3811,Gasoline,577.0HP 4.0L 8 Cylinder Engine Gasoline Fuel,7-Speed A/T,Black,Black,None reported,Yes,148500,7,476.375,38.96615061663606,0,1
Acura,RDX PMC Edition,2021,44457,Gasoline,2.0 Liter Turbo,2,Majestic Black Pearl,Ebony,None reported,Yes,40598,4,8891.4,0.9131970218413298,0,0
Audi,S4 3.0T Premium Plus,2013,139355,Gasoline,333.0HP 3.0L V6 Cylinder Engine Gasoline Fuel,7-Speed A/T,Black,Black,None reported,Yes,20900,12,10719.615384615385,0.14997667826773348,0,1
Lotus,Evora Base,2010,9100,Gasoline,276.0HP 3.5L V6 Cylinder Engine Gasoline Fuel,6-Speed M/T,Black,White,None reported,Yes,55000,15,568.75,6.043956043956044,0,0
Mercedes-Benz,S-Class S 560 4MATIC,2019,10500,Gasoline,463.0HP 4.0L 8 Cylinder Engine Gasoline Fuel,9-Speed A/T,Silver,Brown,None reported,Yes,77900,6,1500.0,7.419047619047619,0,1
Chevrolet,Silverado 1500 RST,2023,5006,Gasoline,5.3L V8 16V GDI OHV,10-Speed Automatic,Dark Ash Metallic,Black,None reported,Yes,59590,2,1668.6666666666667,11.90371554135038,0,1
Hyundai,Genesis Coupe 2.0T R-Spec,2013,55000,Gasoline,260.0HP 2.0L 4 Cylinder Engine Gasoline Fuel,6-Speed M/T,White,Red,None reported,Yes,18000,12,4230.7692307692305,0.32727272727272727,0,0
BMW,M3 Competition,2021,33500,Gasoline,503.0HP 3.0L Straight 6 Cylinder Engine Gasoline Fuel,8-Speed A/T,Gray,Black,None reported,Yes,71000,4,6700.0,2.1194029850746268,0,1
BMW,435 i,2014,126500,Gasoline,300.0HP 3.0L Straight 6 Cylinder Engine Gasoline Fuel,A/T,White,Black,None reported,Yes,15000,11,10541.666666666666,0.11857707509881422,0,1
Land,Rover Range Rover Evoque HSE Dynamic,2016,79000,Gasoline,240.0HP 2.0L 4 Cylinder Engine Gasoline Fuel,9-Speed A/T,Red,Red,None reported,Yes,24000,9,7900.0,0.3037974683544304,0,1
Porsche,911 Targa 4 GTS,2018,19000,Gasoline,450.0HP 3.0L Flat 6 Cylinder Engine Gasoline Fuel,7-Speed A/T,Gray,Black,None reported,Yes,145000,7,2375.0,7.631578947368421,0,1
RAM,3500 Tradesman,2021,57000,Diesel,400.0HP 6.7L Straight 6 Cylinder Engine Diesel Fuel,6-Speed A/T,Blue,Gray,None reported,Yes,52000,4,11400.0,0.9122807017543859,0,1
BMW,X5 xDrive40i,2020,4880,Gasoline,3.0 Liter Turbo,Automatic,White,Black,None reported,Yes,57998,5,813.3333333333334,11.88483606557377,0,1
Acura,NSX Base,2018,6523,Hybrid,3.5L V6 24V PDI DOHC Twin Turbo Hybrid,9-Speed Automatic with Auto-Shift,White,Ebony,None reported,Yes,143900,7,815.375,22.0604016556799,0,1
Mercedes-Benz,SL-Class SL500 Roadster,2005,127000,Gasoline,302.0HP 5.0L 8 Cylinder Engine Gasoline Fuel,7-Speed A/T,White,Beige,None reported,Yes,14000,20,6047.619047619048,0.11023622047244094,0,1
Lexus,SC 430 Base,2002,89500,Gasoline,300.0HP 4.3L 8 Cylinder Engine Gasoline Fuel,A/T,Black,Black,None reported,Yes,15999,23,3729.1666666666665,0.17875977653631284,0,1
Chevrolet,Silverado 1500 Base,2000,97000,Gasoline,200.0HP 4.3L V6 Cylinder Engine Gasoline Fuel,A/T,White,Gray,None reported,Yes,27500,25,3730.769230769231,0.28350515463917525,0,1
Buick,Enclave Avenir,2021,31181,Gasoline,3.6L V6 24V GDI DOHC,9-Speed Automatic,Rich Garnet Metallic,Chestnut,At least 1 accident or damage reported,Yes,42442,4,6236.2,1.3611494179147559,1,1
Lexus,NX 300h Base,2020,16425,Hybrid,2.5L I4 16V MPFI DOHC Hybrid,Automatic CVT,Gray,Black,At least 1 accident or damage reported,Yes,33200,5,2737.5,2.0213089802130897,1,1
Lexus,RX 350 RX 350 F SPORT Handling,2022,11238,Gasoline,3.5 Liter DOHC,Automatic,Atomic Silver,Black,None reported,Yes,54798,3,2809.5,4.87613454351308,0,1
Chevrolet,Avalanche 1500 LS,2005,97146,E85 Flex Fuel,295.0HP 5.3L 8 Cylinder Engine Flex Fuel Capability,Transmission Overdrive Switch,Black,Gray,At least 1 accident or damage reported,Yes,7999,20,4626.0,0.08233998311819324,1,0
Mercedes-Benz,SL-Class SL400,2015,36670,Gasoline,3.0 Liter,Automatic,White,Tan,None reported,Yes,39998,10,3333.6363636363635,1.0907553858740116,0,1
Chevrolet,Suburban Premier,2019,44800,Gasoline,420.0HP 6.2L 8 Cylinder Engine Gasoline Fuel,6-Speed A/T,Black,Black,None reported,Yes,52500,6,6400.0,1.171875,0,1
Ford,Transit-350 Base,2015,150000,Gasoline,310.0HP 3.5L V6 Cylinder Engine Gasoline Fuel,A/T,Black,Gray,At least 1 accident or damage reported,Yes,17100,10,13636.363636363636,0.114,1,1
INFINITI,QX60 Luxe,2020,38400,Gasoline,295.0HP 3.5L V6 Cylinder Engine Gasoline Fuel,A/T,Blue,Beige,None reported,Yes,32100,5,6400.0,0.8359375,0,1
Bentley,Continental GTC Base,2008,7960,Gasoline,552.0HP 6.0L 12 Cylinder Engine Gasoline Fuel,6-Speed A/T,White,White,None reported,Yes,81500,17,442.22222222222223,10.238693467336683,0,1
Nissan,350Z Enthusiast,2007,117000,Gasoline,306.0HP 3.5L V6 Cylinder Engine Gasoline Fuel,A/T,Silver,Black,At least 1 accident or damage reported,Yes,9975,18,6157.894736842105,0.08525641025641026,1,1
Rivian,R1S Adventure Package,2023,159,Gasoline,533.0HP Electric Motor Electric Fuel System,A/T,White,Black,None reported,Yes,95500,2,53.0,600.62893081761,0,1
McLaren,570S Base,2017,30200,Gasoline,562.0HP 3.8L 8 Cylinder Engine Gasoline Fuel,Transmission w/Dual Shift Mode,Orange,Black,None reported,Yes,139000,8,3355.5555555555557,4.602649006622516,0,0
Nissan,Altima 2.5 SL,2012,91545,Gasoline,175.0HP 2.5L 4 Cylinder Engine Gasoline Fuel,CVT Transmission,Silver,Black,None reported,Yes,8999,13,6538.928571428572,0.09830138183407068,0,0
Land,Rover Range Rover 5.0L Supercharged,2015,110000,E85 Flex Fuel,510.0HP 5.0L 8 Cylinder Engine Flex Fuel Capability,A/T,Black,–,At least 1 accident or damage reported,Yes,26499,10,10000.0,0.2409,1,1
BMW,X5 xDrive35i,2017,105100,Gasoline,300.0HP 3.0L Straight 6 Cylinder Engine Gasoline Fuel,8-Speed A/T,Gray,Black,At least 1 accident or damage reported,Yes,23300,8,11677.777777777777,0.22169362511893434,1,1
INFINITI,QX56 Base,2012,110000,Gasoline,400.0HP 5.6L 8 Cylinder Engine Gasoline Fuel,Transmission w/Dual Shift Mode,White,Beige,None reported,Yes,15600,13,7857.142857142857,0.14181818181818182,0,0
Ford,F-150 XLT,2019,81778,Gasoline,3.5L V6 24V PDI DOHC Twin Turbo,Automatic,Black,Medium Earth Gray,None reported,Yes,32769,6,11682.57142857143,0.4007067915576316,0,1
Lexus,RX 450h Base,2010,168422,Hybrid,245.0HP 3.5L V6 Cylinder Engine Gas/Electric Hybrid,A/T,Black,Beige,At least 1 accident or damage reported,Yes,10900,15,10526.375,0.06471838595907899,1,1
Maserati,Ghibli S Q4 GranSport,2018,80500,Gasoline,424.0HP 3.0L V6 Cylinder Engine Gasoline Fuel,8-Speed A/T,Black,Black,None reported,Yes,34900,7,10062.5,0.4335403726708075,0,1
Volvo,XC90 T6 Momentum,2018,81200,Gasoline,316.0HP 2.0L 4 Cylinder Engine Gasoline Fuel,8-Speed A/T,Black,Black,At least 1 accident or damage reported,Yes,28825,7,10150.0,0.35498768472906406,1,1
Lamborghini,Huracan EVO Base,2020,6246,Gasoline,5.2L V10 40V GDI DOHC,7-Speed Automatic with Auto-Shift,Nero Noctis,Nero Ade,None reported,Yes,267950,5,1041.0,42.89945565161703,0,1
Jeep,Wrangler Unlimited Rubicon,2017,20172,Gasoline,285.0HP 3.6L V6 Cylinder Engine Gasoline Fuel,Transmission w/Dual Shift Mode,Gray,Black,None reported,Yes,47500,8,2241.3333333333335,2.35474915724767,0,0
Hummer,H2 Base,2005,145000,Gasoline,325.0HP 6.0L 8 Cylinder Engine Gasoline Fuel,4-Speed A/T,Green,Black,None reported,Yes,22500,20,6904.761904761905,0.15517241379310345,0,1
Ford,Flex Limited,2009,162000,Gasoline,262.0HP 3.5L V6 Cylinder Engine Gasoline Fuel,6-Speed A/T,Gray,Black,At least 1 accident or damage reported,Yes,7500,16,9529.411764705883,0.046296296296296294,1,1
Porsche,718 Cayman GT4,2020,13554,Gasoline,414.0HP 4.0L Flat 6 Cylinder Engine Gasoline Fuel,6-Speed M/T,Blue,Black,None reported,Yes,124995,5,2259.0,9.2220008853475,0,0
Toyota,Camry XLE,2007,59700,Gasoline,268.0HP 3.5L V6 Cylinder Engine Gasoline Fuel,6-Speed A/T,Green,Gray,None reported,Yes,9500,18,3142.1052631578946,0.15912897822445563,0,1
Mercedes-Benz,A-Class A 220 4MATIC,2020,30930,Gasoline,2.0L I4 16V GDI DOHC Turbo,7-Speed Automatic with Auto-Shift,Midnight Black,Black,None reported,Yes,28900,5,5155.0,0.9343679275784028,0,1
BMW,335 i,2009,51983,Gasoline,300.0HP 3.0L Straight 6 Cylinder Engine Gasoline Fuel,6-Speed M/T,Gray,White,None reported,Yes,19999,16,3057.823529411765,0.3847219283227209,0,0
Chevrolet,Camaro 2SS,2022,22000,Gasoline,455.0HP 6.2L 8 Cylinder Engine Gasoline Fuel,6-Speed M/T,Blue,Black,None reported,Yes,50000,3,5500.0,2.272727272727273,0,0
Volkswagen,ID.4 Pro S,2023,16800,Gasoline,295.0HP Electric Motor Electric Fuel System,1-Speed A/T,Gray,Black,None reported,Yes,45000,2,5600.0,2.6785714285714284,0,1
Chevrolet,Silverado 2500 High Country,2022,16000,Diesel,445.0HP 6.6L 8 Cylinder Engine Diesel Fuel,A/T,Black,Black,At least 1 accident or damage reported,Yes,73995,3,4000.0,4.6246875,1,1
Nissan,Altima 2.5 SV,2020,22295,Gasoline,2.5L I4 16V GDI DOHC,Automatic CVT,Scarlet Ember,Gray,None reported,Yes,23599,5,3715.8333333333335,1.058488450325185,0,1
Bentley,Continental GT V8,2020,33000,Gasoline,542.0HP 4.0L 8 Cylinder Engine Gasoline Fuel,A/T,Beige,Beige,None reported,Yes,188500,5,5500.0,5.712121212121212,0,1
Toyota,Sequoia Platinum,2023,1025,Hybrid,437.0HP 3.4L V6 Cylinder Engine Gas/Electric Hybrid,10-Speed A/T,Black,Black,None reported,Yes,85000,2,341.6666666666667,82.92682926829268,0,1
Acura,TL Technology,2013,89190,Gasoline,305.0HP 3.7L V6 Cylinder Engine Gasoline Fuel,6-Speed A/T,Gray,White,At least 1 accident or damage reported,Yes,15499,12,6860.7692307692305,0.17377508689314947,1,1
Toyota,Highlander Limited,2020,53550,Gasoline,3.5L V6 24V PDI DOHC,8-Speed Automatic,Blue,Gray,None reported,Yes,39687,5,8925.0,0.7411204481792717,0,1
Ford,Edge SEL,2021,56946,Gasoline,2.0L I4 16V GDI DOHC Turbo,8-Speed Automatic,Silver,Ebony,None reported,Yes,26299,4,11389.2,0.46182348189512873,0,1
Jaguar,F-TYPE R,2016,11684,Gasoline,550.0HP 5.0L 8 Cylinder Engine Gasoline Fuel,8-Speed A/T,Black,Black,None reported,Yes,54900,9,1168.4,4.698733310510099,0,1
GMC,Yukon XL Denali,2018,45617,Gasoline,420.0HP 6.2L 8 Cylinder Engine Gasoline Fuel,A/T,White,Gray,None reported,Yes,51000,7,5702.125,1.118004252800491,0,1
Chevrolet,Suburban LT,2018,75466,Gasoline,355.0HP 5.3L 8 Cylinder Engine Gasoline Fuel,6-Speed A/T,Gray,Black,None reported,Yes,34500,7,9433.25,0.45715951554342354,0,1
Maserati,Levante GTS,2021,19513,Gasoline,3.8L V8 32V GDI DOHC Twin Turbo,8-Speed Automatic,Black,Red / Black,At least 1 accident or damage reported,Yes,84645,4,3902.6,4.337877312560857,1,1
Subaru,Outback Limited,2021,15636,Gasoline,2.5L H4 16V GDI DOHC,Automatic CVT,Crystal Black Silica,Black,None reported,Yes,33531,4,3127.2,2.1444742900997698,0,1
Mercedes-Benz,S-Class S 450,2018,69600,Gasoline,362.0HP 3.0L V6 Cylinder Engine Gasoline Fuel,9-Speed A/T,Black,Black,None reported,Yes,40888,7,8700.0,0.587471264367816,0,1
Mercedes-Benz,GL-Class GL 450,2011,138050,Gasoline,335.0HP 4.7L 8 Cylinder Engine Gasoline Fuel,A/T,White,Beige,None reported,Yes,16500,14,9203.333333333334,0.11952191235059761,0,1
Ford,F-250 Lariat,2017,132269,E85 Flex Fuel,385.0HP 6.2L 8 Cylinder Engine Flex Fuel Capability,A/T,Gray,Black,None reported,Yes,35900,8,14696.555555555555,0.271416582872782,0,1
Hyundai,Palisade Limited,2020,45815,Gasoline,291.0HP 3.8L V6 Cylinder Engine Gasoline Fuel,Transmission w/Dual Shift Mode,Silver,Black,None reported,Yes,37700,5,7635.833333333333,0.8228746043872094,0,0
Ford,F-150 XLT,2021,25352,Gasoline,3.5L V6 24V PDI DOHC Twin Turbo,10-Speed Automatic,Gray,Black,None reported,Yes,48459,4,5070.4,1.9114468286525719,0,1
Mercedes-Benz,R-Class R 350 4MATIC,2008,120000,Gasoline,268.0HP 3.5L V6 Cylinder Engine Gasoline Fuel,7-Speed A/T,Silver,Black,None reported,Yes,8995,17,6666.666666666667,0.07495833333333334,0,1
Chevrolet,Camaro 2SS,2018,75151,Gasoline,455.0HP 6.2L 8 Cylinder Engine Gasoline Fuel,6-Speed M/T,Gray,Black,At least 1 accident or damage reported,Yes,45000,7,9393.875,0.598794427219864,1,0
Jeep,Wrangler Sport,2016,74139,Gasoline,285.0HP 3.6L V6 Cylinder Engine Gasoline Fuel,6-Speed M/T,Red,Black,None reported,Yes,23000,9,7413.9,0.31022808508342437,0,0
Chevrolet,1500 Cheyenne,1994,170443,–,–,A/T,Red,–,At least 1 accident or damage reported,Yes,6000,31,5326.34375,0.035202384374834986,1,1
Jaguar,XJ6 Vanden Plas,1995,70000,–,–,A/T,Gold,–,None reported,Yes,19000,30,2258.064516129032,0.2714285714285714,0,1
BMW,550 i xDrive,2012,68500,Gasoline,400.0HP 4.4L 8 Cylinder Engine Gasoline Fuel,Transmission w/Dual Shift Mode,Black,Black,None reported,Yes,17800,13,4892.857142857143,0.25985401459854013,0,0
Lexus,GX 460 Luxury,2020,37366,Gasoline,4.6L V8 32V MPFI DOHC,6-Speed Automatic,White,–,None reported,Yes,51890,5,6227.666666666667,1.3886956056307873,0,1
Tesla,Model S Long Range,2021,35315,Gasoline,670.0HP Electric Motor Electric Fuel System,1-Speed A/T,White,Black,None reported,Yes,66900,4,7063.0,1.8943791589975931,0,1
Volkswagen,Jetta 1.4T SE,2017,61000,Gasoline,150.0HP 1.4L 4 Cylinder Engine Gasoline Fuel,A/T,White,Black,None reported,Yes,15995,8,6777.777777777777,0.26221311475409836,0,1
Jeep,Grand Cherokee Limited,2022,12050,Gasoline,3.6L V6 24V MPFI DOHC,8-Speed Automatic,Bright White Clearcoat,Global Black,None reported,Yes,41599,3,3012.5,3.4521991701244814,0,1
Jaguar,XK8 Base,2001,150000,Gasoline,290.0HP 4.0L 8 Cylinder Engine Gasoline Fuel,5-Speed A/T,Green,White,At least 1 accident or damage reported,Yes,9875,24,6000.0,0.06583333333333333,1,1
Porsche,Macan S,2016,46200,Gasoline,340.0HP 3.0L V6 Cylinder Engine Gasoline Fuel,Transmission w/Dual Shift Mode,Gray,Gray,At least 1 accident or damage reported,Yes,41500,9,4620.0,0.8982683982683982,1,0
Mercedes-Benz,E-Class E 350,2014,88000,Gasoline,302.0HP 3.5L V6 Cylinder Engine Gasoline Fuel,A/T,Silver,Black,None reported,Yes,15500,11,7333.333333333333,0.17613636363636365,0,1
Mercedes-Benz,GL-Class GL 450 4MATIC,2015,47000,Gasoline,362.0HP 3.0L V6 Cylinder Engine Gasoline Fuel,7-Speed A/T,Silver,Black,None reported,Yes,30089,10,4272.727272727273,0.6401914893617021,0,1
Land,Rover Range Rover 3.0L Supercharged HSE,2017,50340,Gasoline,380.0HP 3.0L V6 Cylinder Engine Gasoline Fuel,8-Speed A/T,White,Beige,At least 1 accident or damage reported,Yes,47000,8,5593.333333333333,0.9336511720301947,1,1
Mercedes-Benz,E-Class E 350 4MATIC,2010,67800,Gasoline,268.0HP 3.5L V6 Cylinder Engine Gasoline Fuel,7-Speed A/T,Black,Black,None reported,Yes,13999,15,4237.5,0.20647492625368732,0,1
Dodge,Dakota Sport,2002,150000,Gasoline,175.0HP 3.9L V6 Cylinder Engine Gasoline Fuel,5-Speed M/T,Black,Gray,At least 1 accident or damage reported,Yes,5500,23,6250.0,0.03666666666666667,1,0
Chevrolet,Camaro ZL1,2018,13500,Gasoline,650.0HP 6.2L 8 Cylinder Engine Gasoline Fuel,6-Speed M/T,Black,Black,At least 1 accident or damage reported,Yes,54000,7,1687.5,4.0,1,0
Hummer,H3 Base,2007,101750,Gasoline,242.0HP 3.7L 5 Cylinder Engine Gasoline Fuel,A/T,White,Black,None reported,Yes,12900,18,5355.263157894737,0.12678132678132678,0,1
Honda,Odyssey EX-L,2022,18385,Gasoline,280.0HP 3.5L V6 Cylinder Engine Gasoline Fuel,10-Speed A/T,Red,Beige,None reported,Yes,37950,3,4596.25,2.0641827576828935,0,1
Nissan,350Z Touring,2008,123500,Gasoline,306.0HP 3.5L V6 Cylinder Engine Gasoline Fuel,5-Speed A/T,Gray,Beige,At least 1 accident or damage reported,Yes,13500,17,6861.111111111111,0.10931174089068826,1,1
GMC,Savana 2500 Work Van,2017,117000,E85 Flex Fuel,342.0HP 6.0L 8 Cylinder Engine Flex Fuel Capability,6-Speed A/T,Silver,Silver,None reported,Yes,38000,8,13000.0,0.3247863247863248,0,1
Mercedes-Benz,E-Class E 350 4MATIC,2010,86121,Gasoline,268.0HP 3.5L V6 Cylinder Engine Gasoline Fuel,7-Speed A/T,Gray,Black,None reported,Yes,13600,15,5382.5625,0.15791734884639055,0,1
Lexus,GX 460 Premium,2020,22466,Gasoline,301.0HP 4.6L 8 Cylinder Engine Gasoline Fuel,6-Speed A/T,White,Black,None reported,Yes,45900,5,3744.3333333333335,2.043087331968308,0,1
Nissan,Titan XD SV,2017,80000,Gasoline,390.0HP 5.6L 8 Cylinder Engine Gasoline Fuel,7-Speed A/T,Silver,Black,None reported,Yes,23800,8,8888.888888888889,0.2975,0,1
Chrysler,300 Touring,2020,23152,Gasoline,292.0HP 3.6L V6 Cylinder Engine Gasoline Fuel,8-Speed A/T,White,White,None reported,Yes,28250,5,3858.6666666666665,1.2201969592259847,0,1
Dodge,Charger R/T,2006,91300,Gasoline,350.0HP 5.7L 8 Cylinder Engine Gasoline Fuel,5-Speed A/T,Yellow,–,None reported,Yes,9200,19,4565.0,0.10076670317634173,0,1
Nissan,Pathfinder SL,2020,45000,Gasoline,284.0HP 3.5L V6 Cylinder Engine Gasoline Fuel,CVT Transmission,Black,Black,None reported,Yes,28999,5,7500.0,0.6444222222222222,0,0
Rivian,R1S Launch Edition,2023,1885,Gasoline,835.0HP Electric Motor Electric Fuel System,1-Speed A/T,Green,White,None reported,Yes,93500,2,628.3333333333334,49.60212201591512,0,1
Ford,Explorer Platinum,2018,73049,Gasoline,3.5L V6 24V GDI DOHC Twin Turbo,6-Speed Automatic,Gray,Ebony Black,At least 1 accident or damage reported,Yes,30510,7,9131.125,0.4176648550972635,1,1
Nissan,Titan SV,2021,7250,Gasoline,400.0HP 5.6L 8 Cylinder Engine Gasoline Fuel,9-Speed A/T,Black,Black,None reported,Yes,38000,4,1450.0,5.241379310344827,0,1
Jaguar,E-PACE S,2019,44000,Gasoline,246.0HP 2.0L 4 Cylinder Engine Gasoline Fuel,A/T,Black,Black,None reported,Yes,29000,6,6285.714285714285,0.6590909090909091,0,1
Ford,F-150 FX4,2014,85500,Gasoline,411.0HP 6.2L 8 Cylinder Engine Gasoline Fuel,Transmission w/Dual Shift Mode,Black,Black,None reported,Yes,26900,11,7125.0,0.3146198830409357,0,0
GMC,Acadia Denali,2021,18083,Gasoline,3.6L V6 24V GDI DOHC,9-Speed Automatic,Ebony Twilight Metallic,Jet Black,None reported,Yes,43999,4,3616.6,2.4331692750096776,0,1
Lamborghini,Murcielago Base,2005,22703,Gasoline,571.0HP 6.2L 12 Cylinder Engine Gasoline Fuel,M/T,Black,Black,None reported,Yes,220000,20,1081.095238095238,9.690349293044973,0,0
Chevrolet,Camaro 1LT,2011,111000,Gasoline,312.0HP 3.6L V6 Cylinder Engine Gasoline Fuel,A/T,Blue,Black,None reported,Yes,10900,14,7400.0,0.0981981981981982,0,1
GMC,Acadia SLT-2,2013,115000,Gasoline,288.0HP 3.6L V6 Cylinder Engine Gasoline Fuel,6-Speed A/T,White,Brown,None reported,Yes,14000,12,8846.153846153846,0.12173913043478261,0,1
Chevrolet,Malibu Premier,2021,33400,Gasoline,250.0HP 2.0L 4 Cylinder Engine Gasoline Fuel,A/T,White,Black,None reported,Yes,28000,4,6680.0,0.8383233532934131,0,1
Toyota,Sequoia SR5,2007,136000,Gasoline,273.0HP 4.7L 8 Cylinder Engine Gasoline Fuel,A/T,Black,Beige,None reported,Yes,12500,18,7157.894736842105,0.09191176470588236,0,1
Lexus,IS 350 F Sport,2021,26800,Gasoline,311.0HP 3.5L V6 Cylinder Engine Gasoline Fuel,8-Speed A/T,Black,Red,None reported,Yes,44000,4,5360.0,1.6417910447761195,0,1
Tesla,Model Y Performance,2022,30000,Gasoline,455.0HP Electric Motor Electric Fuel System,A/T,White,White,None reported,Yes,51999,3,7500.0,1.7333,0,1
Dodge,Challenger SRT8,2008,251634,Gasoline,425.0HP 6.1L 8 Cylinder Engine Gasoline Fuel,A/T,Silver,Black,None reported,Yes,10500,17,13979.666666666666,0.04172727055962231,0,1
Chrysler,300 Touring,2005,119000,Gasoline,250.0HP 3.5L V6 Cylinder Engine Gasoline Fuel,A/T,Blue,Beige,None reported,Yes,3500,20,5666.666666666667,0.029411764705882353,0,1
Cadillac,Escalade Sport Platinum,2021,28121,Gasoline,6.2L V8 16V GDI OHV,10-Speed Automatic,Black Raven,Jet Black,None reported,Yes,89000,4,5624.2,3.1648945627822624,0,1
Chrysler,Town & Country Touring,2009,111000,Gasoline,197.0HP 3.8L V6 Cylinder Engine Gasoline Fuel,A/T,Blue,Gray,None reported,Yes,7900,16,6529.411764705882,0.07117117117117117,0,1
Mazda,CX-5 Touring,2016,116500,Gasoline,2.5L I4 16V GDI DOHC,6-Speed Automatic,Blue Reflex Mica,Black,None reported,Yes,14311,9,11650.0,0.1228412017167382,0,1
Acura,TL 3.2,2005,199296,Gasoline,270.0HP 3.2L V6 Cylinder Engine Gasoline Fuel,A/T,Black,Gray,None reported,Yes,4900,20,9490.285714285714,0.024586544637122672,0,1
Chevrolet,Corvette Z06 w/2LZ,2023,202,Gasoline,670.0HP 5.5L 8 Cylinder Engine Gasoline Fuel,Transmission w/Dual Shift Mode,White,Red,None reported,Yes,179000,2,67.33333333333333,886.1386138613861,0,0
Tesla,Model Y Performance,2021,11200,Gasoline,455.0HP Electric Motor Electric Fuel System,1-Speed A/T,White,Black,None reported,Yes,47500,4,2240.0,4.241071428571429,0,1
Volvo,XC40 T5 Momentum,2020,56536,Gasoline,2.0L I4 16V GDI DOHC Turbo,8-Speed Automatic,White,Charcoal,None reported,Yes,26599,5,9422.666666666666,0.47047898684024336,0,1
Chevrolet,Camaro 2SS,2016,49600,Gasoline,455.0HP 6.2L 8 Cylinder Engine Gasoline Fuel,8-Speed A/T,Blue,Black,None reported,Yes,32500,9,4960.0,0.655241935483871,0,1
Acura,TLX Type S PMC Edition,2023,13600,Gasoline,355.0HP 3.0L V6 Cylinder Engine Gasoline Fuel,10-Speed A/T,Blue,White,None reported,Yes,65000,2,4533.333333333333,4.779411764705882,0,1
Volkswagen,Eos 2.0T,2007,59700,Gasoline,200.0HP 2.0L 4 Cylinder Engine Gasoline Fuel,6-Speed A/T,Blue,White,None reported,Yes,10000,18,3142.1052631578946,0.16750418760469013,0,1
Dodge,Charger R/T Scat Pack,2018,19000,Gasoline,485.0HP 6.4L 8 Cylinder Engine Gasoline Fuel,Transmission w/Dual Shift Mode,Purple,Gray,None reported,Yes,44888,7,2375.0,2.3625263157894736,0,0
Chevrolet,Corvette Z06,2002,17300,Gasoline,405.0HP 5.7L 8 Cylinder Engine Gasoline Fuel,6-Speed M/T,Black,Black,None reported,Yes,33999,23,720.8333333333334,1.9652601156069365,0,0
Mercedes-Benz,CLA-Class CLA 250,2014,91140,Gasoline,208.0HP 2.0L 4 Cylinder Engine Gasoline Fuel,7-Speed A/T,Gray,Black,None reported,Yes,13500,11,7595.0,0.14812376563528637,0,1
BMW,M5 Base,2015,33000,Gasoline,560.0HP 4.4L 8 Cylinder Engine Gasoline Fuel,7-Speed A/T,Gray,Black,None reported,Yes,65000,10,3000.0,1.9696969696969697,0,1
Jeep,Wrangler Unlimited Sport,2019,52775,Gasoline,285.0HP 3.6L V6 Cylinder Engine Gasoline Fuel,8-Speed A/T,Gray,Black,None reported,Yes,39799,6,7539.285714285715,0.754126006631928,0,1
Mitsubishi,Lancer Sportback ES,2011,113000,Gasoline,148.0HP 2.0L 4 Cylinder Engine Gasoline Fuel,5-Speed M/T,White,Black,None reported,Yes,5800,14,7533.333333333333,0.05132743362831858,0,0
Porsche,Macan Base,2022,13000,Gasoline,261.0HP 2.0L 4 Cylinder Engine Gasoline Fuel,A/T,Black,Beige,None reported,Yes,60000,3,3250.0,4.615384615384615,0,1
Mercedes-Benz,CLK-Class CLK 350,2009,77925,Gasoline,268.0HP 3.5L V6 Cylinder Engine Gasoline Fuel,Transmission w/Dual Shift Mode,Silver,Black,None reported,Yes,16500,16,4583.823529411765,0.21174205967276227,0,0
Dodge,Challenger SRT8,2011,106500,–,–,5-Speed A/T,White,White,At least 1 accident or damage reported,Yes,22500,14,7100.0,0.2112676056338028,1,1
Mazda,Mazda3 Grand Touring,2018,15175,Gasoline,2.5L I4 16V GDI DOHC,6-Speed Automatic,Snowflake White Pearl Metallic,Parchment,At least 1 accident or damage reported,Yes,19212,7,1896.875,1.266029654036244,1,1
Audi,A3 2.0T Premium,2017,137000,Gasoline,186.0HP 2.0L 4 Cylinder Engine Gasoline Fuel,7-Speed A/T,White,Gray,None reported,Yes,10995,8,15222.222222222223,0.08025547445255475,0,1
BMW,528 i,2015,111000,Gasoline,240.0HP 2.0L 4 Cylinder Engine Gasoline Fuel,8-Speed A/T,Gray,–,At least 1 accident or damage reported,Yes,15000,10,10090.90909090909,0.13513513513513514,1,1
Land,Rover Range Rover 3.0L V6 Supercharged HSE,2019,49208,Gasoline,380.0HP 3.0L V6 Cylinder Engine Gasoline Fuel,Transmission w/Dual Shift Mode,Black,Black,None reported,Yes,62425,6,7029.714285714285,1.2685945374735816,0,0
Audi,S5 3.0T Prestige,2018,44000,Gasoline,354.0HP 3.0L V6 Cylinder Engine Gasoline Fuel,8-Speed A/T,Gray,Black,None reported,Yes,39000,7,5500.0,0.8863636363636364,0,1
Porsche,718 Boxster Base,2017,26000,Gasoline,300.0HP 2.0L 4 Cylinder Engine Gasoline Fuel,A/T,Gray,Black,None reported,Yes,45500,8,2888.8888888888887,1.75,0,1
Chevrolet,Corvette Stingray w/2LT,2020,1800,Gasoline,490.0HP 6.2L 8 Cylinder Engine Gasoline Fuel,8-Speed A/T,Blue,Black,None reported,Yes,76000,5,300.0,42.22222222222222,0,1
Lamborghini,Urus Pearl Capsule,2021,3771,Gasoline,"4L V-8 gasoline direct injection, DOHC, variable valve control,",Automatic,Grigio Nimbus,Bianco Polar,None reported,Yes,259991,4,754.2,68.94484221691859,0,1
Maserati,Quattroporte S,2012,50000,Gasoline,425.0HP 4.7L 8 Cylinder Engine Gasoline Fuel,6-Speed A/T,White,Black,None reported,Yes,26497,13,3571.4285714285716,0.52994,0,1
Subaru,Impreza 2.0i,2018,93000,Gasoline,152.0HP 2.0L 4 Cylinder Engine Gasoline Fuel,CVT Transmission,Silver,Black,At least 1 accident or damage reported,Yes,16000,7,11625.0,0.17204301075268819,1,0
Mercedes-Benz,AMG GT C,2020,15000,Gasoline,550.0HP 4.0L 8 Cylinder Engine Gasoline Fuel,7-Speed A/T,Gray,Black,None reported,Yes,129000,5,2500.0,8.6,0,1
Mazda,Mazda6 i Touring,2016,119500,Gasoline,184.0HP 2.5L 4 Cylinder Engine Gasoline Fuel,Transmission w/Dual Shift Mode,Silver,Black,None reported,Yes,15000,9,11950.0,0.12552301255230125,0,0
Porsche,Macan S,2016,50000,Gasoline,340.0HP 3.0L V6 Cylinder Engine Gasoline Fuel,7-Speed A/T,Blue,Red,None reported,Yes,36000,9,5000.0,0.72,0,1
Porsche,Panamera 4,2011,85000,Gasoline,300.0HP 3.6L V6 Cylinder Engine Gasoline Fuel,A/T,Gray,Beige,None reported,Yes,21500,14,5666.666666666667,0.2529411764705882,0,1
Genesis,G70 3.3T Advanced,2019,48000,Gasoline,365.0HP 3.3L V6 Cylinder Engine Gasoline Fuel,8-Speed A/T,Black,Black,None reported,Yes,29999,6,6857.142857142857,0.6249791666666666,0,1
Jeep,Wrangler Sport,2021,11756,Gasoline,"2L I-4 gasoline direct injection, DOHC, intercooled turbo, engin",Automatic,Granite Crystal Metallic Clearcoat,Black,At least 1 accident or damage reported,Yes,33400,4,2351.2,2.8411024157876827,1,1
Audi,Q5 2.0T Premium Plus,2018,50400,Gasoline,252.0HP 2.0L 4 Cylinder Engine Gasoline Fuel,Transmission w/Dual Shift Mode,White,Beige,None reported,Yes,28500,7,6300.0,0.5654761904761905,0,0
BMW,335 i xDrive,2012,153600,Gasoline,300.0HP 3.0L Straight 6 Cylinder Engine Gasoline Fuel,6-Speed M/T,Black,Black,None reported,Yes,17500,13,10971.42857142857,0.11393229166666667,0,0
Land,Rover Range Rover P530 SE,2023,1869,Gasoline,4.4L V8 32V GDI DOHC Twin Turbo,Automatic,Eiger Grey,Deep Garnet,None reported,Yes,164725,2,623.0,88.13536650615302,0,1
Dodge,Durango SRT 392,2022,31917,Gasoline,475.0HP 6.4L 8 Cylinder Engine Gasoline Fuel,8-Speed A/T,Gray,Black,None reported,Yes,64683,3,7979.25,2.0266002443838707,0,1
BMW,M3 Base,2016,56235,Gasoline,425.0HP 3.0L Straight 6 Cylinder Engine Gasoline Fuel,6-Speed M/T,Orange,Orange,None reported,Yes,50500,9,5623.5,0.8980172490441896,0,0
Ford,Fiesta ST,2019,28724,Gasoline,197.0HP 1.6L 4 Cylinder Engine Gasoline Fuel,6-Speed M/T,Gray,Black,At least 1 accident or damage reported,Yes,18300,6,4103.428571428572,0.6370978972287982,1,0
Lincoln,MKS Base,2015,124400,Gasoline,305.0HP 3.7L V6 Cylinder Engine Gasoline Fuel,6-Speed A/T,White,Black,At least 1 accident or damage reported,Yes,9500,10,11309.09090909091,0.07636655948553055,1,1
Chevrolet,Tahoe Premier,2020,137000,Gasoline,355.0HP 5.3L 8 Cylinder Engine Gasoline Fuel,6-Speed A/T,Black,Black,None reported,Yes,46000,5,22833.333333333332,0.3357664233576642,0,1
Ferrari,F430 Berlinetta,2005,38686,Gasoline,483.0HP 4.3L 8 Cylinder Engine Gasoline Fuel,Transmission w/Dual Shift Mode,White,Red,None reported,Yes,99999,20,1842.1904761904761,2.584888590187665,0,0
Ford,F-250 Platinum,2022,6600,Gasoline,430.0HP 7.3L 8 Cylinder Engine Gasoline Fuel,10-Speed A/T,Blue,Black,At least 1 accident or damage reported,Yes,72900,3,1650.0,11.045454545454545,1,1
Mercedes-Benz,SLK-Class SLK280 Roadster,2007,67200,Gasoline,228.0HP 3.0L V6 Cylinder Engine Gasoline Fuel,A/T,Silver,Black,None reported,Yes,11500,18,3536.842105263158,0.17113095238095238,0,1
Porsche,Macan,2021,16554,Gasoline,2.0 Liter,Automatic,White,Beige,None reported,Yes,51698,4,3310.8,3.1229914220128068,0,1
BMW,X5 PHEV xDrive45e,2023,15736,Plug-In Hybrid,389.0HP 3.0L Straight 6 Cylinder Engine Plug-In Electric/Gas,8-Speed A/T,Blue,Brown,None reported,Yes,67900,2,5245.333333333333,4.314946619217082,0,1
Mercedes-Benz,E-Class E500,2005,153460,Gasoline,302.0HP 5.0L 8 Cylinder Engine Gasoline Fuel,A/T,Gold,Gold,At least 1 accident or damage reported,Yes,5800,20,7307.619047619048,0.03779486511142969,1,1
Acura,TL 3.7,2012,70000,Gasoline,305.0HP 3.7L V6 Cylinder Engine Gasoline Fuel,A/T,Black,Black,At least 1 accident or damage reported,Yes,15051,13,5000.0,0.2150142857142857,1,1
Hyundai,Equus Signature,2011,143898,Gasoline,378.0HP 4.6L 8 Cylinder Engine Gasoline Fuel,6-Speed A/T,Gray,Brown,None reported,Yes,9950,14,9593.2,0.06914620078110884,0,1
Mercedes-Benz,SL-Class SL500 Roadster,2003,26190,Gasoline,302.0HP 5.0L 8 Cylinder Engine Gasoline Fuel,A/T,Gold,Beige,None reported,Yes,22000,22,1138.695652173913,0.8400152730049637,0,1
Toyota,Land Cruiser Base,2000,209193,Gasoline,230.0HP 4.7L 8 Cylinder Engine Gasoline Fuel,A/T,Black,Beige,None reported,Yes,15900,25,8045.884615384615,0.07600636732586655,0,1
RAM,2500 Big Horn,2018,27839,Gasoline,6.4L V8 16V MPFI OHV,6-Speed Automatic,Granite Crystal Clearcoat Metallic,Diesel Gray / Black,None reported,Yes,41688,7,3479.875,1.4974675814504832,0,1
Chevrolet,Silverado 2500 WT,2018,141195,E85 Flex Fuel,6.0L V8 16V MPFI OHV Flexible Fuel,6-Speed Automatic,Summit White,Dark Ash,None reported,Yes,28499,7,17649.375,0.20184142497963808,0,1
Porsche,Macan S,2022,20250,Gasoline,375.0HP 2.9L V6 Cylinder Engine Gasoline Fuel,7-Speed A/T,White,Beige,None reported,Yes,68500,3,5062.5,3.382716049382716,0,1
Jeep,Grand Cherokee L Limited,2022,18333,Gasoline,3.6L V6 24V MPFI DOHC,8-Speed Automatic,Velvet Red Pearlcoat,Global Black,None reported,Yes,41599,3,4583.25,2.2690776195930833,0,1
Mercedes-Benz,E-Class E 350,2014,35000,Gasoline,302.0HP 3.5L V6 Cylinder Engine Gasoline Fuel,7-Speed A/T,Red,Beige,None reported,Yes,29998,11,2916.6666666666665,0.8570857142857143,0,1
Dodge,Magnum Base,2006,133255,Gasoline,250.0HP 3.5L V6 Cylinder Engine Gasoline Fuel,A/T,Silver,Gray,None reported,Yes,4000,19,6662.75,0.030017635360774456,0,1
Porsche,Macan Turbo,2021,14526,Gasoline,2.9 Liter Turbo,Automatic,Black,–,None reported,Yes,79998,4,2905.2,5.507228418009087,0,1
Mercedes-Benz,E-Class E 550,2014,43690,Gasoline,402.0HP 4.7L 8 Cylinder Engine Gasoline Fuel,A/T,Black,Black,None reported,Yes,23500,11,3640.8333333333335,0.5378805218585488,0,1
Porsche,Macan S,2020,29136,Gasoline,3.0 Liter Turbo,Automatic,White,Red,None reported,Yes,58598,5,4856.0,2.0111889071938496,0,1
Cadillac,XT5 Luxury,2017,72060,Gasoline,3.6L V6 24V GDI DOHC,8-Speed Automatic,Stellar Black Metallic,Shara Beige,None reported,Yes,24590,8,8006.666666666667,0.3412434082708854,0,1
Toyota,Tundra Platinum,2023,8800,Gasoline,389.0HP 3.4L V6 Cylinder Engine Gasoline Fuel,A/T,Silver,Black,None reported,Yes,68500,2,2933.3333333333335,7.784090909090909,0,1
Nissan,Versa 1.6 SL,2015,85768,Gasoline,109.0HP 1.6L 4 Cylinder Engine Gasoline Fuel,CVT Transmission,White,Black,At least 1 accident or damage reported,Yes,8250,10,7797.090909090909,0.09618972110810559,1,0
Mercedes-Benz,AMG GT 53 Base,2022,2235,Hybrid,429.0HP 3.0L Straight 6 Cylinder Engine Gasoline/Mild Electric Hybrid,Transmission w/Dual Shift Mode,Gray,Red,None reported,Yes,110000,3,558.75,49.21700223713646,0,0
Buick,Enclave Avenir,2019,121521,Gasoline,3.6L V6 24V GDI DOHC,9-Speed Automatic,Dark Slate Metallic,Ebony / Ebony Accents,None reported,Yes,26772,6,17360.14285714286,0.22030760115535586,0,1
Porsche,911 GT3,2015,23700,Gasoline,475.0HP 3.8L Flat 6 Cylinder Engine Gasoline Fuel,Transmission w/Dual Shift Mode,Black,Black,None reported,Yes,144940,10,2154.5454545454545,6.115611814345992,0,0
BMW,328 i,2013,124000,Gasoline,230.0HP 3.0L Straight 6 Cylinder Engine Gasoline Fuel,A/T,White,Beige,None reported,Yes,11900,12,9538.461538461539,0.09596774193548387,0,1
Acura,ILX Premium Package,2018,32260,Gasoline,201.0HP 2.4L 4 Cylinder Engine Gasoline Fuel,A/T,Black,Black,None reported,Yes,20999,7,4032.5,0.6509299442033478,0,1
Lexus,GX 460 Base,2015,92000,Gasoline,301.0HP 4.6L 8 Cylinder Engine Gasoline Fuel,6-Speed A/T,Black,Black,None reported,Yes,28000,10,8363.636363636364,0.30434782608695654,0,1
Toyota,Land Cruiser Base,2010,269885,Gasoline,381.0HP 5.7L 8 Cylinder Engine Gasoline Fuel,6-Speed A/T,Black,Beige,At least 1 accident or damage reported,Yes,22500,15,16867.8125,0.08336884228467681,1,1
Chevrolet,Corvette Base,2008,51855,Gasoline,430.0HP 6.2L 8 Cylinder Engine Gasoline Fuel,6-Speed A/T,Red,Red,None reported,Yes,35900,17,2880.8333333333335,0.692315109439784,0,1
Mazda,Mazda6 i Touring,2015,124000,Gasoline,184.0HP 2.5L 4 Cylinder Engine Gasoline Fuel,6-Speed M/T,White,Beige,At least 1 accident or damage reported,Yes,12900,10,11272.727272727272,0.10403225806451613,1,0
Jaguar,F-TYPE R,2015,26000,Gasoline,550.0HP 5.0L 8 Cylinder Engine Gasoline Fuel,8-Speed A/T,Blue,Red,None reported,Yes,52500,10,2363.6363636363635,2.019230769230769,0,1
Audi,A3 2.0T Premium,2018,36500,Gasoline,220.0HP 2.0L 4 Cylinder Engine Gasoline Fuel,6-Speed A/T,Gray,Silver,At least 1 accident or damage reported,Yes,25500,7,4562.5,0.6986301369863014,1,1
Chevrolet,Camaro 2SS,2022,1400,Gasoline,455.0HP 6.2L 8 Cylinder Engine Gasoline Fuel,10-Speed A/T,Black,Black,None reported,Yes,54900,3,350.0,39.214285714285715,0,1
Jeep,Wrangler Unlimited Sport S,2018,17000,Gasoline,285.0HP 3.6L V6 Cylinder Engine Gasoline Fuel,A/T,Black,Black,None reported,Yes,38500,7,2125.0,2.264705882352941,0,1
Honda,Civic Sport,2021,42750,Gasoline,1.5L I4 16V GDI DOHC Turbo,Automatic CVT,Black,Black,None reported,Yes,25698,4,8550.0,0.6011228070175438,0,1
Porsche,Cayman Base,2011,67998,Gasoline,265.0HP 2.9L Flat 6 Cylinder Engine Gasoline Fuel,6-Speed M/T,White,Beige,None reported,Yes,30000,14,4533.2,0.4411894467484338,0,0
Ford,Mustang GT,2008,64500,Gasoline,300.0HP 4.6L 8 Cylinder Engine Gasoline Fuel,5-Speed M/T,Black,Red,At least 1 accident or damage reported,Yes,16000,17,3583.3333333333335,0.24806201550387597,1,0
Toyota,FJ Cruiser Base,2007,102000,Gasoline,239.0HP 4.0L V6 Cylinder Engine Gasoline Fuel,6-Speed M/T,Blue,Black,None reported,Yes,24900,18,5368.421052631579,0.24411764705882352,0,0
Land,Rover Discovery SE,2004,145000,Gasoline,217.0HP 4.6L 8 Cylinder Engine Gasoline Fuel,A/T,Green,Beige,None reported,Yes,15500,21,6590.909090909091,0.10689655172413794,0,1
Porsche,718 Boxster S,2018,50000,Gasoline,350.0HP 2.5L 4 Cylinder Engine Gasoline Fuel,A/T,Blue,Black,At least 1 accident or damage reported,Yes,55000,7,6250.0,1.1,1,1
Chevrolet,Corvette Base,2004,37622,Gasoline,350.0HP 5.7L 8 Cylinder Engine Gasoline Fuel,A/T,Blue,Beige,None reported,Yes,25500,21,1710.090909090909,0.6777949072351284,0,1
Toyota,Avalon Limited,2006,89987,Gasoline,268.0HP 3.5L V6 Cylinder Engine Gasoline Fuel,5-Speed A/T,Green,Beige,None reported,Yes,9499,19,4499.35,0.10555969195550469,0,1
INFINITI,QX80 Base,2015,136390,Gasoline,5.6L V8 32V GDI DOHC,7-Speed Automatic,Black Obsidian,Black,None reported,Yes,20470,10,12399.09090909091,0.15008431703204048,0,1
Cadillac,DeVille Base,1994,90000,–,–,A/T,Green,Beige,At least 1 accident or damage reported,Yes,2990,31,2812.5,0.03322222222222222,1,1
Chevrolet,Camaro 2SS,2015,27000,Gasoline,426.0HP 6.2L 8 Cylinder Engine Gasoline Fuel,Transmission w/Dual Shift Mode,Black,Beige,None reported,Yes,33000,10,2454.5454545454545,1.2222222222222223,0,0
Jeep,Liberty Renegade,2004,144770,Gasoline,210.0HP 3.7L V6 Cylinder Engine Gasoline Fuel,4-Speed A/T,Beige,Beige,At least 1 accident or damage reported,Yes,6500,21,6580.454545454545,0.04489880500103613,1,1
Toyota,4Runner Trail,2011,157000,Gasoline,270.0HP 4.0L V6 Cylinder Engine Gasoline Fuel,Transmission w/Dual Shift Mode,Black,Beige,None reported,Yes,23500,14,10466.666666666666,0.14968152866242038,0,0
BMW,328 i xDrive,2010,132000,Gasoline,230.0HP 3.0L Straight 6 Cylinder Engine Gasoline Fuel,Transmission w/Dual Shift Mode,Silver,Black,At least 1 accident or damage reported,Yes,8500,15,8250.0,0.06439393939393939,1,0
Ford,Excursion Limited Ultimate,2002,137000,Diesel,250.0HP 7.3L 8 Cylinder Engine Diesel Fuel,4-Speed A/T,Gold,Gold,None reported,Yes,15000,23,5708.333333333333,0.10948905109489052,0,1
Lexus,IS 300 Base,2018,50992,Gasoline,260.0HP 3.5L V6 Cylinder Engine Gasoline Fuel,A/T,White,Gray,At least 1 accident or damage reported,Yes,28000,7,6374.0,0.5491057420771885,1,1
Cadillac,CTS Performance,2010,105760,Gasoline,270.0HP 3.0L V6 Cylinder Engine Gasoline Fuel,6-Speed A/T,Black,Black,None reported,Yes,12900,15,6610.0,0.12197428139183056,0,1
Lexus,LC 500 Base,2018,29800,Gasoline,471.0HP 5.0L 8 Cylinder Engine Gasoline Fuel,10-Speed A/T,Black,Black,None reported,Yes,68495,7,3725.0,2.298489932885906,0,1
BMW,540 i xDrive,2019,21000,Gasoline,335.0HP 3.0L Straight 6 Cylinder Engine Gasoline Fuel,Transmission w/Dual Shift Mode,Blue,Black,At least 1 accident or damage reported,Yes,42000,6,3000.0,2.0,1,0
Chevrolet,Corvette Base,1998,152195,Gasoline,340.0HP 5.7L 8 Cylinder Engine Gasoline Fuel,A/T,Black,Black,None reported,Yes,9900,27,5435.535714285715,0.0650481290449752,0,1
Hummer,H2 Base,2006,169900,Gasoline,325.0HP 6.0L 8 Cylinder Engine Gasoline Fuel,A/T,Orange,Black,At least 1 accident or damage reported,Yes,16900,19,8495.0,0.09947027663331372,1,1
Volvo,XC90 3.2,2008,196000,Gasoline,235.0HP 3.2L Straight 6 Cylinder Engine Gasoline Fuel,A/T,Black,Beige,None reported,Yes,6499,17,10888.888888888889,0.03315816326530612,0,1
Jeep,Wrangler Unlimited Sahara,2009,180036,Gasoline,202.0HP 3.8L V6 Cylinder Engine Gasoline Fuel,A/T,Black,Black,At least 1 accident or damage reported,Yes,9100,16,10590.35294117647,0.0505454464662623,1,1
Land,Rover Discovery HSE LUXURY,2017,57918,Gasoline,340.0HP 3.0L V6 Cylinder Engine Gasoline Fuel,Transmission w/Dual Shift Mode,Gray,Gray,None reported,Yes,33500,8,6435.333333333333,0.5784039504126524,0,0
BMW,340 i,2017,98600,Gasoline,320.0HP 3.0L Straight 6 Cylinder Engine Gasoline Fuel,8-Speed A/T,Silver,Black,None reported,Yes,26500,8,10955.555555555555,0.268762677484787,0,1
Ford,F-250 Lariat,2018,120000,Diesel,450.0HP 6.7L 8 Cylinder Engine Diesel Fuel,6-Speed A/T,Silver,Black,At least 1 accident or damage reported,Yes,55000,7,15000.0,0.4583333333333333,1,1
BMW,M3 Competition,2022,14269,Gasoline,503.0HP 3.0L Straight 6 Cylinder Engine Gasoline Fuel,8-Speed A/T,Gray,Orange,None reported,Yes,80000,3,3567.25,5.606559674819539,0,1
Lexus,LC 500 Base,2022,6875,Gasoline,471.0HP 5.0L 8 Cylinder Engine Gasoline Fuel,A/T,White,Black,None reported,Yes,89000,3,1718.75,12.945454545454545,0,1
Honda,CR-V Touring,2019,55100,Gasoline,1.5L I4 16V GDI DOHC Turbo,Automatic CVT,White,Gray,None reported,Yes,28324,6,7871.428571428572,0.5140471869328493,0,1
Porsche,Panamera S,2012,49000,Gasoline,400.0HP 4.8L 8 Cylinder Engine Gasoline Fuel,7-Speed A/T,White,Black,None reported,Yes,41500,13,3500.0,0.8469387755102041,0,1
BMW,750 i,2009,74600,Gasoline,400.0HP 4.4L 8 Cylinder Engine Gasoline Fuel,A/T,White,Brown,None reported,Yes,15000,16,4388.235294117647,0.20107238605898123,0,1
Audi,A7 3.0T Premium,2019,45900,Hybrid,335.0HP 3.0L V6 Cylinder Engine Gasoline/Mild Electric Hybrid,Transmission w/Dual Shift Mode,Black,Black,At least 1 accident or damage reported,Yes,41500,6,6557.142857142857,0.9041394335511983,1,0
Chrysler,200 Limited,2015,95271,E85 Flex Fuel,184.0HP 2.4L 4 Cylinder Engine Flex Fuel Capability,A/T,Black,Black,None reported,Yes,12468,10,8661.0,0.13086878483483957,0,1
Ford,F-150 XL,2021,88883,Gasoline,2.7L V6 24V PDI DOHC Twin Turbo,10-Speed Automatic,Agate Black Metallic,Black,None reported,Yes,33172,4,17776.6,0.3732097251442908,0,1
Dodge,Grand Caravan R/T,2013,43000,E85 Flex Fuel,283.0HP 3.6L V6 Cylinder Engine Flex Fuel Capability,6-Speed A/T,Red,Black,None reported,Yes,35000,12,3307.6923076923076,0.813953488372093,0,1
Ford,Focus SE,2018,33700,E85 Flex Fuel,160.0HP 2.0L 4 Cylinder Engine Flex Fuel Capability,A/T,Gray,Black,At least 1 accident or damage reported,Yes,12000,7,4212.5,0.3560830860534125,1,1
RAM,2500 Big Horn,2016,95115,Diesel,6.7L I6 24V DDI OHV Turbo Diesel,6-Speed Automatic,Bright White Clearcoat,Diesel Gray / Black,None reported,Yes,43640,9,9511.5,0.45881301582295114,0,1
Lotus,Elise Base,2005,25250,Gasoline,190.0HP 1.8L 4 Cylinder Engine Gasoline Fuel,M/T,Red,Black,None reported,Yes,44000,20,1202.3809523809523,1.7425742574257426,0,0
Chevrolet,Corvette Base,2007,20200,Gasoline,400.0HP 6.0L 8 Cylinder Engine Gasoline Fuel,6-Speed A/T,Red,Red,None reported,Yes,27500,18,1063.157894736842,1.3613861386138615,0,1
Audi,allroad 2.0T Prestige,2013,104457,Gasoline,211.0HP 2.0L 4 Cylinder Engine Gasoline Fuel,8-Speed A/T,Silver,Black,None reported,Yes,17900,12,8035.153846153846,0.17136237877787033,0,1
McLaren,570S Spider,2018,8984,Gasoline,3.8L V8 32V MPFI DOHC Twin Turbo,7-Speed Automatic with Auto-Shift,Vega Blue,Black,None reported,Yes,171900,7,1123.0,19.134016028495104,0,1
Chevrolet,Express 2500 Work Van,2017,76000,Gasoline,285.0HP 4.8L 8 Cylinder Engine Gasoline Fuel,A/T,Silver,–,None reported,Yes,41400,8,8444.444444444445,0.5447368421052632,0,1
Chevrolet,Traverse High Country,2020,56247,Gasoline,3.6L V6 24V GDI DOHC,9-Speed Automatic,Stone Gray Metallic,Jet Black,None reported,Yes,39244,5,9374.5,0.6977083222216296,0,1
Jeep,Wrangler S,1994,50750,–,–,5-Speed M/T,Blue,Gray,None reported,Yes,15000,31,1585.9375,0.2955665024630542,0,0
Acura,ILX Technology Plus Package,2016,61000,Gasoline,201.0HP 2.4L 4 Cylinder Engine Gasoline Fuel,A/T,Black,Black,At least 1 accident or damage reported,Yes,21000,9,6100.0,0.3442622950819672,1,1
Chevrolet,Camaro 1LT,2019,9111,Gasoline,3.6L V6 GDI DOHC,8-Speed Automatic,Summit White,Jet Black,None reported,Yes,27599,6,1301.5714285714287,3.029195477993634,0,1
Lexus,ES 350 Base,2015,100900,Gasoline,3.5 Liter,Automatic,Matador Red Mica,Parchment,None reported,Yes,21998,10,9172.727272727272,0.21801783944499503,0,1
Ford,F-150 XLT,2021,24207,Gasoline,2.7L V6 24V PDI DOHC Twin Turbo,10-Speed Automatic,Black,–,None reported,Yes,43430,4,4841.4,1.7941091419837236,0,1
Tesla,Model Y Long Range,2022,9411,Gasoline,Dual Motor - Standard,Automatic,Silver,Black,None reported,Yes,47998,3,2352.75,5.100201891403676,0,1
Chevrolet,Corvette Z06,2006,21000,Gasoline,505.0HP 7.0L 8 Cylinder Engine Gasoline Fuel,6-Speed M/T,Silver,Black,None reported,Yes,47500,19,1050.0,2.261904761904762,0,0
Cadillac,CTS 3.6L Premium Luxury,2019,136150,Gasoline,335.0HP 3.6L V6 Cylinder Engine Gasoline Fuel,Transmission w/Dual Shift Mode,Silver,Black,At least 1 accident or damage reported,Yes,22500,6,19450.0,0.1652589056188028,1,0
BMW,M3 Base,2009,78414,Gasoline,420.0HP 4.0L 8 Cylinder Engine Gasoline Fuel,7-Speed A/T,Silver,Gray,At least 1 accident or damage reported,Yes,28750,16,4612.588235294118,0.36664371158211545,1,1
Mazda,Mazda3 FWD w/Preferred Package,2019,60800,Gasoline,186.0HP 2.5L 4 Cylinder Engine Gasoline Fuel,6-Speed A/T,Red,Beige,None reported,Yes,19900,6,8685.714285714286,0.32730263157894735,0,1
Ford,Maverick XLT,2022,16400,Hybrid,191.0HP 2.5L 4 Cylinder Engine Gas/Electric Hybrid,CVT Transmission,Gray,Gray,None reported,Yes,34000,3,4100.0,2.073170731707317,0,0
Toyota,Highlander Hybrid Limited,2018,62200,Hybrid,306.0HP 3.5L V6 Cylinder Engine Gas/Electric Hybrid,CVT Transmission,Brown,Beige,None reported,Yes,35707,7,7775.0,0.5740675241157557,0,0
BMW,X6 xDrive40i,2021,72903,Hybrid,3.0 Liter Turbo,SCHEDULED FOR OR IN PRODUCTION,Black Sapphire Metallic,Black,At least 1 accident or damage reported,Yes,53998,4,14580.6,0.7406828251237947,1,0
Lincoln,Town Car Signature,2003,142215,Gasoline,239.0HP 4.6L 8 Cylinder Engine Gasoline Fuel,4-Speed A/T,Gray,Beige,None reported,Yes,5000,22,6183.260869565217,0.035158035368983584,0,1
Mercedes-Benz,SL-Class SL550 Roadster,2007,150000,Gasoline,382.0HP 5.5L 8 Cylinder Engine Gasoline Fuel,A/T,Black,Black,None reported,Yes,8000,18,7894.736842105263,0.05333333333333334,0,1
Ford,Mustang GT,1998,49170,Gasoline,225.0HP 4.6L 8 Cylinder Engine Gasoline Fuel,A/T,Silver,Black,None reported,Yes,12500,27,1756.0714285714287,0.254220052877771,0,1
Chevrolet,Suburban 1500 LT,2015,167500,Gasoline,355.0HP 5.3L 8 Cylinder Engine Gasoline Fuel,6-Speed A/T,Silver,Black,None reported,Yes,18000,10,15227.272727272728,0.10746268656716418,0,1
Ford,Fusion SE,2016,110450,Gasoline,231.0HP 2.0L 4 Cylinder Engine Gasoline Fuel,6-Speed A/T,Silver,Brown,None reported,Yes,11000,9,11045.0,0.09959257582616568,0,1
Audi,S4 3.0T Premium Plus,2014,106000,Gasoline,333.0HP 3.0L V6 Cylinder Engine Gasoline Fuel,6-Speed M/T,Gray,Black,At least 1 accident or damage reported,Yes,23000,11,8833.333333333334,0.2169811320754717,1,0
Chevrolet,Suburban Premier,2017,92728,Gasoline,355.0HP 5.3L 8 Cylinder Engine Gasoline Fuel,6-Speed A/T,White,Black,None reported,Yes,34900,8,10303.111111111111,0.3763695971011992,0,1
Ford,Bronco Big Bend,2022,17000,Gasoline,275.0HP 2.3L 4 Cylinder Engine Gasoline Fuel,A/T,Gray,–,None reported,Yes,44000,3,4250.0,2.588235294117647,0,1
Ford,F-250 XL,2016,75200,E85 Flex Fuel,385.0HP 6.2L 8 Cylinder Engine Flex Fuel Capability,6-Speed A/T,White,Gray,None reported,Yes,22000,9,7520.0,0.2925531914893617,0,1
Dodge,Challenger SRT Hellcat,2015,1800,Gasoline,707.0HP 6.2L 8 Cylinder Engine Gasoline Fuel,A/T,Green,Black,None reported,Yes,64990,10,163.63636363636363,36.105555555555554,0,1
Toyota,Tacoma TRD Sport,2019,36283,Gasoline,3.5 Liter,Automatic,Barcelona Red,Black,None reported,Yes,39598,6,5183.285714285715,1.0913651021139377,0,1
Audi,Q5 S line Premium Plus,2023,6682,Hybrid,2.0 Liter TFSI,Automatic,Mythos Black Metallic,Rock Gray,None reported,Yes,47798,2,2227.3333333333335,7.153247530679438,0,1
Jeep,Wrangler Sport,2018,23399,Gasoline,2.0L I4 16V GDI DOHC Turbo,8-Speed Automatic,Black Clearcoat,Black,None reported,Yes,28999,7,2924.875,1.2393264669430317,0,1
Genesis,G80 3.8,2017,29720,Gasoline,311.0HP 3.8L V6 Cylinder Engine Gasoline Fuel,8-Speed A/T,Brown,Beige,None reported,Yes,29500,8,3302.222222222222,0.9925975773889637,0,1
Mercedes-Benz,SL-Class SL63 AMG Roadster,2009,56000,Gasoline,518.0HP 6.3L 8 Cylinder Engine Gasoline Fuel,A/T,Black,Black,None reported,Yes,44850,16,3294.1176470588234,0.8008928571428572,0,1
Lexus,LX 570 Three-Row,2020,59419,Gasoline,383.0HP 5.7L 8 Cylinder Engine Gasoline Fuel,A/T,Silver,Beige,None reported,Yes,73000,5,9903.166666666666,1.2285632541779565,0,1
Kia,Stinger GT2,2018,69100,Gasoline,365.0HP 3.3L V6 Cylinder Engine Gasoline Fuel,8-Speed A/T,Red,Black,None reported,Yes,32500,7,8637.5,0.4703328509406657,0,1
Nissan,GT-R Premium,2021,22185,Gasoline,3.8L V6 24V MPFI DOHC Twin Turbo,6-Speed Automatic with Auto-Shift,Bayside Blue,Gray,None reported,Yes,131999,4,4437.0,5.949921117872436,0,1
Chevrolet,Trailblazer SS,2008,29586,Gasoline,390.0HP 6.0L 8 Cylinder Engine Gasoline Fuel,A/T,White,Black,None reported,Yes,47900,17,1643.6666666666667,1.619008990738863,0,1
Chevrolet,Silverado 2500 WT,2021,63866,Gasoline,6.6L V8 16V GDI OHV,Automatic,Silver Ice Metallic,Jet Black,None reported,Yes,41885,4,12773.2,0.6558262612344596,0,1
Chevrolet,Suburban LTZ,2016,135484,Gasoline,5.3L V8 16V GDI OHV,6-Speed Automatic,Tungsten Metallic,Cocoa / Dune,None reported,Yes,29748,9,13548.4,0.21956836231584542,0,1
Mercedes-Benz,E-Class E 350,2014,78500,Gasoline,302.0HP 3.5L V6 Cylinder Engine Gasoline Fuel,7-Speed A/T,Silver,Black,At least 1 accident or damage reported,Yes,17900,11,6541.666666666667,0.22802547770700637,1,1
BMW,M3 Base,2012,7982,Gasoline,414.0HP 4.0L 8 Cylinder Engine Gasoline Fuel,7-Speed A/T,Silver,Red,None reported,Yes,51900,13,570.1428571428571,6.502129792032072,0,1
Bentley,Continental GT V8,2022,1795,Gasoline,"4L V-8 gasoline direct injection, DOHC, variable valve control,",Automatic,Onyx Black,Beluga,None reported,Yes,269991,3,448.75,150.41281337047354,0,1
Volkswagen,Golf R Base,2022,1067,Gasoline,315.0HP 2.0L 4 Cylinder Engine Gasoline Fuel,7-Speed A/T,White,Blue,None reported,Yes,48000,3,266.75,44.98594189315839,0,1
Ford,Explorer Limited,2017,152000,Gasoline,290.0HP 3.5L V6 Cylinder Engine Gasoline Fuel,6-Speed A/T,Gray,Black,None reported,Yes,15499,8,16888.88888888889,0.1019671052631579,0,1
Honda,Odyssey LX,2011,185000,Gasoline,248.0HP 3.5L V6 Cylinder Engine Gasoline Fuel,A/T,Purple,–,None reported,Yes,8900,14,12333.333333333334,0.04810810810810811,0,1
Dodge,Ram 2500 SLT Mega Cab,2007,97724,Diesel,350.0HP 6.7L Straight 6 Cylinder Engine Diesel Fuel,A/T,Red,Gray,None reported,Yes,19998,18,5143.368421052632,0.20463755065285907,0,1
Honda,Civic Sport,2020,22227,Gasoline,2.0L I4 16V MPFI DOHC,Automatic CVT,Red,Black,None reported,Yes,25980,5,3704.5,1.168848697530031,0,1
Honda,Civic LX,2016,111000,Gasoline,158.0HP 2.0L 4 Cylinder Engine Gasoline Fuel,A/T,Blue,Black,None reported,Yes,13000,9,11100.0,0.11711711711711711,0,1
Ford,F-250 XLT,2019,32268,E85 Flex Fuel,385.0HP 6.2L 8 Cylinder Engine Flex Fuel Capability,6-Speed A/T,White,Gray,None reported,Yes,46500,6,4609.714285714285,1.441056154704351,0,1
Nissan,Pathfinder SV,2019,122009,Gasoline,3.5 Liter,Automatic,Gray,Black,None reported,Yes,18998,6,17429.85714285714,0.15570982468506422,0,1
Land,Rover Range Rover HSE SWB,2020,57785,Hybrid,395.0HP 3.0L Straight 6 Cylinder Engine Gasoline/Mild Electric Hybrid,A/T,Black,Black,None reported,Yes,63995,5,9630.833333333334,1.1074673358137925,0,1
BMW,M3 Base,2002,204884,Gasoline,333.0HP 3.2L Straight 6 Cylinder Engine Gasoline Fuel,6-Speed M/T,Silver,Black,At least 1 accident or damage reported,Yes,21500,23,8536.833333333334,0.10493742800804358,1,0
Hummer,H2 Base,2003,179400,Gasoline,316.0HP 6.0L 8 Cylinder Engine Gasoline Fuel,A/T,White,Brown,At least 1 accident or damage reported,Yes,15000,22,7800.0,0.08361204013377926,1,1
Mazda,RX-8 R3,2009,57000,Gasoline,232.0HP 1.3L Rotary engine Gasoline Fuel,6-Speed M/T,Red,Black,None reported,Yes,14000,16,3352.9411764705883,0.24561403508771928,0,0
Lexus,LX 570 Three-Row,2021,25997,Gasoline,383.0HP 5.7L 8 Cylinder Engine Gasoline Fuel,A/T,Green,Brown,None reported,Yes,87000,4,5199.4,3.346539985382929,0,1
Chevrolet,Suburban Z71,2022,36555,Gasoline,5.3L V8 16V GDI OHV,Automatic,Summit White,Jet Black,None reported,Yes,64288,3,9138.75,1.7586650253043359,0,1
Mercedes-Benz,S-Class S 580 4MATIC,2023,989,Gasoline,4.0L V8 32V GDI DOHC Twin Turbo,9-Speed Automatic,Black,Black,None reported,Yes,122950,2,329.6666666666667,124.31749241658241,0,1
Chevrolet,Corvette Base,2007,28514,Gasoline,400.0HP 6.0L 8 Cylinder Engine Gasoline Fuel,Transmission w/Dual Shift Mode,Red,Gray,None reported,Yes,32000,18,1500.7368421052631,1.1222557340253911,0,0
Ford,Mustang GT Premium,2019,10400,Gasoline,460.0HP 5.0L 8 Cylinder Engine Gasoline Fuel,10-Speed A/T,Red,Gray,None reported,Yes,40000,6,1485.7142857142858,3.8461538461538463,0,1
Chevrolet,Equinox Premier w/2LZ,2020,51133,Gasoline,2.0L I4 16V GDI DOHC Turbo,9-Speed Automatic,Iridescent Pearl Tricoat,Jet Black,At least 1 accident or damage reported,Yes,25800,5,8522.166666666666,0.5045665225979309,1,1
Chevrolet,Camaro Z28,1999,58800,Gasoline,305.0HP 5.7L 8 Cylinder Engine Gasoline Fuel,A/T,White,White,None reported,Yes,15000,26,2177.777777777778,0.25510204081632654,0,1
Land,Rover Discovery HSE,2018,85000,Gasoline,340.0HP 3.0L V6 Cylinder Engine Gasoline Fuel,8-Speed A/T,Gray,Black,None reported,Yes,33000,7,10625.0,0.38823529411764707,0,1
Jeep,Wrangler SE,2000,95200,Gasoline,120.0HP 2.5L 4 Cylinder Engine Gasoline Fuel,5-Speed M/T,Black,Black,None reported,Yes,11999,25,3661.5384615384614,0.12603991596638656,0,0
Toyota,Highlander XLE,2015,68575,Gasoline,270.0HP 3.5L V6 Cylinder Engine Gasoline Fuel,A/T,Silver,Gray,At least 1 accident or damage reported,Yes,26000,10,6234.090909090909,0.3791469194312796,1,1
Chevrolet,Corvette Grand Sport,2011,12300,Gasoline,430.0HP 6.2L 8 Cylinder Engine Gasoline Fuel,6-Speed A/T,Red,Black,None reported,Yes,45000,14,820.0,3.658536585365854,0,1
Chevrolet,Corvette Stingray,2018,13900,Gasoline,455.0HP 6.2L 8 Cylinder Engine Gasoline Fuel,8-Speed A/T,White,Red,None reported,Yes,54490,7,1737.5,3.920143884892086,0,1
Mercedes-Benz,SLK-Class SLK230 Kompressor,2001,58800,Gasoline,190.0HP 2.3L 4 Cylinder Engine Gasoline Fuel,A/T,Silver,Black,None reported,Yes,9000,24,2352.0,0.15306122448979592,0,1
Nissan,Juke NISMO RS,2016,30700,Gasoline,215.0HP 1.6L 4 Cylinder Engine Gasoline Fuel,6-Speed M/T,Black,Black,At least 1 accident or damage reported,Yes,21500,9,3070.0,0.7003257328990228,1,0
Porsche,911 Carrera C2S,2005,104000,Gasoline,355.0HP 3.8L Flat 6 Cylinder Engine Gasoline Fuel,6-Speed M/T,Silver,Black,None reported,Yes,44800,20,4952.380952380952,0.4307692307692308,0,0
Chevrolet,Colorado LT,2019,139116,Gasoline,3.6L V6 24V GDI DOHC,Automatic,Red,Jet Black,At least 1 accident or damage reported,Yes,24899,6,19873.714285714286,0.1789801316886627,1,1
Porsche,Macan S,2019,36700,Gasoline,348.0HP 3.0L V6 Cylinder Engine Gasoline Fuel,7-Speed A/T,Blue,Blue,At least 1 accident or damage reported,Yes,48990,6,5242.857142857143,1.3348773841961852,1,1
Mercedes-Benz,GLE 350 Base 4MATIC,2022,24500,Gasoline,255.0HP 2.0L 4 Cylinder Engine Gasoline Fuel,9-Speed A/T,White,Beige,None reported,Yes,82150,3,6125.0,3.353061224489796,0,1
Toyota,Land Cruiser Base,2017,65000,Gasoline,381.0HP 5.7L 8 Cylinder Engine Gasoline Fuel,A/T,Black,Brown,At least 1 accident or damage reported,Yes,65000,8,7222.222222222223,1.0,1,1
BMW,X6 xDrive40i,2021,27654,Hybrid,3.0 Liter Turbo,Automatic,Mineral White,Black,None reported,Yes,61998,4,5530.8,2.2419179865480583,0,1
Rivian,R1S Adventure Package,2023,542,Gasoline,835.0HP Electric Motor Electric Fuel System,A/T,Black,Black,None reported,Yes,92500,2,180.66666666666666,170.66420664206643,0,1
Toyota,Highlander Platinum,2020,41000,Gasoline,295.0HP 3.5L V6 Cylinder Engine Gasoline Fuel,8-Speed A/T,Blue,Black,None reported,Yes,38700,5,6833.333333333333,0.9439024390243902,0,1
Mercedes-Benz,SL-Class SL 63 AMG,2011,47400,Gasoline,518.0HP 6.3L 8 Cylinder Engine Gasoline Fuel,7-Speed A/T,White,Black,At least 1 accident or damage reported,Yes,41000,14,3160.0,0.8649789029535865,1,1
Ford,Thunderbird Deluxe,2002,40110,Gasoline,252.0HP 3.9L 8 Cylinder Engine Gasoline Fuel,A/T,Yellow,Black,None reported,Yes,18500,23,1671.25,0.4612316130640738,0,1
RAM,2500 Big Horn,2014,124700,Gasoline,410.0HP 6.4L 8 Cylinder Engine Gasoline Fuel,6-Speed A/T,Silver,–,None reported,Yes,30000,11,10391.666666666666,0.24057738572574178,0,1
Ford,F-350 XLT,2013,31000,E85 Flex Fuel,316.0HP 6.2L 8 Cylinder Engine Flex Fuel Capability,A/T,Black,Gray,At least 1 accident or damage reported,Yes,35000,12,2384.6153846153848,1.1290322580645162,1,1
Toyota,RAV4 Prime XSE,2022,7100,Plug-In Hybrid,302.0HP 2.5L 4 Cylinder Engine Plug-In Electric/Gas,A/T,Gray,Black,None reported,Yes,49000,3,1775.0,6.901408450704225,0,1
Jeep,Grand Cherokee Limited,2018,91677,Gasoline,3.6L V6 24V MPFI DOHC,8-Speed Automatic,Granite Crystal Clearcoat Metallic,Black,None reported,Yes,26816,7,11459.625,0.29250520850376865,0,1
Ford,Focus SE,2009,107500,Gasoline,132.0HP 2.0L 4 Cylinder Engine Gasoline Fuel,A/T,White,Black,None reported,Yes,9500,16,6323.529411764706,0.08837209302325581,0,1
Porsche,911 Carrera 4 GTS,2023,1518,Gasoline,473.0HP 3.0L Flat 6 Cylinder Engine Gasoline Fuel,8-Speed A/T,Beige,Brown,None reported,Yes,194965,2,506.0,128.43544137022397,0,1
Chevrolet,Corvette Stingray w/2LT,2023,5200,Gasoline,490.0HP 6.2L 8 Cylinder Engine Gasoline Fuel,8-Speed A/T,White,Red,None reported,Yes,88900,2,1733.3333333333333,17.096153846153847,0,1
Ford,F-150 XLT SuperCab,1999,48054,Gasoline,220.0HP 4.6L 8 Cylinder Engine Gasoline Fuel,A/T,White,Gray,None reported,Yes,9500,26,1779.7777777777778,0.19769426062346526,0,1
Porsche,Macan Base,2018,87500,Gasoline,252.0HP 2.0L 4 Cylinder Engine Gasoline Fuel,Transmission w/Dual Shift Mode,Blue,Beige,None reported,Yes,28000,7,10937.5,0.32,0,0
Acura,ZDX Base,2012,106335,Gasoline,300.0HP 3.7L V6 Cylinder Engine Gasoline Fuel,6-Speed A/T,White,Gray,None reported,Yes,19000,13,7595.357142857143,0.17868058494380964,0,1
Chevrolet,Suburban Premier,2017,133598,Gasoline,5.3L V8 16V GDI OHV,6-Speed Automatic,Siren Red Tintcoat,Jet Black,At least 1 accident or damage reported,Yes,29999,8,14844.222222222223,0.22454677465231515,1,1
Chevrolet,Traverse Premier,2018,68455,Gasoline,3.6L V6 24V GDI DOHC,9-Speed Automatic,Silver Ice Metallic,Jet Black,None reported,Yes,30989,7,8556.875,0.45269154919290044,0,1
Mercedes-Benz,E-Class E 400,2018,28690,Gasoline,329.0HP 3.0L V6 Cylinder Engine Gasoline Fuel,A/T,White,Beige,None reported,Yes,38880,7,3586.25,1.3551760195189961,0,1
BMW,M3 Base,2012,83000,Gasoline,414.0HP 4.0L 8 Cylinder Engine Gasoline Fuel,7-Speed A/T,Black,Red,At least 1 accident or damage reported,Yes,31000,13,5928.571428571428,0.37349397590361444,1,1
Ford,F-250 XLT,2019,38600,Diesel,450.0HP 6.7L 8 Cylinder Engine Diesel Fuel,6-Speed A/T,Blue,–,None reported,Yes,54500,6,5514.285714285715,1.4119170984455958,0,1
Toyota,Highlander SE,2019,92000,Gasoline,295.0HP 3.5L V6 Cylinder Engine Gasoline Fuel,A/T,Red,Beige,At least 1 accident or damage reported,Yes,30000,6,13142.857142857143,0.32608695652173914,1,1
Saturn,Sky Red Line,2009,134000,Gasoline,260.0HP 2.0L 4 Cylinder Engine Gasoline Fuel,5-Speed M/T,Blue,Black,At least 1 accident or damage reported,Yes,9500,16,7882.35294117647,0.0708955223880597,1,0
Lexus,LS 460 Base,2012,103000,Gasoline,380.0HP 4.6L 8 Cylinder Engine Gasoline Fuel,A/T,White,Beige,None reported,Yes,20500,13,7357.142857142857,0.19902912621359223,0,1
Honda,CR-V LX,2004,176261,Gasoline,160.0HP 2.4L 4 Cylinder Engine Gasoline Fuel,M/T,Gray,Gray,None reported,Yes,3750,21,8011.863636363636,0.021275267926540754,0,0
Ford,Mustang GT Premium,2010,58500,Gasoline,315.0HP 4.6L 8 Cylinder Engine Gasoline Fuel,5-Speed M/T,White,Red,At least 1 accident or damage reported,Yes,20000,15,3656.25,0.3418803418803419,1,0
Ford,F-250 Limited,2018,64000,Diesel,450.0HP 6.7L 8 Cylinder Engine Diesel Fuel,A/T,Red,Beige,None reported,Yes,64000,7,8000.0,1.0,0,1
Porsche,Boxster Black Edition,2016,24881,Gasoline,265.0HP 2.7L Flat 6 Cylinder Engine Gasoline Fuel,Transmission w/Dual Shift Mode,Black,Black,At least 1 accident or damage reported,Yes,49999,9,2488.1,2.009525340621358,1,0
Chevrolet,Corvette Base,1998,134000,Gasoline,340.0HP 5.7L 8 Cylinder Engine Gasoline Fuel,A/T,Red,Beige,None reported,Yes,11500,27,4785.714285714285,0.08582089552238806,0,1
Ford,Explorer XLT,2013,82900,Gasoline,290.0HP 3.5L V6 Cylinder Engine Gasoline Fuel,6-Speed A/T,White,Gray,At least 1 accident or damage reported,Yes,16000,12,6376.923076923077,0.19300361881785283,1,1
BMW,Z4 3.0si,2008,59257,Gasoline,255.0HP 3.0L Straight 6 Cylinder Engine Gasoline Fuel,6-Speed M/T,Gray,Black,None reported,Yes,18200,17,3292.0555555555557,0.307136709587053,0,0
Lexus,RX 350 F Sport,2016,81400,Gasoline,295.0HP 3.5L V6 Cylinder Engine Gasoline Fuel,8-Speed A/T,Gray,Red,At least 1 accident or damage reported,Yes,26000,9,8140.0,0.3194103194103194,1,1
Hyundai,Accent SEL,2022,5100,Gasoline,120.0HP 1.6L 4 Cylinder Engine Gasoline Fuel,A/T,Blue,Black,None reported,Yes,19500,3,1275.0,3.823529411764706,0,1
Ford,Expedition Max XLT,2020,67072,Gasoline,375.0HP 3.5L V6 Cylinder Engine Gasoline Fuel,A/T,Purple,Black,None reported,Yes,38500,5,11178.666666666666,0.5740100190839694,0,1
BMW,328 i xDrive,2016,65000,Gasoline,240.0HP 2.0L 4 Cylinder Engine Gasoline Fuel,Transmission w/Dual Shift Mode,Silver,Black,None reported,Yes,19500,9,6500.0,0.3,0,0
Ford,Fusion SE,2014,80800,Gasoline,175.0HP 2.5L 4 Cylinder Engine Gasoline Fuel,A/T,Blue,Beige,None reported,Yes,10000,11,6733.333333333333,0.12376237623762376,0,1
Ford,F-150 XLT,2020,53401,Gasoline,375.0HP 3.5L V6 Cylinder Engine Gasoline Fuel,10-Speed A/T,Gray,Black,None reported,Yes,39500,5,8900.166666666666,0.7396865227242936,0,1
Ford,F-150 Platinum,2021,15555,Gasoline,5.0L 8 Cylinder,10-Speed Automatic,Blue,Black,None reported,Yes,62890,4,3111.0,4.043072966891675,0,1
Dodge,Ram 1500 SLT Mega Cab,2006,201509,Gasoline,345.0HP 5.7L 8 Cylinder Engine Gasoline Fuel,5-Speed A/T,Gray,Gray,At least 1 accident or damage reported,Yes,11000,19,10075.45,0.05458813253998581,1,1
Honda,Civic EX,2013,107000,Gasoline,140.0HP 1.8L 4 Cylinder Engine Gasoline Fuel,A/T,Silver,Black,None reported,Yes,14000,12,8230.76923076923,0.1308411214953271,0,1
Land,Rover Range Rover Velar P250 S R-Dynamic,2020,30500,Gasoline,247.0HP 2.0L 4 Cylinder Engine Gasoline Fuel,A/T,Silver,Beige,None reported,Yes,44000,5,5083.333333333333,1.4426229508196722,0,1
Toyota,Tacoma Base,2011,36000,Gasoline,159.0HP 2.7L 4 Cylinder Engine Gasoline Fuel,5-Speed M/T,Gray,Gray,None reported,Yes,20000,14,2400.0,0.5555555555555556,0,0
Ford,F-250 XLT,2019,38514,E85 Flex Fuel,385.0HP 6.2L 8 Cylinder Engine Flex Fuel Capability,A/T,Black,Gray,At least 1 accident or damage reported,Yes,45998,6,5502.0,1.1943189489536272,1,1
Mercedes-Benz,Sprinter 2500 Standard Roof,2022,4590,Gasoline,188.0HP 2.0L 4 Cylinder Engine Gasoline Fuel,A/T,White,Black,None reported,Yes,64000,3,1147.5,13.943355119825709,0,1
RAM,2500 Big Horn,2019,97000,Diesel,370.0HP 6.7L Straight 6 Cylinder Engine Diesel Fuel,A/T,White,Gray,At least 1 accident or damage reported,Yes,45000,6,13857.142857142857,0.4639175257731959,1,1
BMW,328 i xDrive,2011,110000,Gasoline,230.0HP 3.0L Straight 6 Cylinder Engine Gasoline Fuel,6-Speed A/T,Black,Beige,At least 1 accident or damage reported,Yes,6000,14,7333.333333333333,0.05454545454545454,1,1
Ford,Explorer XLT,2017,53000,E85 Flex Fuel,290.0HP 3.5L V6 Cylinder Engine Flex Fuel Capability,6-Speed A/T,Red,Gray,At least 1 accident or damage reported,Yes,25000,8,5888.888888888889,0.4716981132075472,1,1
Chevrolet,Suburban LTZ,2016,110000,E85 Flex Fuel,355.0HP 5.3L 8 Cylinder Engine Flex Fuel Capability,A/T,Brown,Brown,None reported,Yes,30999,9,11000.0,0.2818090909090909,0,1
Mazda,MX-5 Miata Sport,2006,218000,Gasoline,170.0HP 2.0L 4 Cylinder Engine Gasoline Fuel,6-Speed M/T,Black,Black,At least 1 accident or damage reported,Yes,4999,19,10900.0,0.022931192660550458,1,0
INFINITI,G35 Base,2003,106500,Gasoline,280.0HP 3.5L V6 Cylinder Engine Gasoline Fuel,6-Speed M/T,Red,Beige,None reported,Yes,9500,22,4630.434782608696,0.0892018779342723,0,0
Chevrolet,Express 2500 Work Van,2012,140500,E85 Flex Fuel,324.0HP 6.0L 8 Cylinder Engine Flex Fuel Capability,A/T,White,Gray,None reported,Yes,11800,13,10035.714285714286,0.08398576512455516,0,1
Ford,Explorer Eddie Bauer,2010,144200,Gasoline,210.0HP 4.0L V6 Cylinder Engine Gasoline Fuel,5-Speed A/T,Black,Beige,None reported,Yes,9999,15,9012.5,0.06934119278779473,0,1
Chevrolet,Suburban RST,2022,21400,Diesel,277.0HP 3.0L Straight 6 Cylinder Engine Diesel Fuel,10-Speed A/T,Gray,Black,None reported,Yes,69000,3,5350.0,3.2242990654205608,0,1
Mercedes-Benz,GL-Class GL 550 4MATIC,2015,130000,Gasoline,429.0HP 4.7L 8 Cylinder Engine Gasoline Fuel,7-Speed A/T,Blue,Black,None reported,Yes,24500,10,11818.181818181818,0.18846153846153846,0,1
Ford,Focus SE,2012,108045,Gasoline,160.0HP 2.0L 4 Cylinder Engine Gasoline Fuel,6-Speed A/T,Blue,Gray,None reported,Yes,6500,13,7717.5,0.06016011846915637,0,1
Subaru,Crosstrek Premium,2022,10000,Gasoline,152.0HP 2.0L 4 Cylinder Engine Gasoline Fuel,CVT Transmission,White,Black,None reported,Yes,28000,3,2500.0,2.8,0,0
Hyundai,Genesis Coupe 3.8 Track,2011,75000,Gasoline,306.0HP 3.8L V6 Cylinder Engine Gasoline Fuel,Transmission w/Dual Shift Mode,Red,Black,At least 1 accident or damage reported,Yes,12000,14,5000.0,0.16,1,0
Chrysler,Town & Country LX,2009,73500,Gasoline,170.0HP 3.3L V6 Cylinder Engine Gasoline Fuel,A/T,Silver,Gray,At least 1 accident or damage reported,Yes,7858,16,4323.529411764706,0.10691156462585034,1,1
Porsche,Panamera Turbo,2018,29850,Gasoline,550.0HP 4.0L 8 Cylinder Engine Gasoline Fuel,8-Speed A/T,Silver,Red,None reported,Yes,89750,7,3731.25,3.006700167504188,0,1
Honda,Pilot EX-L,2016,135350,Gasoline,280.0HP 3.5L V6 Cylinder Engine Gasoline Fuel,6-Speed A/T,White,Beige,At least 1 accident or damage reported,Yes,19900,9,13535.0,0.14702622829700776,1,1
Mercedes-Benz,GLC 300 GLC 300,2022,16983,Gasoline,2.0 Liter Turbo,Automatic,Black,Black,None reported,Yes,40998,3,4245.75,2.4140611199434727,0,1
Audi,A8 L 55,2019,35580,Hybrid,335.0HP 3.0L V6 Cylinder Engine Gasoline/Mild Electric Hybrid,8-Speed A/T,Black,Black,None reported,Yes,49500,6,5082.857142857143,1.391231028667791,0,1
Ford,Edge SE,2020,71200,Gasoline,250.0HP 2.0L 4 Cylinder Engine Gasoline Fuel,8-Speed A/T,White,Beige,None reported,Yes,18900,5,11866.666666666666,0.2654494382022472,0,1
Dodge,Durango GT,2022,24778,Gasoline,3.6L V6 24V MPFI DOHC,8-Speed Automatic,Octane Red Pearlcoat,Black,At least 1 accident or damage reported,Yes,36599,3,6194.5,1.4770764387763338,1,1
BMW,328 i,2015,109330,Gasoline,240.0HP 2.0L 4 Cylinder Engine Gasoline Fuel,A/T,Black,Beige,None reported,Yes,13349,10,9939.09090909091,0.12209823470227751,0,1
Alfa,Romeo Stelvio Ti,2023,6645,Gasoline,2.0L I4 16V GDI SOHC Turbo,8-Speed Automatic,Alfa White,Black,None reported,Yes,43900,2,2215.0,6.606471030850264,0,1
Mercedes-Benz,GL-Class GL 450 4MATIC,2007,90400,Gasoline,335.0HP 4.7L 8 Cylinder Engine Gasoline Fuel,7-Speed A/T,Silver,Beige,None reported,Yes,10199,18,4757.894736842105,0.112820796460177,0,1
Ford,Ranger XLT SuperCab,2002,192100,Gasoline,207.0HP 4.0L V6 Cylinder Engine Gasoline Fuel,5-Speed A/T,Gold,Beige,At least 1 accident or damage reported,Yes,6450,23,8004.166666666667,0.03357626236335242,1,1
BMW,M3 CS,2018,32000,Gasoline,453.0HP 3.0L Straight 6 Cylinder Engine Gasoline Fuel,Transmission w/Dual Shift Mode,White,Black,None reported,Yes,70000,7,4000.0,2.1875,0,0
Volkswagen,Golf GTI 2.0T Autobahn,2022,6400,Gasoline,241.0HP 2.0L 4 Cylinder Engine Gasoline Fuel,A/T,Green,Black,None reported,Yes,41500,3,1600.0,6.484375,0,1
Toyota,4Runner SR5 Premium,2021,36180,Gasoline,270.0HP 4.0L V6 Cylinder Engine Gasoline Fuel,A/T,Black,–,None reported,Yes,36990,4,7236.0,1.0223880597014925,0,1
GMC,Yukon SLT,2014,142400,E85 Flex Fuel,320.0HP 5.3L 8 Cylinder Engine Flex Fuel Capability,A/T,Black,Black,At least 1 accident or damage reported,Yes,13500,11,11866.666666666666,0.09480337078651685,1,1
Cadillac,ATS 2.0L Turbo Luxury,2016,83000,Gasoline,272.0HP 2.0L 4 Cylinder Engine Gasoline Fuel,8-Speed A/T,Red,Beige,None reported,Yes,16500,9,8300.0,0.19879518072289157,0,1
Nissan,Xterra S,2012,80000,Gasoline,261.0HP 4.0L V6 Cylinder Engine Gasoline Fuel,A/T,Black,Gray,None reported,Yes,14800,13,5714.285714285715,0.185,0,1
Ford,Bronco Badlands,2021,32437,Gasoline,315.0HP 2.7L V6 Cylinder Engine Gasoline Fuel,10-Speed A/T,Gray,Black,None reported,Yes,51000,4,6487.4,1.57227857076795,0,1
BMW,328 i,2011,67500,Gasoline,230.0HP 3.0L Straight 6 Cylinder Engine Gasoline Fuel,6-Speed A/T,White,Beige,None reported,Yes,18000,14,4500.0,0.26666666666666666,0,1
Toyota,4Runner Limited,2021,25882,Gasoline,"4L V-6 DOHC, VVT-i variable valve control, engine with 270HP",Automatic,Midnight Black Metallic,–,None reported,Yes,43837,4,5176.4,1.6937253689823044,0,1
Porsche,911 Turbo,2018,12088,Gasoline,540.0HP 3.8L Flat 6 Cylinder Engine Gasoline Fuel,A/T,Gray,Black,None reported,Yes,169000,7,1511.0,13.980807412309728,0,1
Toyota,Tundra SR5 Double Cab,2005,170000,Gasoline,282.0HP 4.7L 8 Cylinder Engine Gasoline Fuel,A/T,Silver,Beige,At least 1 accident or damage reported,Yes,11200,20,8095.238095238095,0.06588235294117648,1,1
Ford,F-250 Lariat,2023,3763,Diesel,475.0HP 6.7L 8 Cylinder Engine Diesel Fuel,10-Speed A/T,Red,Black,None reported,Yes,92000,2,1254.3333333333333,24.44857826202498,0,1
Land,Rover Range Rover Velar P380 S,2018,46000,Gasoline,380.0HP 3.0L V6 Cylinder Engine Gasoline Fuel,A/T,Red,Beige,None reported,Yes,40000,7,5750.0,0.8695652173913043,0,1
Ford,F-250 XLT Crew Cab Super Duty,2008,190321,Diesel,350.0HP 6.4L 8 Cylinder Engine Diesel Fuel,A/T,White,Beige,None reported,Yes,15900,17,10573.388888888889,0.08354306671360491,0,1
Porsche,Macan S,2018,40950,Gasoline,340.0HP 3.0L V6 Cylinder Engine Gasoline Fuel,7-Speed A/T,Black,Black,None reported,Yes,39750,7,5118.75,0.9706959706959707,0,1
Mercedes-Benz,C-Class C 63 AMG,2014,42000,Gasoline,451.0HP 6.2L 8 Cylinder Engine Gasoline Fuel,7-Speed A/T,Gray,Black,None reported,Yes,45000,11,3500.0,1.0714285714285714,0,1
Nissan,Pathfinder S,2014,135000,Gasoline,260.0HP 3.5L V6 Cylinder Engine Gasoline Fuel,A/T,White,Brown,None reported,Yes,8500,11,11250.0,0.06296296296296296,0,1
Jeep,Gladiator Overland,2020,20655,Gasoline,3.6L V6 24V MPFI DOHC,8-Speed Automatic,Firecracker Red Clearcoat,Black,None reported,Yes,42850,5,3442.5,2.074558218349068,0,1
Porsche,911 Carrera S,2023,1877,Gasoline,443.0HP 3.0L Flat 6 Cylinder Engine Gasoline Fuel,8-Speed A/T,Red,Red,None reported,Yes,185950,2,625.6666666666666,99.06766116142781,0,1
Ford,F-250 XLT,2019,33000,Diesel,450.0HP 6.7L 8 Cylinder Engine Diesel Fuel,6-Speed A/T,Black,Gray,None reported,Yes,59000,6,4714.285714285715,1.7878787878787878,0,1
Ford,Fusion SE,2016,68000,Gasoline,175.0HP 2.5L 4 Cylinder Engine Gasoline Fuel,A/T,Black,Black,None reported,Yes,12500,9,6800.0,0.18382352941176472,0,1
Honda,Accord Sport,2013,405000,Gasoline,185.0HP 2.4L 4 Cylinder Engine Gasoline Fuel,CVT Transmission,Black,Black,None reported,Yes,6000,12,31153.846153846152,0.014814814814814815,0,0
BMW,330 i xDrive,2018,117000,Gasoline,248.0HP 2.0L 4 Cylinder Engine Gasoline Fuel,8-Speed A/T,Black,Beige,None reported,Yes,17000,7,14625.0,0.1452991452991453,0,1
Acura,MDX Sport,2007,183455,Gasoline,300.0HP 3.7L V6 Cylinder Engine Gasoline Fuel,5-Speed A/T,White,Beige,At least 1 accident or damage reported,Yes,7700,18,9655.526315789473,0.04197214575781527,1,1
Chevrolet,Suburban Premier,2021,51890,Gasoline,5.3L V8 16V GDI OHV,10-Speed Automatic,Shadow Gray Metallic,Jet Black,None reported,Yes,59980,4,10378.0,1.1559067257660436,0,1
Chevrolet,Suburban High Country,2021,59528,Gasoline,6.2L V8 16V GDI OHV,10-Speed Automatic,Satin Steel Metallic,Jet Black,None reported,Yes,68995,4,11905.6,1.1590344039779599,0,1
Cadillac,CTS-V Base,2006,123000,Gasoline,400.0HP 6.0L 8 Cylinder Engine Gasoline Fuel,6-Speed M/T,Black,Black,None reported,Yes,15000,19,6150.0,0.12195121951219512,0,0
Kia,Niro EV EX,2022,20000,Gasoline,201.0HP Electric Motor Electric Fuel System,1-Speed A/T,Silver,Black,None reported,Yes,29998,3,5000.0,1.4999,0,1
BMW,X3 xDrive30i,2021,38352,Gasoline,2.0L I4 16V GDI DOHC Turbo,8-Speed Automatic,Phytonic Blue Metallic,Canberra Beige,None reported,Yes,37400,4,7670.4,0.975177304964539,0,1
Porsche,Taycan Base,2021,13344,Gasoline,321.0HP Electric Motor Electric Fuel System,2-Speed A/T,Black,Beige,At least 1 accident or damage reported,Yes,83499,4,2668.8,6.257419064748201,1,1
Honda,S2000 CR,2008,44300,Gasoline,237.0HP 2.2L 4 Cylinder Engine Gasoline Fuel,M/T,Yellow,Black,None reported,Yes,62000,17,2461.1111111111113,1.399548532731377,0,0
Lexus,HS 250h Premium,2010,123500,Hybrid,147.0HP 2.4L 4 Cylinder Engine Gas/Electric Hybrid,A/T,Red,Black,At least 1 accident or damage reported,Yes,9500,15,7718.75,0.07692307692307693,1,1
Lincoln,Navigator Base,2013,134000,E85 Flex Fuel,310.0HP 5.4L 8 Cylinder Engine Flex Fuel Capability,6-Speed A/T,Red,Black,None reported,Yes,21500,12,10307.692307692309,0.16044776119402984,0,1
Ford,F-150 XLT,2020,57000,Gasoline,375.0HP 3.5L V6 Cylinder Engine Gasoline Fuel,10-Speed A/T,Gray,Gray,At least 1 accident or damage reported,Yes,37500,5,9500.0,0.6578947368421053,1,1
Kia,K5 GT-Line,2021,100312,Gasoline,1.6L I4 16V GDI DOHC Turbo,8-Speed Automatic,Wolf Gray,Black,None reported,Yes,19980,4,20062.4,0.19917856288380253,0,1
Bentley,Continental GT W12,2021,16146,Gasoline,"6L W-12 port/direct injection, DOHC, variable valve control, twi",Automatic,Fountain Blue,Linen,None reported,Yes,239991,4,3229.2,14.863805276848755,0,1
Tesla,Model S Performance,2012,61000,Gasoline,416.0HP Electric Motor Electric Fuel System,A/T,Green,Black,None reported,Yes,29000,13,4357.142857142857,0.47540983606557374,0,1
BMW,Z4 sDrive28i,2014,15889,Gasoline,240.0HP 2.0L 4 Cylinder Engine Gasoline Fuel,8-Speed A/T,Blue,Beige,None reported,Yes,34500,11,1324.0833333333333,2.1713134873182707,0,1
BMW,528 i xDrive,2015,125500,Gasoline,240.0HP 2.0L 4 Cylinder Engine Gasoline Fuel,A/T,Black,Black,At least 1 accident or damage reported,Yes,12950,10,11409.09090909091,0.10318725099601593,1,1
Ford,Expedition Limited,2013,163500,E85 Flex Fuel,310.0HP 5.4L 8 Cylinder Engine Flex Fuel Capability,A/T,Gray,Black,None reported,Yes,16490,12,12576.923076923076,0.10085626911314985,0,1
Buick,Enclave Leather,2015,89726,Gasoline,288.0HP 3.6L V6 Cylinder Engine Gasoline Fuel,A/T,White,Brown,None reported,Yes,16000,10,8156.909090909091,0.17832066513608097,0,1
Mercedes-Benz,SL-Class SL600 Roadster,2005,93000,Gasoline,493.0HP 5.5L 12 Cylinder Engine Gasoline Fuel,A/T,Black,Black,None reported,Yes,22500,20,4428.571428571428,0.24193548387096775,0,1
MINI,Cooper S Base,2012,128000,Gasoline,181.0HP 1.6L 4 Cylinder Engine Gasoline Fuel,6-Speed A/T,Black,Black,None reported,Yes,8500,13,9142.857142857143,0.06640625,0,1
Porsche,Cayenne Turbo,2017,70800,Gasoline,520.0HP 4.8L 8 Cylinder Engine Gasoline Fuel,Transmission w/Dual Shift Mode,White,Black,None reported,Yes,52999,8,7866.666666666667,0.7485734463276836,0,0
Saturn,Vue Hybrid Base,2009,115000,Hybrid,172.0HP 2.4L 4 Cylinder Engine Gas/Electric Hybrid,A/T,Blue,Beige,None reported,Yes,4400,16,6764.705882352941,0.03826086956521739,0,1
RAM,2500 Laramie,2018,98650,Diesel,350.0HP 6.7L Straight 6 Cylinder Engine Diesel Fuel,6-Speed A/T,Black,Black,None reported,Yes,56750,7,12331.25,0.5752660922453117,0,1
RAM,1500 Limited,2019,87768,Hybrid,395.0HP 5.7L 8 Cylinder Engine Gasoline/Mild Electric Hybrid,A/T,Silver,Black,None reported,Yes,44000,6,12538.285714285714,0.5013216662109197,0,1
Chevrolet,Traverse RS,2023,6000,Gasoline,310.0HP 3.6L V6 Cylinder Engine Gasoline Fuel,9-Speed A/T,Gray,Black,None reported,Yes,48500,2,2000.0,8.083333333333334,0,1
Lexus,RX 350 F SPORT Appearance,2021,28262,Gasoline,3.5 Liter,Automatic,Obsidian,–,None reported,Yes,49998,4,5652.4,1.7690892364305428,0,1
Mazda,CX-50 2.5 Turbo Premium Package,2023,16200,Gasoline,227.0HP 2.5L 4 Cylinder Engine Gasoline Fuel,6-Speed A/T,Blue,Beige,None reported,Yes,36900,2,5400.0,2.2777777777777777,0,1
Cadillac,SRX Luxury Collection,2012,87500,E85 Flex Fuel,308.0HP 3.6L V6 Cylinder Engine Flex Fuel Capability,A/T,White,Beige,None reported,Yes,11499,13,6250.0,0.13141714285714284,0,1
FIAT,500 Lounge,2013,85458,Gasoline,101.0HP 1.4L 4 Cylinder Engine Gasoline Fuel,A/T,White,Beige,None reported,Yes,9000,12,6573.692307692308,0.10531489152566173,0,1
Mercedes-Benz,EQS 450+ Base,2022,16500,Gasoline,329.0HP Electric Motor Electric Fuel System,A/T,Blue,White,None reported,Yes,69500,3,4125.0,4.212121212121212,0,1
MINI,Cooper S Clubman Base,2009,83853,Gasoline,172.0HP 1.6L 4 Cylinder Engine Gasoline Fuel,6-Speed M/T,Gray,Black,At least 1 accident or damage reported,Yes,6950,16,4932.529411764706,0.0828831407343804,1,0
BMW,X6 M50i,2022,22500,Gasoline,523.0HP 4.4L 8 Cylinder Engine Gasoline Fuel,Transmission w/Dual Shift Mode,Black,–,At least 1 accident or damage reported,Yes,74999,3,5625.0,3.3332888888888887,1,0
Lexus,LS 460 Base,2013,99524,Gasoline,386.0HP 4.6L 8 Cylinder Engine Gasoline Fuel,8-Speed A/T,Gray,Black,At least 1 accident or damage reported,Yes,24900,12,7655.692307692308,0.25019090872553357,1,1
Genesis,GV80 2.5T,2023,8100,Gasoline,300.0HP 2.5L 4 Cylinder Engine Gasoline Fuel,Transmission w/Dual Shift Mode,Silver,Beige,None reported,Yes,57300,2,2700.0,7.074074074074074,0,0
MINI,Hardtop Cooper S,2016,43073,Gasoline,2.0L I4 16V GDI DOHC Turbo,6-Speed Automatic,Volcanic Orange,Carbon Black,None reported,Yes,17999,9,4307.3,0.41787198477004156,0,1
Land,Rover Range Rover Velar R-Dynamic S,2023,12425,Gasoline,I4,Automatic,Firenze Red,Ebony,None reported,Yes,57619,2,4141.666666666667,4.637344064386318,0,1
BMW,530 i xDrive,2020,23195,Gasoline,2.0L I4 16V GDI DOHC Turbo,8-Speed Automatic,Dark Graphite Metallic,Black,None reported,Yes,38900,5,3865.8333333333335,1.677085578788532,0,1
Jeep,Grand Cherokee Laredo,2011,118000,Gasoline,360.0HP 5.7L 8 Cylinder Engine Gasoline Fuel,A/T,Gold,Black,At least 1 accident or damage reported,Yes,12500,14,7866.666666666667,0.1059322033898305,1,1
Toyota,Tacoma SR5,2018,65290,Gasoline,278.0HP 3.5L V6 Cylinder Engine Gasoline Fuel,6-Speed A/T,Blue,Black,At least 1 accident or damage reported,Yes,26450,7,8161.25,0.4051156379231123,1,1
Porsche,911 Carrera Cabriolet,2001,47885,Gasoline,300.0HP 3.4L Flat 6 Cylinder Engine Gasoline Fuel,6-Speed M/T,Gray,Black,None reported,Yes,31995,24,1915.4,0.6681633079252376,0,0
Jeep,Gladiator Sport S,2020,13000,Gasoline,285.0HP 3.6L V6 Cylinder Engine Gasoline Fuel,8-Speed A/T,Gray,–,None reported,Yes,39500,5,2166.6666666666665,3.0384615384615383,0,1
Dodge,Challenger SRT Hellcat,2018,29475,Gasoline,707.0HP 6.2L 8 Cylinder Engine Gasoline Fuel,8-Speed A/T,Orange,Black,None reported,Yes,62999,7,3684.375,2.137370653095844,0,1
Jeep,Renegade Trailhawk,2017,78717,Gasoline,180.0HP 2.4L 4 Cylinder Engine Gasoline Fuel,A/T,Black,Black,None reported,Yes,17500,8,8746.333333333334,0.2223153829541268,0,1
Ford,F-150 Lariat,2021,9142,Hybrid,430.0HP 3.5L V6 Cylinder Engine Gas/Electric Hybrid,10-Speed A/T,Black,Gray,None reported,Yes,61500,4,1828.4,6.727193174360096,0,1
Jaguar,XF Premium,2011,106000,Gasoline,385.0HP 5.0L 8 Cylinder Engine Gasoline Fuel,6-Speed A/T,Brown,Beige,At least 1 accident or damage reported,Yes,9400,14,7066.666666666667,0.08867924528301886,1,1
RAM,1500 Laramie,2022,3521,Gasoline,5.7L V8 16V MPFI OHV,Automatic,Diamond Black,Black,None reported,Yes,51074,3,880.25,14.505538199375177,0,1
Volkswagen,Golf GTI 2.0T SE 4-Door,2016,90000,Gasoline,210.0HP 2.0L 4 Cylinder Engine Gasoline Fuel,6-Speed A/T,Gray,Black,None reported,Yes,16750,9,9000.0,0.18611111111111112,0,1
Porsche,Macan Turbo,2016,46000,Gasoline,400.0HP 3.6L V6 Cylinder Engine Gasoline Fuel,Transmission w/Dual Shift Mode,Gray,–,None reported,Yes,38000,9,4600.0,0.8260869565217391,0,0
BMW,X4 M Competition,2020,18362,Gasoline,503.0HP 3.0L Straight 6 Cylinder Engine Gasoline Fuel,A/T,Black,Orange,None reported,Yes,60000,5,3060.3333333333335,3.267617906546128,0,1
Lexus,RX 350 Base,2013,164500,Gasoline,270.0HP 3.5L V6 Cylinder Engine Gasoline Fuel,6-Speed A/T,White,Black,At least 1 accident or damage reported,Yes,16500,12,12653.846153846154,0.10030395136778116,1,1
GMC,Terrain SLT,2020,55018,Gasoline,170.0HP 1.5L 4 Cylinder Engine Gasoline Fuel,9-Speed A/T,Black,Black,At least 1 accident or damage reported,Yes,25500,5,9169.666666666666,0.46348467774182994,1,1
Nissan,Maxima SV,2022,36466,Gasoline,3.5L V6 24V GDI DOHC,Automatic CVT,Brilliant Silver Metallic,Charcoal,None reported,Yes,24980,3,9116.5,0.6850216640157956,0,1
Volvo,S60 B5 Inscription,2022,14280,Hybrid,247.0HP 2.0L 4 Cylinder Engine Gasoline/Mild Electric Hybrid,A/T,Blue,Black,None reported,Yes,36500,3,3570.0,2.5560224089635852,0,1
Subaru,Outback 2.5i Premium,2013,116000,Gasoline,173.0HP 2.5L 4 Cylinder Engine Gasoline Fuel,A/T,Blue,Beige,At least 1 accident or damage reported,Yes,12500,12,8923.076923076924,0.10775862068965517,1,1
RAM,1500 Laramie,2022,16184,Gasoline,5.7L V8 16V MPFI OHV,8-Speed Automatic,Granite Crystal Clearcoat Metallic,Black,None reported,Yes,46999,3,4046.0,2.904041028175976,0,1
Porsche,Boxster Base,1997,132800,Gasoline,201.0HP 2.5L Flat 6 Cylinder Engine Gasoline Fuel,5-Speed M/T,Red,Beige,None reported,Yes,8500,28,4579.310344827586,0.06400602409638555,0,0
Ford,Explorer XLT,2020,45000,Gasoline,300.0HP 2.3L 4 Cylinder Engine Gasoline Fuel,10-Speed A/T,Silver,Black,None reported,Yes,33500,5,7500.0,0.7444444444444445,0,1
Ford,F-150 Lariat,2013,102000,Gasoline,365.0HP 3.5L V6 Cylinder Engine Gasoline Fuel,6-Speed A/T,White,Black,None reported,Yes,23000,12,7846.153846153846,0.22549019607843138,0,1
Ford,Excursion XLS,2004,163000,Diesel,325.0HP 6.0L 8 Cylinder Engine Diesel Fuel,5-Speed A/T,Silver,Gray,At least 1 accident or damage reported,Yes,18000,21,7409.090909090909,0.11042944785276074,1,1
BMW,M8 Competition,2023,3500,Gasoline,617.0HP 4.4L 8 Cylinder Engine Gasoline Fuel,8-Speed A/T,Gray,Gray,None reported,Yes,129000,2,1166.6666666666667,36.857142857142854,0,1
Porsche,Panamera GTS,2016,42526,Gasoline,440.0HP 4.8L 8 Cylinder Engine Gasoline Fuel,7-Speed A/T,Blue,Black,None reported,Yes,66200,9,4252.6,1.556694727931148,0,1
Mazda,Mazda3 i Touring,2012,144900,Gasoline,155.0HP 2.0L 4 Cylinder Engine Gasoline Fuel,Transmission w/Dual Shift Mode,Black,–,None reported,Yes,6000,13,10350.0,0.041407867494824016,0,0
GMC,Sierra 1500 SLT,2016,85000,Gasoline,355.0HP 5.3L 8 Cylinder Engine Gasoline Fuel,A/T,White,Black,None reported,Yes,32750,9,8500.0,0.38529411764705884,0,1
Mercedes-Benz,Sprinter 2500 Standard Roof,2022,16113,Diesel,188.0HP 3.0L V6 Cylinder Engine Diesel Fuel,A/T,Gray,Black,None reported,Yes,111000,3,4028.25,6.888847514429343,0,1
Mercedes-Benz,GL-Class GL 450,2011,93000,Gasoline,335.0HP 4.7L 8 Cylinder Engine Gasoline Fuel,A/T,Gray,Beige,At least 1 accident or damage reported,Yes,11900,14,6200.0,0.12795698924731183,1,1
RAM,1500 Big Horn,2022,11468,Gasoline,5.7L V8 16V MPFI OHV,Automatic,Bright White Clearcoat,Black,None reported,Yes,50204,3,2867.0,4.377746773630973,0,1
Lexus,NX 300 Base,2019,25470,Gasoline,235.0HP 2.0L 4 Cylinder Engine Gasoline Fuel,Transmission w/Dual Shift Mode,Silver,Red,None reported,Yes,32500,6,3638.5714285714284,1.276010993325481,0,0
BMW,435 i xDrive,2014,90347,Gasoline,300.0HP 3.0L Straight 6 Cylinder Engine Gasoline Fuel,8-Speed A/T,Silver,Black,None reported,Yes,21800,11,7528.916666666667,0.24129190786633756,0,1
GMC,Yukon SLE,2017,96000,Gasoline,355.0HP 5.3L 8 Cylinder Engine Gasoline Fuel,A/T,Gray,Black,None reported,Yes,34000,8,10666.666666666666,0.3541666666666667,0,1
Honda,Pilot EX-L,2016,80500,Gasoline,280.0HP 3.5L V6 Cylinder Engine Gasoline Fuel,6-Speed A/T,Gray,Black,None reported,Yes,23000,9,8050.0,0.2857142857142857,0,1
Audi,A5 Sportback S line Premium Plus,2021,35000,Hybrid,261.0HP 2.0L 4 Cylinder Engine Gasoline/Mild Electric Hybrid,7-Speed A/T,Black,Black,None reported,Yes,37499,4,7000.0,1.0714,0,1
Porsche,911 Carrera,1995,49900,–,–,6-Speed M/T,Silver,Gray,At least 1 accident or damage reported,Yes,97993,30,1609.6774193548388,1.9637875751503007,1,0
Honda,Civic Sport,2020,121212,Gasoline,1.5L I4 16V GDI DOHC Turbo,Automatic CVT,White,Sport,At least 1 accident or damage reported,Yes,18387,5,20202.0,0.1516929016929017,1,1
Mercedes-Benz,G 550 4x4 Squared Base,2018,14381,Gasoline,4.0L V8 32V GDI DOHC Twin Turbo,7-Speed Automatic,Designo Magno Matte,Black,None reported,Yes,204900,7,1797.625,14.24796606633753,0,1
Porsche,Panamera Platinum Edition,2022,13500,Gasoline,325.0HP 2.9L V6 Cylinder Engine Gasoline Fuel,8-Speed A/T,Green,Black,None reported,Yes,86999,3,3375.0,6.44437037037037,0,1
BMW,740e xDrive iPerformance,2019,33214,Plug-In Hybrid,322.0HP 2.0L 4 Cylinder Engine Plug-In Electric/Gas,A/T,White,Black,None reported,Yes,43500,6,4744.857142857143,1.3096886854940688,0,1
Ford,F-250 XLT,2017,29719,E85 Flex Fuel,385.0HP 6.2L 8 Cylinder Engine Flex Fuel Capability,A/T,White,Gray,None reported,Yes,31000,8,3302.1111111111113,1.0431037383492041,0,1
Lincoln,Corsair Standard,2022,4520,Gasoline,250.0HP 2.0L 4 Cylinder Engine Gasoline Fuel,8-Speed A/T,Beige,Beige,None reported,Yes,38500,3,1130.0,8.517699115044248,0,1
Hyundai,Sonata Sport,2017,84129,Gasoline,2.4L I4 16V GDI DOHC,6-Speed Automatic,Phantom Black,Graphite,None reported,Yes,14599,8,9347.666666666666,0.17353112482021657,0,1
Nissan,Maxima 3.5 SR,2019,72150,Gasoline,300.0HP 3.5L V6 Cylinder Engine Gasoline Fuel,CVT Transmission,White,Black,At least 1 accident or damage reported,Yes,26999,6,10307.142857142857,0.3742065142065142,1,0
GMC,Yukon SLT,2015,94500,Gasoline,355.0HP 5.3L 8 Cylinder Engine Gasoline Fuel,A/T,White,Beige,At least 1 accident or damage reported,Yes,30000,10,8590.90909090909,0.31746031746031744,1,1
Mercedes-Benz,GLS 550 Base 4MATIC,2017,88454,Gasoline,449.0HP 4.7L 8 Cylinder Engine Gasoline Fuel,9-Speed A/T,White,Beige,None reported,Yes,39999,8,9828.222222222223,0.452201144097497,0,1
Cadillac,CTS Base,2010,81696,Gasoline,270.0HP 3.0L V6 Cylinder Engine Gasoline Fuel,6-Speed A/T,Silver,Beige,At least 1 accident or damage reported,Yes,9499,15,5106.0,0.11627252252252253,1,1
Cadillac,CTS Base,2005,94100,Gasoline,255.0HP 3.6L V6 Cylinder Engine Gasoline Fuel,6-Speed M/T,White,Beige,None reported,Yes,6099,20,4480.952380952381,0.06481402763018065,0,0
Ford,Explorer Limited,2022,17500,Hybrid,318.0HP 3.3L V6 Cylinder Engine Gas/Electric Hybrid,10-Speed A/T,White,Black,None reported,Yes,46000,3,4375.0,2.6285714285714286,0,1
Acura,RDX,2016,132252,Gasoline,3.5 Liter,Automatic,Crystal Black,Black,None reported,Yes,18998,9,13225.2,0.14365000151226445,0,1
Toyota,Highlander XLE,2022,4437,Gasoline,295.0HP 3.5L V6 Cylinder Engine Gasoline Fuel,Transmission w/Dual Shift Mode,Gray,Black,None reported,Yes,42000,3,1109.25,9.465855307640297,0,0
Volkswagen,Golf GTI 2.0T SE 4-Door,2018,70500,Gasoline,220.0HP 2.0L 4 Cylinder Engine Gasoline Fuel,Transmission w/Dual Shift Mode,White,Black,None reported,Yes,23000,7,8812.5,0.3262411347517731,0,0
Nissan,Pickup Truck XE,1994,89144,–,–,A/T,Red,Gray,None reported,Yes,5899,31,2785.75,0.06617383110472942,0,1
Toyota,Corolla CE,2008,170000,Gasoline,126.0HP 1.8L 4 Cylinder Engine Gasoline Fuel,A/T,Gray,Gray,None reported,Yes,5199,17,9444.444444444445,0.03058235294117647,0,1
Honda,Element EX,2008,122000,Gasoline,166.0HP 2.4L 4 Cylinder Engine Gasoline Fuel,A/T,Blue,Gray,None reported,Yes,10500,17,6777.777777777777,0.0860655737704918,0,1
Toyota,Camry Solara SE,2008,57852,Gasoline,210.0HP 3.3L V6 Cylinder Engine Gasoline Fuel,A/T,Silver,Gray,None reported,Yes,13900,17,3214.0,0.24026827075987,0,1
Hyundai,Genesis 4.6,2010,120321,Gasoline,378.0HP 4.6L 8 Cylinder Engine Gasoline Fuel,Transmission w/Dual Shift Mode,White,Beige,None reported,Yes,10500,15,7520.0625,0.08726656194679233,0,0
BMW,325 Ci,2004,178000,Gasoline,184.0HP 2.5L Straight 6 Cylinder Engine Gasoline Fuel,5-Speed A/T,Blue,Brown,None reported,Yes,5750,21,8090.909090909091,0.032303370786516857,0,1
BMW,M3 Base,2002,60255,Gasoline,333.0HP 3.2L Straight 6 Cylinder Engine Gasoline Fuel,6-Speed M/T,Yellow,Black,None reported,Yes,28750,23,2510.625,0.47713882665338975,0,0
Land,Rover Range Rover Sport HSE Dynamic,2019,77690,Gasoline,380.0HP 3.0L V6 Cylinder Engine Gasoline Fuel,8-Speed A/T,White,Beige,None reported,Yes,43500,6,11098.57142857143,0.5599176213154846,0,1
Chevrolet,Corvette ZR-1,2009,18000,Gasoline,638.0HP 6.2L 8 Cylinder Engine Gasoline Fuel,6-Speed M/T,Gray,Black,None reported,Yes,78000,16,1058.8235294117646,4.333333333333333,0,0
Honda,Prelude Type SH,2001,125000,Gasoline,200.0HP 2.2L 4 Cylinder Engine Gasoline Fuel,5-Speed M/T,Red,Black,None reported,Yes,18000,24,5000.0,0.144,0,0
Lexus,NX 300 Base,2021,6449,Gasoline,2.0L I4 16V PDI DOHC Turbo,6-Speed Automatic,Silver,Black,At least 1 accident or damage reported,Yes,35999,4,1289.8,5.5821057528298965,1,1
Volkswagen,Golf GTI 2.0T SE 4-Door,2019,33000,Gasoline,228.0HP 2.0L 4 Cylinder Engine Gasoline Fuel,6-Speed M/T,Black,Black,None reported,Yes,27500,6,4714.285714285715,0.8333333333333334,0,0
Nissan,Armada LE,2009,87130,Gasoline,317.0HP 5.6L 8 Cylinder Engine Gasoline Fuel,A/T,Brown,Black,None reported,Yes,20000,16,5125.294117647059,0.2295420635831516,0,1
Lexus,SC 300 Base,1998,165000,Gasoline,225.0HP 3.0L Straight 6 Cylinder Engine Gasoline Fuel,A/T,Purple,Beige,None reported,Yes,8700,27,5892.857142857143,0.05272727272727273,0,1
Toyota,Camry Solara SLE,2008,73000,Gasoline,210.0HP 3.3L V6 Cylinder Engine Gasoline Fuel,5-Speed A/T,Blue,Beige,At least 1 accident or damage reported,Yes,11500,17,4055.5555555555557,0.15753424657534246,1,1
Porsche,Macan S,2020,22354,Gasoline,3.0L V6 24V GDI DOHC Turbo,7-Speed Automatic with Auto-Shift,Black,Black,None reported,Yes,54900,5,3725.6666666666665,2.455936297754317,0,1
Tesla,Model Y Performance,2023,6188,Gasoline,455.0HP Electric Motor Electric Fuel System,A/T,Gray,White,None reported,Yes,53900,2,2062.6666666666665,8.710407239819004,0,1
GMC,Terrain SLT,2019,60807,Gasoline,2.0L I4 16V GDI DOHC Turbo,9-Speed Automatic,Red Quartz Tintcoat,Medium Ash Gray,At least 1 accident or damage reported,Yes,25925,6,8686.714285714286,0.4263489400891345,1,1
Jeep,Compass Latitude,2014,105000,Gasoline,158.0HP 2.0L 4 Cylinder Engine Gasoline Fuel,A/T,Black,Black,None reported,Yes,10950,11,8750.0,0.10428571428571429,0,1
Audi,Q7 3.0T Prestige,2018,63400,Gasoline,333.0HP 3.0L V6 Cylinder Engine Gasoline Fuel,A/T,Black,Black,None reported,Yes,29900,7,7925.0,0.471608832807571,0,1
Ford,F-250 Platinum,2022,4500,Gasoline,430.0HP 7.3L 8 Cylinder Engine Gasoline Fuel,10-Speed A/T,Black,Black,None reported,Yes,86500,3,1125.0,19.22222222222222,0,1
Jeep,Gladiator Overland,2020,8025,Gasoline,3.6L V6 24V MPFI DOHC,8-Speed Automatic,Firecracker Red Clearcoat,Black,None reported,Yes,42433,5,1337.5,5.287601246105919,0,1
Lincoln,Navigator L Reserve,2019,49131,Gasoline,3.5L V6 24V PDI DOHC Twin Turbo,10-Speed Automatic,Tan,–,None reported,Yes,55460,6,7018.714285714285,1.1288188719952779,0,1
Tesla,Model X P100D,2017,100346,Gasoline,Electric Motor Electric Fuel System,1-Speed A/T,Silver,White,None reported,Yes,45999,8,11149.555555555555,0.4584039224283977,0,1
Mercedes-Benz,CLS-Class CLS 400 4MATIC,2016,62285,Gasoline,329.0HP 3.0L V6 Cylinder Engine Gasoline Fuel,7-Speed A/T,Black,Black,At least 1 accident or damage reported,Yes,29950,9,6228.5,0.48085413823553025,1,1
Lexus,RX 350 Base,2021,5040,Gasoline,295.0HP 3.5L V6 Cylinder Engine Gasoline Fuel,8-Speed A/T,Beige,Beige,At least 1 accident or damage reported,Yes,48900,4,1008.0,9.702380952380953,1,1
RAM,1500 Laramie,2022,12940,Gasoline,5.7L V8 16V MPFI OHV,8-Speed Automatic,Bright White Clearcoat,Black,At least 1 accident or damage reported,Yes,46999,3,3235.0,3.6320710973724886,1,1
Mitsubishi,Outlander Sport ES,2015,98385,Gasoline,166.0HP 2.4L 4 Cylinder Engine Gasoline Fuel,CVT Transmission,Silver,Black,At least 1 accident or damage reported,Yes,10500,10,8944.09090909091,0.10672358591248667,1,0
Hyundai,Sonata SE,2013,43903,Gasoline,200.0HP 2.4L 4 Cylinder Engine Gasoline Fuel,A/T,Red,Black,At least 1 accident or damage reported,Yes,12500,12,3377.153846153846,0.28471858415142476,1,1
Ford,Mustang EcoBoost Premium,2017,41650,Gasoline,310.0HP 2.3L 4 Cylinder Engine Gasoline Fuel,A/T,Blue,Black,None reported,Yes,23600,8,4627.777777777777,0.5666266506602641,0,1
BMW,X5 PHEV xDrive45e,2022,31850,Plug-In Hybrid,389.0HP 3.0L Straight 6 Cylinder Engine Plug-In Electric/Gas,Transmission w/Dual Shift Mode,White,Black,None reported,Yes,60500,3,7962.5,1.8995290423861853,0,0
Hyundai,Sonata Hybrid Limited,2013,96419,Hybrid,199.0HP 2.4L 4 Cylinder Engine Gas/Electric Hybrid,6-Speed A/T,Black,Gray,At least 1 accident or damage reported,Yes,14999,12,7416.846153846154,0.1555606260176936,1,1
Honda,Odyssey EX-L,2007,170000,Gasoline,244.0HP 3.5L V6 Cylinder Engine Gasoline Fuel,A/T,Black,Beige,None reported,Yes,7700,18,8947.368421052632,0.045294117647058825,0,1
Chevrolet,Colorado LT Crew Cab,2009,139000,Gasoline,300.0HP 5.3L 8 Cylinder Engine Gasoline Fuel,A/T,Black,Black,None reported,Yes,14500,16,8176.470588235294,0.10431654676258993,0,1
Buick,Enclave Premium,2016,134655,Gasoline,3.6L V6 24V GDI DOHC,6-Speed Automatic,Ebony Twilight Metallic,Ebony,None reported,Yes,18051,9,13465.5,0.1340536927704133,0,1
BMW,M235 i,2015,81000,Gasoline,320.0HP 3.0L Straight 6 Cylinder Engine Gasoline Fuel,6-Speed M/T,White,Red,None reported,Yes,27890,10,7363.636363636364,0.344320987654321,0,0
McLaren,720S Performance,2020,9989,Gasoline,710.0HP 4.0L 8 Cylinder Engine Gasoline Fuel,7-Speed A/T,Black,Black,None reported,Yes,324995,5,1664.8333333333333,32.53528881769947,0,1
Kia,Telluride SX,2022,46347,Gasoline,3.8L V6 24V GDI DOHC,8-Speed Automatic,Glacial White Pearl,Black,None reported,Yes,46120,3,11586.75,0.9951021641098668,0,1
Chevrolet,Corvette Base,2007,4048,Gasoline,400.0HP 6.0L 8 Cylinder Engine Gasoline Fuel,6-Speed M/T,Yellow,Gray,None reported,Yes,38000,18,213.05263157894737,9.387351778656127,0,0
Mercedes-Benz,S-Class S 63 AMG,2015,79876,Gasoline,577.0HP 5.5L 8 Cylinder Engine Gasoline Fuel,7-Speed A/T,Black,White,None reported,Yes,45750,10,7261.454545454545,0.5727627823125845,0,1
Toyota,Mirai Limited,2021,44000,not supported,182.0HP Electric Motor Hydrogen Fuel,A/T,Gray,Black,None reported,Yes,18500,4,8800.0,0.42045454545454547,0,1
Alfa,Romeo Giulia Ti,2017,56910,Gasoline,280.0HP 2.0L 4 Cylinder Engine Gasoline Fuel,Transmission w/Dual Shift Mode,Blue,Black,None reported,Yes,23000,8,6323.333333333333,0.4041468986118433,0,0
Land,Rover Range Rover Sport HSE,2019,65019,Gasoline,340.0HP 3.0L V6 Cylinder Engine Gasoline Fuel,A/T,Black,Beige,None reported,Yes,40500,6,9288.42857142857,0.6228948461219028,0,1
Nissan,370Z Touring,2009,133409,Gasoline,332.0HP 3.7L V6 Cylinder Engine Gasoline Fuel,6-Speed M/T,Silver,Gray,At least 1 accident or damage reported,Yes,14999,16,7847.588235294118,0.11242869671461446,1,0
BMW,330 i xDrive,2018,74381,Gasoline,248.0HP 2.0L 4 Cylinder Engine Gasoline Fuel,8-Speed A/T,White,Brown,At least 1 accident or damage reported,Yes,22995,7,9297.625,0.3091515306328229,1,1
Porsche,Macan,2023,2925,Gasoline,2.0L I4 16V GDI DOHC Turbo,7-Speed Automatic with Auto-Shift,Carrara White Metallic,Black,None reported,Yes,73300,2,975.0,25.05982905982906,0,1
BMW,128 i,2013,67874,Gasoline,230.0HP 3.0L Straight 6 Cylinder Engine Gasoline Fuel,6-Speed A/T,Gray,Black,None reported,Yes,18000,12,5221.076923076923,0.26519727730795295,0,1
Mercedes-Benz,AMG GLE 63 S Coupe 4MATIC,2018,71500,Gasoline,577.0HP 5.5L 8 Cylinder Engine Gasoline Fuel,7-Speed A/T,White,White,None reported,Yes,61000,7,8937.5,0.8531468531468531,0,1
Jeep,Wrangler Sport,2014,71000,Gasoline,285.0HP 3.6L V6 Cylinder Engine Gasoline Fuel,5-Speed A/T,Gray,Black,None reported,Yes,22000,11,5916.666666666667,0.30985915492957744,0,1
Ford,F-150 Raptor,2018,64517,Gasoline,450.0HP 3.5L V6 Cylinder Engine Gasoline Fuel,10-Speed A/T,Black,Black,None reported,Yes,47995,7,8064.625,0.7439124571818281,0,1
Dodge,Sprinter 2500 High Roof,2004,55000,Diesel,154.0HP 2.7L 5 Cylinder Engine Diesel Fuel,A/T,White,Gray,None reported,Yes,24000,21,2500.0,0.43636363636363634,0,1
BMW,M550 i xDrive,2019,7580,Gasoline,456.0HP 4.4L 8 Cylinder Engine Gasoline Fuel,Transmission w/Dual Shift Mode,Black,Black,None reported,Yes,51500,6,1082.857142857143,6.794195250659631,0,0
Hyundai,Sonata GLS,2010,135000,Gasoline,168.0HP 2.4L 4 Cylinder Engine Gasoline Fuel,Transmission w/Dual Shift Mode,Blue,Gray,None reported,Yes,3999,15,8437.5,0.029622222222222223,0,0
Honda,Accord EX-L,2019,62200,Gasoline,192.0HP 1.5L 4 Cylinder Engine Gasoline Fuel,A/T,White,Black,At least 1 accident or damage reported,Yes,21500,6,8885.714285714286,0.34565916398713825,1,1
Cadillac,CTS 3.6L Premium,2014,69001,Gasoline,321.0HP 3.6L V6 Cylinder Engine Gasoline Fuel,6-Speed A/T,Red,Black,None reported,Yes,19500,11,5750.083333333333,0.2826045999333343,0,1
Toyota,4Runner Venture Special Edition,2021,28567,Gasoline,"4L V-6 DOHC, VVT-i variable valve control, regular unleaded, eng",Automatic,–,Black/Graphite,None reported,Yes,44775,4,5713.4,1.5673679420310147,0,1
Jaguar,XJ8 L,2006,78049,Gasoline,300.0HP 4.2L 8 Cylinder Engine Gasoline Fuel,6-Speed A/T,White,Beige,None reported,Yes,13980,19,3902.45,0.17911824622993247,0,1
Ford,F-150 Lariat,2021,36821,Gasoline,3.5L V6 24V PDI DOHC Twin Turbo,Automatic,Agate Black Metallic,Black,None reported,Yes,49273,4,7364.2,1.338176584014557,0,1
Chevrolet,Suburban High Country,2021,23292,Gasoline,420.0HP 6.2L 8 Cylinder Engine Gasoline Fuel,10-Speed A/T,Brown,Black,None reported,Yes,73500,4,4658.4,3.1555899021123133,0,1
Chevrolet,Suburban 1500 LTZ,2010,162671,E85 Flex Fuel,320.0HP 5.3L 8 Cylinder Engine Flex Fuel Capability,A/T,Black,Black,None reported,Yes,12000,15,10166.9375,0.07376852665810132,0,1
Land,Rover LR2 HSE,2010,100472,Gasoline,230.0HP 3.2L Straight 6 Cylinder Engine Gasoline Fuel,6-Speed A/T,Gray,Beige,None reported,Yes,9975,15,6279.5,0.09928139183055976,0,1
Subaru,WRX Limited,2017,73120,Gasoline,268.0HP 2.0L 4 Cylinder Engine Gasoline Fuel,CVT Transmission,White,Black,At least 1 accident or damage reported,Yes,19950,8,8124.444444444444,0.27283916849015316,1,0
Ford,Expedition Timberline,2022,23300,Gasoline,440.0HP 3.5L V6 Cylinder Engine Gasoline Fuel,10-Speed A/T,Green,Green,None reported,Yes,67500,3,5825.0,2.8969957081545066,0,1
Honda,Clarity Plug-In Hybrid Base,2018,71000,Plug-In Hybrid,212.0HP 1.5L 4 Cylinder Engine Plug-In Electric/Gas,A/T,Red,Beige,At least 1 accident or damage reported,Yes,17500,7,8875.0,0.24647887323943662,1,1
RAM,3500 Laramie,2022,16648,Diesel,6.7L I6 24V DDI OHV Turbo Diesel,6-Speed Automatic,Flame Red Clearcoat,Black,None reported,Yes,70999,3,4162.0,4.264716482460355,0,1
Chevrolet,Silverado 2500 LT,2011,240000,Diesel,335.0HP 6.6L 8 Cylinder Engine Diesel Fuel,6-Speed A/T,White,Black,None reported,Yes,18500,14,16000.0,0.07708333333333334,0,1
Lexus,RX 450h Base,2013,119755,Hybrid,295.0HP 3.5L V6 Cylinder Engine Gas/Electric Hybrid,Transmission w/Dual Shift Mode,Silver,Black,None reported,Yes,19500,12,9211.923076923076,0.1628324495845685,0,0
Mercedes-Benz,M-Class ML 350 4MATIC,2015,88000,E85 Flex Fuel,302.0HP 3.5L V6 Cylinder Engine Flex Fuel Capability,A/T,Silver,Gray,None reported,Yes,19500,10,8000.0,0.2215909090909091,0,1
BMW,X5 xDrive40i,2021,41000,Hybrid,335.0HP 3.0L Straight 6 Cylinder Engine Gasoline/Mild Electric Hybrid,8-Speed A/T,White,Black,None reported,Yes,50000,4,8200.0,1.2195121951219512,0,1
Chevrolet,Camaro 2SS,2022,7458,Gasoline,455.0HP 6.2L 8 Cylinder Engine Gasoline Fuel,6-Speed M/T,Red,Black,None reported,Yes,47500,3,1864.5,6.3689997318315905,0,0
Jeep,Gladiator Sport S,2022,23000,Gasoline,285.0HP 3.6L V6 Cylinder Engine Gasoline Fuel,A/T,Green,Black,None reported,Yes,43000,3,5750.0,1.8695652173913044,0,1
Land,Rover Discovery LSE,1998,149437,Gasoline,182.0HP 4.0L 8 Cylinder Engine Gasoline Fuel,A/T,Green,Beige,None reported,Yes,9995,27,5337.035714285715,0.06688437267878772,0,1
Ford,F-250 XLT,2017,244000,Diesel,440.0HP 6.7L 8 Cylinder Engine Diesel Fuel,6-Speed A/T,Red,Beige,None reported,Yes,35500,8,27111.11111111111,0.14549180327868852,0,1
RAM,1500 Rebel,2019,46000,Hybrid,305.0HP 3.6L V6 Cylinder Engine Gasoline/Mild Electric Hybrid,8-Speed A/T,White,–,None reported,Yes,37900,6,6571.428571428572,0.8239130434782609,0,1
Audi,Q5 S line Premium Plus,2022,13133,Hybrid,2.0 Liter TFSI,Automatic,Silver,Black,None reported,Yes,42998,3,3283.25,3.27404248838803,0,1
RAM,1500 SLT,2017,45000,Gasoline,395.0HP 5.7L 8 Cylinder Engine Gasoline Fuel,A/T,Black,Gray,None reported,Yes,29999,8,5000.0,0.6666444444444445,0,1
Mazda,CX-30 Premium Package,2021,18385,Gasoline,2.5L I4 16V GDI DOHC,6-Speed Automatic,Soul Red Crystal Metallic,White / Brown,None reported,Yes,29255,4,3677.0,1.591242861028012,0,1
BMW,840 Gran Coupe i xDrive,2020,25793,Gasoline,3.0L I6 24V GDI DOHC Turbo,8-Speed Automatic,Black Sapphire Metallic,Black,None reported,Yes,52999,5,4298.833333333333,2.0547823052766256,0,1
Porsche,Boxster S,2005,44400,Gasoline,280.0HP 3.2L Flat 6 Cylinder Engine Gasoline Fuel,6-Speed M/T,Silver,Black,None reported,Yes,29800,20,2114.285714285714,0.6711711711711712,0,0
Chevrolet,Malibu Limited LT,2016,104000,Gasoline,2.5L 4 Cylinder Engine Gasoline Fuel,6-Speed A/T,Silver,Gray,None reported,Yes,10500,9,10400.0,0.10096153846153846,0,1
Cadillac,Escalade Premium Luxury,2023,600,Gasoline,420.0HP 6.2L 8 Cylinder Engine Gasoline Fuel,A/T,Black,Black,None reported,Yes,103000,2,200.0,171.66666666666666,0,1
MINI,Cooper S Base,2007,45000,Gasoline,172.0HP 1.6L 4 Cylinder Engine Gasoline Fuel,6-Speed M/T,Yellow,Black,None reported,Yes,7900,18,2368.4210526315787,0.17555555555555555,0,0
Jeep,Gladiator Mojave,2022,24500,Gasoline,285.0HP 3.6L V6 Cylinder Engine Gasoline Fuel,8-Speed A/T,Blue,Black,None reported,Yes,64000,3,6125.0,2.6122448979591835,0,1
Buick,Encore GX Essence,2020,35569,Gasoline,1.3L I3 12V MPFI DOHC Turbo,Automatic CVT,Satin Steel Metallic,Ebony,None reported,Yes,21999,5,5928.166666666667,0.6184880092215131,0,1
Toyota,Highlander XLE,2020,35000,Gasoline,295.0HP 3.5L V6 Cylinder Engine Gasoline Fuel,A/T,Silver,Black,None reported,Yes,36999,5,5833.333333333333,1.0571142857142857,0,1
Acura,MDX Touring,2003,165000,Gasoline,260.0HP 3.5L V6 Cylinder Engine Gasoline Fuel,A/T,Silver,Black,At least 1 accident or damage reported,Yes,4000,22,7173.913043478261,0.024242424242424242,1,1
Land,Rover Range Rover Sport SE MHEV,2021,15000,Hybrid,355.0HP 3.0L Straight 6 Cylinder Engine Gasoline/Mild Electric Hybrid,A/T,Black,Black,None reported,Yes,69000,4,3000.0,4.6,0,1
BMW,535 i xDrive,2014,119750,Gasoline,300.0HP 3.0L Straight 6 Cylinder Engine Gasoline Fuel,8-Speed A/T,White,Beige,None reported,Yes,15499,11,9979.166666666666,0.12942797494780794,0,1
Nissan,350Z Touring,2007,90000,Gasoline,306.0HP 3.5L V6 Cylinder Engine Gasoline Fuel,M/T,White,Green,At least 1 accident or damage reported,Yes,12000,18,4736.8421052631575,0.13333333333333333,1,0
Ford,Transit Connect XLT,2015,112000,Gasoline,169.0HP 2.5L 4 Cylinder Engine Gasoline Fuel,A/T,White,Black,At least 1 accident or damage reported,Yes,14500,10,10181.818181818182,0.12946428571428573,1,1
Mercedes-Benz,SL-Class SL550 Roadster,2008,150000,Gasoline,382.0HP 5.5L 8 Cylinder Engine Gasoline Fuel,7-Speed A/T,Black,Beige,None reported,Yes,16800,17,8333.333333333334,0.112,0,1
Porsche,911 Turbo S,2021,1912,Gasoline,640.0HP 3.8L Flat 6 Cylinder Engine Gasoline Fuel,8-Speed A/T,Silver,Black,None reported,Yes,240000,4,382.4,125.52301255230125,0,1
Hyundai,Sonata Sport 2.0T,2015,82900,Gasoline,245.0HP 2.0L 4 Cylinder Engine Gasoline Fuel,A/T,Black,Black,At least 1 accident or damage reported,Yes,13995,10,7536.363636363636,0.16881785283474066,1,1
Audi,TT 1.8T,2004,79500,Gasoline,180.0HP 1.8L 4 Cylinder Engine Gasoline Fuel,A/T,Silver,Black,None reported,Yes,12000,21,3613.6363636363635,0.1509433962264151,0,1
Volvo,XC90 T6 Inscription,2019,60000,Gasoline,316.0HP 2.0L 4 Cylinder Engine Gasoline Fuel,8-Speed A/T,White,Black,None reported,Yes,37000,6,8571.42857142857,0.6166666666666667,0,1
RAM,1500 Big Horn,2021,41800,Diesel,260.0HP 3.0L V6 Cylinder Engine Diesel Fuel,8-Speed A/T,White,Black,None reported,Yes,44900,4,8360.0,1.0741626794258374,0,1
Chevrolet,Tahoe LT,2021,71536,Gasoline,5.3L V8 16V GDI OHV,10-Speed Automatic,Black,Jet Black,None reported,Yes,49685,4,14307.2,0.6945454037128159,0,1
Ford,Explorer XLT,2014,127558,Gasoline,3.5L V6 24V MPFI DOHC,6-Speed Automatic,Green,Charcoal Black,None reported,Yes,13715,11,10629.833333333334,0.10751971652111196,0,1
Ford,Mustang Mach-E Premium,2023,13232,Gasoline,346.0HP Electric Motor Electric Fuel System,1-Speed A/T,Gray,Black,None reported,Yes,45000,2,4410.666666666667,3.400846432889964,0,1
Chevrolet,Camaro 1SS,2017,39000,Gasoline,455.0HP 6.2L 8 Cylinder Engine Gasoline Fuel,8-Speed A/T,Yellow,Black,None reported,Yes,31500,8,4333.333333333333,0.8076923076923077,0,1
Ford,Bronco Big Bend Advanced,2023,11500,Gasoline,315.0HP 2.7L V6 Cylinder Engine Gasoline Fuel,10-Speed A/T,Gray,Black,None reported,Yes,54490,2,3833.3333333333335,4.7382608695652175,0,1
Chrysler,Pacifica Launch Edition,2020,22200,Gasoline,287.0HP 3.6L V6 Cylinder Engine Gasoline Fuel,9-Speed A/T,Black,Black,None reported,Yes,36800,5,3700.0,1.6576576576576576,0,1
Tesla,Model Y Long Range,2023,7414,Gasoline,425.0HP Electric Motor Electric Fuel System,A/T,Black,White,None reported,Yes,56515,2,2471.3333333333335,7.622740760722957,0,1
Lamborghini,Huracan LP580-2,2017,14586,Gasoline,"5.2L V-10 gasoline direct injection, DOHC, variable valve contro",Automatic,Blue Caelum,Nero Ade,None reported,Yes,209991,8,1620.6666666666667,14.396750308515015,0,1
RAM,1500 Rebel,2021,32000,Hybrid,395.0HP 5.7L 8 Cylinder Engine Gasoline/Mild Electric Hybrid,8-Speed A/T,White,Black,None reported,Yes,50927,4,6400.0,1.59146875,0,1
Toyota,86 Base,2020,14700,Gasoline,200.0HP 2.0L 4 Cylinder Engine Gasoline Fuel,A/T,White,Black,None reported,Yes,27350,5,2450.0,1.8605442176870748,0,1
BMW,X5 xDrive50i,2016,79995,Gasoline,445.0HP 4.4L 8 Cylinder Engine Gasoline Fuel,Transmission w/Dual Shift Mode,Black,Black,None reported,Yes,23995,9,7999.5,0.2999562472654541,0,0
GMC,Yukon Denali,2018,76000,Gasoline,420.0HP 6.2L 8 Cylinder Engine Gasoline Fuel,A/T,Black,Black,None reported,Yes,44500,7,9500.0,0.5855263157894737,0,1
Honda,Accord EX-L,2014,62000,Gasoline,185.0HP 2.4L 4 Cylinder Engine Gasoline Fuel,CVT Transmission,Gray,Black,At least 1 accident or damage reported,Yes,18987,11,5166.666666666667,0.30624193548387096,1,0
Maserati,Ghibli S Q4,2017,53500,Gasoline,404.0HP 3.0L V6 Cylinder Engine Gasoline Fuel,8-Speed A/T,Gray,Black,None reported,Yes,28700,8,5944.444444444444,0.5364485981308411,0,1
Hyundai,Kona EV SEL,2022,9400,Gasoline,201.0HP Electric Motor Electric Fuel System,1-Speed A/T,Red,Black,None reported,Yes,31999,3,2350.0,3.4041489361702126,0,1
BMW,435 i,2014,86500,Gasoline,300.0HP 3.0L Straight 6 Cylinder Engine Gasoline Fuel,A/T,Silver,Black,None reported,Yes,20900,11,7208.333333333333,0.24161849710982658,0,1
Mercedes-Benz,GL-Class GL 450,2011,148000,Gasoline,335.0HP 4.7L 8 Cylinder Engine Gasoline Fuel,A/T,Black,Black,At least 1 accident or damage reported,Yes,9900,14,9866.666666666666,0.06689189189189189,1,1
GMC,Sierra 1500 SLE,2014,100080,E85 Flex Fuel,285.0HP 4.3L V6 Cylinder Engine Flex Fuel Capability,6-Speed A/T,White,Gray,None reported,Yes,22989,11,8340.0,0.22970623501199042,0,1
Dodge,Challenger SRT Demon,2018,2620,Gasoline,808.0HP 6.2L 8 Cylinder Engine Gasoline Fuel,8-Speed A/T,Black,Black,None reported,Yes,155700,7,327.5,59.42748091603053,0,1
BMW,X5 PHEV xDrive45e,2023,3099,Plug-In Hybrid,389.0HP 3.0L Straight 6 Cylinder Engine Plug-In Electric/Gas,8-Speed A/T,Black,Black,None reported,Yes,74995,2,1033.0,24.19974185221039,0,1
Dodge,Durango R/T,2020,78000,Gasoline,360.0HP 5.7L 8 Cylinder Engine Gasoline Fuel,8-Speed A/T,Black,Red,At least 1 accident or damage reported,Yes,29500,5,13000.0,0.3782051282051282,1,1
Ferrari,488 Spider Base,2019,9005,Gasoline,3.9L V8 32V GDI DOHC Twin Turbo,7-Speed Automatic with Auto-Shift,White,–,None reported,Yes,319900,6,1286.4285714285713,35.5247084952804,0,1
Ford,Bronco Sport Big Bend,2022,16700,Gasoline,181.0HP 1.5L 3 Cylinder Engine Gasoline Fuel,8-Speed A/T,Blue,Black,None reported,Yes,31000,3,4175.0,1.8562874251497006,0,1
Honda,Civic LX,2015,51300,Gasoline,143.0HP 1.8L 4 Cylinder Engine Gasoline Fuel,5-Speed M/T,Black,Black,None reported,Yes,17500,10,4663.636363636364,0.341130604288499,0,0
Ford,Shelby GT350 Base,2018,8237,Gasoline,526.0HP 5.2L 8 Cylinder Engine Gasoline Fuel,6-Speed M/T,Gray,Black,None reported,Yes,62900,7,1029.625,7.636275342964671,0,0
Volkswagen,Jetta S,2010,99000,Gasoline,170.0HP 2.5L 5 Cylinder Engine Gasoline Fuel,A/T,Gray,Black,At least 1 accident or damage reported,Yes,6000,15,6187.5,0.06060606060606061,1,1
Mazda,CX-5 Grand Touring,2021,62377,Gasoline,2.5L I4 16V,6-Speed Automatic,Jet Black Mica,Black,None reported,Yes,26288,4,12475.4,0.42143738878112125,0,1
Jeep,Wrangler Rubicon,2009,130000,Gasoline,202.0HP 3.8L V6 Cylinder Engine Gasoline Fuel,6-Speed M/T,Black,Gray,None reported,Yes,15500,16,7647.058823529412,0.11923076923076924,0,0
Ford,F-250 XLT,2016,94300,E85 Flex Fuel,385.0HP 6.2L 8 Cylinder Engine Flex Fuel Capability,6-Speed A/T,Silver,Gray,At least 1 accident or damage reported,Yes,28999,9,9430.0,0.3075185577942736,1,1
Tesla,Model Y Performance,2022,24115,Gasoline,455.0HP Electric Motor Electric Fuel System,A/T,Gray,White,None reported,Yes,46500,3,6028.75,1.9282604188264565,0,1
BMW,528 i,2016,82000,Gasoline,240.0HP 2.0L 4 Cylinder Engine Gasoline Fuel,8-Speed A/T,Silver,Black,At least 1 accident or damage reported,Yes,16995,9,8200.0,0.2072560975609756,1,1
Kia,Rio S,2021,67686,Gasoline,120.0HP 1.6L 4 Cylinder Engine Gasoline Fuel,A/T,Silver,Black,None reported,Yes,15700,4,13537.2,0.23195343202434773,0,1
Tesla,Model S 85,2014,96800,Gasoline,362.0HP Electric Motor Electric Fuel System,A/T,Blue,Black,None reported,Yes,28450,11,8066.666666666667,0.29390495867768596,0,1
Jeep,Wrangler Sport,1997,131000,Gasoline,181.0HP 4.0L Straight 6 Cylinder Engine Gasoline Fuel,5-Speed M/T,Green,Gray,At least 1 accident or damage reported,Yes,5500,28,4517.241379310345,0.04198473282442748,1,0
Tesla,Model 3 Standard Range,2020,23097,Gasoline,271.0HP Electric Motor Electric Fuel System,A/T,Black,Black,None reported,Yes,29900,5,3849.5,1.294540416504308,0,1
Ferrari,GTC4Lusso T,2018,31000,Gasoline,602.0HP 3.9L 8 Cylinder Engine Gasoline Fuel,A/T,White,Red,None reported,Yes,197499,7,3875.0,6.3709354838709675,0,1
BMW,X5 M50i,2021,28898,Gasoline,523.0HP 4.4L 8 Cylinder Engine Gasoline Fuel,A/T,Black,Orange,None reported,Yes,71000,4,5779.6,2.456917433732438,0,1
Mazda,MX-5 Miata RF Club,2022,7250,Gasoline,181.0HP 2.0L 4 Cylinder Engine Gasoline Fuel,6-Speed M/T,Gray,Black,None reported,Yes,35619,3,1812.5,4.912965517241379,0,0
Ford,F-250 XLT,2014,59459,Diesel,400.0HP 6.7L 8 Cylinder Engine Diesel Fuel,6-Speed A/T,Black,Silver,At least 1 accident or damage reported,Yes,40999,11,4954.916666666667,0.6895339645806354,1,1
Jeep,Wrangler Sahara,2012,78000,Gasoline,285.0HP 3.6L V6 Cylinder Engine Gasoline Fuel,5-Speed A/T,Beige,Black,At least 1 accident or damage reported,Yes,22000,13,5571.428571428572,0.28205128205128205,1,1
RAM,1500 Laramie,2021,24213,Gasoline,395.0HP 5.7L 8 Cylinder Engine Gasoline Fuel,8-Speed A/T,White,Black,None reported,Yes,46500,4,4842.6,1.9204559534134555,0,1
RAM,1500 Laramie,2020,21165,Gasoline,5.7L V8 16V MPFI OHV,8-Speed Automatic,Bright White Clearcoat,Black,None reported,Yes,46105,5,3527.5,2.178360500826837,0,1
GMC,Yukon Denali,2016,107750,Gasoline,420.0HP 6.2L 8 Cylinder Engine Gasoline Fuel,8-Speed A/T,Black,Black,None reported,Yes,35500,9,10775.0,0.3294663573085847,0,1
Ford,F-150 Lariat,2016,117000,Gasoline,365.0HP 3.5L V6 Cylinder Engine Gasoline Fuel,A/T,White,Black,None reported,Yes,26500,9,11700.0,0.2264957264957265,0,1
Chevrolet,Corvette Base,2006,39132,Gasoline,400.0HP 6.0L 8 Cylinder Engine Gasoline Fuel,Transmission w/Dual Shift Mode,Red,Beige,None reported,Yes,35000,19,1956.6,0.8944086680977206,0,0
BMW,Z4 2.5i,2004,94500,Gasoline,184.0HP 2.5L Straight 6 Cylinder Engine Gasoline Fuel,5-Speed M/T,Gray,Black,None reported,Yes,9000,21,4295.454545454545,0.09523809523809523,0,0
Subaru,Crosstrek 2.0i Premium,2017,50011,Gasoline,148.0HP 2.0L 4 Cylinder Engine Gasoline Fuel,A/T,Red,Beige,At least 1 accident or damage reported,Yes,21495,8,5556.777777777777,0.4298054428025834,1,1
Lexus,GX 470 Base,2004,215000,Gasoline,235.0HP 4.7L 8 Cylinder Engine Gasoline Fuel,5-Speed A/T,White,Beige,At least 1 accident or damage reported,Yes,7350,21,9772.727272727272,0.034186046511627904,1,1
RAM,1500 Laramie,2022,16616,Gasoline,5.7L V8 16V MPFI OHV,8-Speed Automatic,Diamond Black,Black,None reported,Yes,45999,3,4154.0,2.7683558016369765,0,1
Ford,F-150 XLT,2022,33818,Gasoline,5.0L V8 32V PDI DOHC,Automatic,Agate Black Metallic,Black,None reported,Yes,46552,3,8454.5,1.3765450351883612,0,1
Jeep,Wagoneer Series III,2022,9099,Gasoline,5.7L V8 16V MPFI OHV,8-Speed Automatic,Velvet Red Pearlcoat,Global Black,None reported,Yes,68362,3,2274.75,7.513133311352896,0,1
Volkswagen,GTI Base,2008,95798,Gasoline,200.0HP 2.0L 4 Cylinder Engine Gasoline Fuel,6-Speed M/T,White,Black,None reported,Yes,9850,17,5322.111111111111,0.10282051817365707,0,0
Mercedes-Benz,AMG GLE AMG GLE 63 S-Model 4MATIC,2016,35943,Gasoline,577.0HP 5.5L 8 Cylinder Engine Gasoline Fuel,7-Speed A/T,Black,White,None reported,Yes,51700,9,3594.3,1.4383885596639123,0,1
Mazda,Mazda6 iSport VE,2008,106000,Gasoline,156.0HP 2.3L 4 Cylinder Engine Gasoline Fuel,5-Speed A/T,Black,Beige,None reported,Yes,4300,17,5888.888888888889,0.040566037735849055,0,1
Kia,Telluride EX X-Line,2023,10400,Gasoline,291.0HP 3.8L V6 Cylinder Engine Gasoline Fuel,8-Speed A/T,Green,Green,None reported,Yes,48000,2,3466.6666666666665,4.615384615384615,0,1
Chevrolet,Tahoe LT,2022,2894,Gasoline,355.0HP 5.3L 8 Cylinder Engine Gasoline Fuel,10-Speed A/T,Blue,Beige,None reported,Yes,63900,3,723.5,22.08016586040083,0,1
Dodge,Durango GT,2022,15592,Gasoline,3.6L V6 24V MPFI DOHC,8-Speed Automatic,DB Black Clearcoat,Black,None reported,Yes,39985,3,3898.0,2.56445613134941,0,1
Mercedes-Benz,AMG C 63 Base,2020,33548,Gasoline,469.0HP 4.0L 8 Cylinder Engine Gasoline Fuel,9-Speed A/T,Silver,Black,None reported,Yes,57999,5,5591.333333333333,1.7288362942649338,0,1
BMW,320 i xDrive,2016,185000,Gasoline,180.0HP 2.0L 4 Cylinder Engine Gasoline Fuel,8-Speed A/T,Black,Beige,At least 1 accident or damage reported,Yes,7500,9,18500.0,0.04054054054054054,1,1
Porsche,Macan GTS,2023,6483,Gasoline,2.9L V6 24V GDI DOHC Twin Turbo,7-Speed Automatic with Auto-Shift,Chalk,Black,None reported,Yes,96900,2,2161.0,14.946783896344286,0,1
Honda,Pilot EX-L,2020,28886,Gasoline,3.5L V6 24V GDI SOHC,6-Speed Automatic,Gray,Gray,None reported,Yes,35645,5,4814.333333333333,1.233988783493734,0,1
Mercedes-Benz,GLE 350 Base,2020,26293,Gasoline,2.0 Liter Turbo,Automatic,designo Diamond White Bright,Macchiato/Magmagrey,None reported,Yes,49998,5,4382.166666666667,1.901570760278401,0,1
Chevrolet,Camaro 2SS,2017,62000,Gasoline,455.0HP 6.2L 8 Cylinder Engine Gasoline Fuel,Transmission w/Dual Shift Mode,Blue,Black,None reported,Yes,34500,8,6888.888888888889,0.5564516129032258,0,0
Jaguar,XF 35t Prestige,2017,101453,Gasoline,340.0HP 3.0L V6 Cylinder Engine Gasoline Fuel,A/T,White,Beige,At least 1 accident or damage reported,Yes,18500,8,11272.555555555555,0.1823504479906952,1,1
RAM,3500 Laramie,2013,106385,Diesel,385.0HP 6.7L Straight 6 Cylinder Engine Diesel Fuel,6-Speed A/T,White,Black,At least 1 accident or damage reported,Yes,42900,12,8183.461538461538,0.4032523382055741,1,1
BMW,335 is,2012,86629,Gasoline,320.0HP 3.0L Straight 6 Cylinder Engine Gasoline Fuel,7-Speed A/T,White,Red,None reported,Yes,20995,13,6187.785714285715,0.24235533135555068,0,1
Audi,S6 4.0T Premium Plus,2018,61258,Gasoline,450.0HP 4.0L 8 Cylinder Engine Gasoline Fuel,7-Speed A/T,White,Black,None reported,Yes,49999,7,7657.25,0.8162035978974175,0,1
Chrysler,300 S,2014,121500,Gasoline,363.0HP 5.7L 8 Cylinder Engine Gasoline Fuel,5-Speed A/T,Blue,Black,None reported,Yes,15999,11,10125.0,0.13167901234567903,0,1
GMC,Sierra 1500 AT4,2022,100,Diesel,277.0HP 3.0L Straight 6 Cylinder Engine Diesel Fuel,10-Speed A/T,White,Black,None reported,Yes,62499,3,25.0,624.99,0,1
Chrysler,200 C,2015,170000,E85 Flex Fuel,295.0HP 3.6L V6 Cylinder Engine Flex Fuel Capability,9-Speed A/T,Silver,Black,At least 1 accident or damage reported,Yes,5995,10,15454.545454545454,0.03526470588235294,1,1
Ford,F-150 XLT SuperCab,2010,232000,Gasoline,292.0HP 4.6L 8 Cylinder Engine Gasoline Fuel,A/T,Blue,Gray,None reported,Yes,3000,15,14500.0,0.01293103448275862,0,1
MINI,Cooper S Base,2006,95000,Gasoline,168.0HP 1.6L 4 Cylinder Engine Gasoline Fuel,6-Speed M/T,Gray,–,None reported,Yes,12500,19,4750.0,0.13157894736842105,0,0
Toyota,Venza XLE,2013,103466,Gasoline,268.0HP 3.5L V6 Cylinder Engine Gasoline Fuel,A/T,White,Gray,At least 1 accident or damage reported,Yes,14200,12,7958.923076923077,0.1372431523398991,1,1
Toyota,Camry Hybrid Base,2011,133121,Hybrid,147.0HP 2.4L 4 Cylinder Engine Gas/Electric Hybrid,A/T,White,White,At least 1 accident or damage reported,Yes,7900,14,8874.733333333334,0.05934450612600566,1,1
Chevrolet,Tahoe LT,2012,162731,E85 Flex Fuel,320.0HP 5.3L 8 Cylinder Engine Flex Fuel Capability,A/T,Brown,Gray,None reported,Yes,14500,13,11623.642857142857,0.08910410431939828,0,1
Mercedes-Benz,CLS-Class CLS 63 AMG S-Model 4MATIC,2014,64500,Gasoline,577.0HP 5.5L 8 Cylinder Engine Gasoline Fuel,7-Speed A/T,Silver,Black,None reported,Yes,37500,11,5375.0,0.5813953488372093,0,1
Ford,Shelby GT500 Base,2021,568,Gasoline,760.0HP 5.2L 8 Cylinder Engine Gasoline Fuel,7-Speed A/T,Orange,Black,None reported,Yes,90788,4,113.6,159.83802816901408,0,1
Lexus,RX 300 4WD,1999,249083,Gasoline,220.0HP 3.0L V6 Cylinder Engine Gasoline Fuel,A/T,Red,Beige,At least 1 accident or damage reported,Yes,3500,26,9225.296296296296,0.014051541052580867,1,1
Porsche,Macan S,2015,80300,Gasoline,340.0HP 3.0L V6 Cylinder Engine Gasoline Fuel,7-Speed A/T,Gray,Beige,None reported,Yes,23999,10,7300.0,0.2988667496886675,0,1
Ford,F-150 XLT SuperCab,2004,187000,Gasoline,300.0HP 5.4L 8 Cylinder Engine Gasoline Fuel,A/T,Beige,Beige,None reported,Yes,6299,21,8500.0,0.03368449197860963,0,1
Subaru,Outback 2.5 i Special Edition,2009,181870,Gasoline,169.0HP 2.5L 4 Cylinder Engine Gasoline Fuel,A/T,Black,Black,None reported,Yes,6500,16,10698.235294117647,0.035739814152966405,0,1
GMC,Sierra 2500 AT4,2022,22600,Diesel,6.6L V8 32V DDI OHV Turbo Diesel,Automatic,Ebony Twilight Metallic,Jet Black,None reported,Yes,76740,3,5650.0,3.395575221238938,0,1
BMW,X5 xDrive40i,2020,37000,Gasoline,335.0HP 3.0L Straight 6 Cylinder Engine Gasoline Fuel,8-Speed A/T,Black,Black,At least 1 accident or damage reported,Yes,50000,5,6166.666666666667,1.3513513513513513,1,1
Porsche,Taycan Base,2022,9728,Gasoline,375.0HP Electric Motor Electric Fuel System,A/T,White,Beige,None reported,Yes,89000,3,2432.0,9.148848684210526,0,1
Lexus,GX 470 Base,2006,152000,Gasoline,263.0HP 4.7L 8 Cylinder Engine Gasoline Fuel,A/T,Blue,Gray,At least 1 accident or damage reported,Yes,13995,19,7600.0,0.09207236842105262,1,1
Ford,F-150 Heritage XL SuperCab Flareside,2004,60260,Gasoline,380.0HP 5.4L 8 Cylinder Engine Gasoline Fuel,4-Speed A/T,Blue,Gray,At least 1 accident or damage reported,Yes,30500,21,2739.090909090909,0.5061400597411218,1,1
Mazda,MazdaSpeed Miata MX-5 Base,2004,33362,Gasoline,178.0HP 1.8L 4 Cylinder Engine Gasoline Fuel,6-Speed M/T,Silver,Black,At least 1 accident or damage reported,Yes,17599,21,1516.4545454545455,0.527516335951082,1,0
GMC,Acadia Denali,2021,47907,Gasoline,3.6L V6 24V GDI DOHC,9-Speed Automatic,Ebony Twilight Metallic,Jet Black,None reported,Yes,38436,4,9581.4,0.8023044649007451,0,1
Mercedes-Benz,Metris Base,2016,17340,Gasoline,208.0HP 2.0L 4 Cylinder Engine Gasoline Fuel,A/T,White,Black,None reported,Yes,29000,9,1734.0,1.6724336793540946,0,1
Cadillac,DeVille Base,1994,85000,–,–,A/T,White,Blue,None reported,Yes,7900,31,2656.25,0.09294117647058824,0,1
Ford,Expedition EL XLT,2011,195500,E85 Flex Fuel,310.0HP 5.4L 8 Cylinder Engine Flex Fuel Capability,6-Speed A/T,White,Beige,None reported,Yes,8999,14,13033.333333333334,0.0460306905370844,0,1
Chevrolet,Monte Carlo SS,2000,74000,Gasoline,200.0HP 3.8L V6 Cylinder Engine Gasoline Fuel,4-Speed A/T,Red,–,None reported,Yes,4700,25,2846.153846153846,0.06351351351351352,0,1
RAM,1500 Big Horn,2015,140500,Gasoline,395.0HP 5.7L 8 Cylinder Engine Gasoline Fuel,8-Speed A/T,Red,Gray,At least 1 accident or damage reported,Yes,14000,10,12772.727272727272,0.099644128113879,1,1
Jeep,Commander Base,2006,212500,Gasoline,210.0HP 3.7L V6 Cylinder Engine Gasoline Fuel,A/T,Black,Gray,None reported,Yes,6500,19,10625.0,0.03058823529411765,0,1
Lexus,IS-F Base,2010,77400,Gasoline,416.0HP 5.0L 8 Cylinder Engine Gasoline Fuel,8-Speed A/T,White,Red,At least 1 accident or damage reported,Yes,34500,15,4837.5,0.44573643410852715,1,1
Ford,Utility Police Interceptor Base,2017,118000,Gasoline,365.0HP 3.5L V6 Cylinder Engine Gasoline Fuel,6-Speed A/T,Black,Black,None reported,Yes,15000,8,13111.111111111111,0.1271186440677966,0,1
Porsche,Carrera GT Base,2005,4400,Gasoline,605.0HP 5.7L 10 Cylinder Engine Gasoline Fuel,6-Speed M/T,Gray,Black,None reported,Yes,1599000,20,209.52380952380952,363.40909090909093,0,0
Cadillac,Escalade ESV Luxury,2016,146200,Gasoline,420.0HP 6.2L 8 Cylinder Engine Gasoline Fuel,8-Speed A/T,White,Beige,None reported,Yes,24500,9,14620.0,0.16757865937072502,0,1
Tesla,Model Y Performance,2020,39000,Gasoline,455.0HP Electric Motor Electric Fuel System,1-Speed A/T,Silver,Black,None reported,Yes,43000,5,6500.0,1.1025641025641026,0,1
Chevrolet,Avalanche 1500 LS,2005,130000,E85 Flex Fuel,295.0HP 5.3L 8 Cylinder Engine Flex Fuel Capability,A/T,Red,Gray,None reported,Yes,7200,20,6190.476190476191,0.055384615384615386,0,1
Ford,F-150 Lariat,2021,33080,Gasoline,325.0HP 2.7L V6 Cylinder Engine Gasoline Fuel,10-Speed A/T,White,Black,None reported,Yes,47850,4,6616.0,1.4464933494558645,0,1
Mercedes-Benz,GLB 250 Base 4MATIC,2023,1219,Gasoline,2.0L I4 16V GDI DOHC Turbo,Automatic,Midnight Black,Classic Red,None reported,Yes,46479,2,406.3333333333333,38.128794093519275,0,1
Jeep,Wrangler Sport,2016,41000,Gasoline,285.0HP 3.6L V6 Cylinder Engine Gasoline Fuel,5-Speed A/T,White,Black,None reported,Yes,25000,9,4100.0,0.6097560975609756,0,1
Nissan,350Z Touring,2004,110897,Gasoline,287.0HP 3.5L V6 Cylinder Engine Gasoline Fuel,6-Speed M/T,Black,Orange,At least 1 accident or damage reported,Yes,11500,21,5040.772727272727,0.10369982957158444,1,0
Chevrolet,Corvette Z06,2016,49000,Gasoline,650.0HP 6.2L 8 Cylinder Engine Gasoline Fuel,7-Speed M/T,Orange,–,None reported,Yes,75000,9,4900.0,1.530612244897959,0,0
Pontiac,Solstice GXP,2007,47000,Gasoline,260.0HP 2.0L 4 Cylinder Engine Gasoline Fuel,5-Speed M/T,Black,Black,None reported,Yes,13300,18,2473.684210526316,0.28297872340425534,0,0
Hyundai,Sonata SE,2018,57690,Gasoline,185.0HP 2.4L 4 Cylinder Engine Gasoline Fuel,A/T,Gray,Gray,At least 1 accident or damage reported,Yes,15900,7,7211.25,0.2756110244409776,1,1
Mercedes-Benz,SLS AMG Base,2012,17941,Gasoline,6.2L V8 32V MPFI DOHC,7-Speed Automatic with Auto-Shift,Iridium Silver Metallic,Red,None reported,Yes,226000,13,1281.5,12.596845214870966,0,1
Lincoln,Navigator Reserve,2018,54000,Gasoline,450.0HP 3.5L V6 Cylinder Engine Gasoline Fuel,10-Speed A/T,Brown,Orange,At least 1 accident or damage reported,Yes,46500,7,6750.0,0.8611111111111112,1,1
Nissan,Maxima SL,2007,101600,Gasoline,255.0HP 3.5L V6 Cylinder Engine Gasoline Fuel,A/T,Silver,Black,None reported,Yes,6700,18,5347.368421052632,0.06594488188976377,0,1
Ford,Ranger XLT,2021,89000,Gasoline,270.0HP 2.3L 4 Cylinder Engine Gasoline Fuel,10-Speed A/T,Black,Black,None reported,Yes,34000,4,17800.0,0.38202247191011235,0,1
Tesla,Model 3 Long Range,2021,18000,Gasoline,Electric Motor Electric Fuel System,A/T,Black,Black,None reported,Yes,42500,4,3600.0,2.361111111111111,0,1
Jaguar,XE 35t Premium,2017,55000,Gasoline,340.0HP 3.0L V6 Cylinder Engine Gasoline Fuel,A/T,Gray,Black,None reported,Yes,25000,8,6111.111111111111,0.45454545454545453,0,1
Lincoln,MKZ Reserve,2017,71964,Gasoline,240.0HP 2.0L 4 Cylinder Engine Gasoline Fuel,6-Speed A/T,Blue,Black,None reported,Yes,18750,8,7996.0,0.260546940136735,0,1
Cadillac,Escalade ESV Platinum,2020,92000,Gasoline,420.0HP 6.2L 8 Cylinder Engine Gasoline Fuel,A/T,Black,Black,None reported,Yes,50000,5,15333.333333333334,0.5434782608695652,0,1
Ford,Fusion SE,2012,160000,E85 Flex Fuel,240.0HP 3.0L V6 Cylinder Engine Flex Fuel Capability,A/T,Gray,Black,None reported,Yes,4500,13,11428.57142857143,0.028125,0,1
Mercedes-Benz,E-Class E 350,2012,95816,Gasoline,302.0HP 3.5L V6 Cylinder Engine Gasoline Fuel,7-Speed A/T,White,Beige,None reported,Yes,12000,13,6844.0,0.12524004341654837,0,1
Jeep,Wrangler Unlimited Sport,2014,132600,Gasoline,285.0HP 3.6L V6 Cylinder Engine Gasoline Fuel,5-Speed A/T,White,–,At least 1 accident or damage reported,Yes,17000,11,11050.0,0.1282051282051282,1,1
Cadillac,DeVille Base,1994,47000,–,–,A/T,White,Blue,None reported,Yes,5990,31,1468.75,0.1274468085106383,0,1
Jeep,Wrangler Sport,2010,149460,Gasoline,202.0HP 3.8L V6 Cylinder Engine Gasoline Fuel,4-Speed A/T,Black,Black,None reported,Yes,10700,15,9341.25,0.07159106115348589,0,1
Jeep,Wrangler Sport,2011,109646,Gasoline,3.8L V6 12V MPFI OHV,4-Speed Automatic,Mango Tango Pearlcoat,Black,None reported,Yes,16998,14,7309.733333333334,0.15502617514546815,0,1
Acura,MDX 3.5L w/Technology Package,2019,90605,Gasoline,3.5 Liter,Automatic,White,Parchment,None reported,Yes,27698,6,12943.57142857143,0.30570056840130233,0,1
Volkswagen,Jetta 1.4T S,2019,59000,Gasoline,147.0HP 1.4L 4 Cylinder Engine Gasoline Fuel,A/T,Gray,Black,None reported,Yes,17000,6,8428.57142857143,0.288135593220339,0,1
Chevrolet,Camaro Z28,2002,48000,Gasoline,310.0HP 5.7L 8 Cylinder Engine Gasoline Fuel,A/T,White,Black,None reported,Yes,21999,23,2000.0,0.4583125,0,1
Chevrolet,Corvette Z06,2016,41500,Gasoline,650.0HP 6.2L 8 Cylinder Engine Gasoline Fuel,7-Speed M/T,White,Black,None reported,Yes,66000,9,4150.0,1.5903614457831325,0,0
Porsche,Cayman R,2012,54000,Gasoline,330.0HP 3.4L Flat 6 Cylinder Engine Gasoline Fuel,7-Speed A/T,Black,Gray,None reported,Yes,75000,13,3857.1428571428573,1.3888888888888888,0,1
Porsche,Cayenne Base,2018,70455,Gasoline,300.0HP 3.6L V6 Cylinder Engine Gasoline Fuel,8-Speed A/T,White,Black,None reported,Yes,45855,7,8806.875,0.6508409623163721,0,1
Subaru,Crosstrek 2.0i Limited,2018,84054,Gasoline,152.0HP 2.0L 4 Cylinder Engine Gasoline Fuel,CVT Transmission,Gray,Black,None reported,Yes,21499,7,10506.75,0.25577604873057797,0,0
BMW,750 Li,2007,114528,Gasoline,360.0HP 4.8L 8 Cylinder Engine Gasoline Fuel,A/T,Black,Black,None reported,Yes,9000,18,6027.789473684211,0.07858340318524727,0,1
Jeep,Wrangler Sahara,2013,111850,Gasoline,285.0HP 3.6L V6 Cylinder Engine Gasoline Fuel,A/T,Red,Black,At least 1 accident or damage reported,Yes,26500,12,8603.846153846154,0.23692445239159587,1,1
GMC,Sierra 2500 AT4,2020,52673,Diesel,445.0HP 6.6L 8 Cylinder Engine Diesel Fuel,6-Speed A/T,Black,Beige,None reported,Yes,69500,5,8778.833333333334,1.3194615837336017,0,1
BMW,X3 M AWD,2021,31500,Gasoline,473.0HP 3.0L Straight 6 Cylinder Engine Gasoline Fuel,8-Speed A/T,Black,Black,None reported,Yes,54500,4,6300.0,1.7301587301587302,0,1
BMW,335 i,2011,73000,Gasoline,300.0HP 3.0L Straight 6 Cylinder Engine Gasoline Fuel,Transmission w/Dual Shift Mode,Red,Beige,None reported,Yes,16000,14,4866.666666666667,0.2191780821917808,0,0
Jeep,Wrangler Unlimited Sahara,2019,59692,Gasoline,285.0HP 3.6L V6 Cylinder Engine Gasoline Fuel,8-Speed A/T,Gray,Black,None reported,Yes,35900,6,8527.42857142857,0.6014206258795148,0,1
Toyota,Corolla S Plus,2016,68364,Gasoline,132.0HP 1.8L 4 Cylinder Engine Gasoline Fuel,Transmission w/Dual Shift Mode,White,Black,None reported,Yes,16000,9,6836.4,0.23404130829091335,0,0
Land,Rover Discovery HSE LUXURY,2017,47200,Gasoline,340.0HP 3.0L V6 Cylinder Engine Gasoline Fuel,8-Speed A/T,Black,Beige,At least 1 accident or damage reported,Yes,29000,8,5244.444444444444,0.614406779661017,1,1
Mercedes-Benz,E-Class E 450 4MATIC,2021,18000,Hybrid,362.0HP 3.0L Straight 6 Cylinder Engine Gasoline/Mild Electric Hybrid,9-Speed A/T,Gray,Black,At least 1 accident or damage reported,Yes,62000,4,3600.0,3.4444444444444446,1,1
Ford,Fusion Hybrid Base,2012,158366,Hybrid,191.0HP 2.5L 4 Cylinder Engine Gas/Electric Hybrid,A/T,Gray,Black,At least 1 accident or damage reported,Yes,8250,13,11311.857142857143,0.0520945152368564,1,1
BMW,X1 xDrive 28i,2017,49700,Gasoline,228.0HP 2.0L 4 Cylinder Engine Gasoline Fuel,8-Speed A/T,Blue,Black,None reported,Yes,26000,8,5522.222222222223,0.5231388329979879,0,1
GMC,Terrain SLE,2010,81500,Gasoline,182.0HP 2.4L 4 Cylinder Engine Gasoline Fuel,A/T,Brown,Gray,None reported,Yes,12250,15,5093.75,0.15030674846625766,0,1
BMW,i3 120Ah w/Range Extender,2019,16975,Gasoline,170.0HP 0.65L Electric Motor Electric Fuel System,A/T,Black,Black,None reported,Yes,26990,6,2425.0,1.5899852724594992,0,1
Porsche,911 GT3,2018,5989,Gasoline,"4L H-6 gasoline direct injection, DOHC, VarioCam Plus variable v","Manual, 6-Spd",GT SILVER,BLACK,None reported,Yes,209000,7,748.625,34.89731173818667,0,0
Ford,Mustang SVT Cobra,2003,16100,Gasoline,390.0HP 4.6L 8 Cylinder Engine Gasoline Fuel,M/T,Red,Beige,None reported,Yes,35500,22,700.0,2.2049689440993787,0,0
Land,Rover Range Rover Supercharged LWB,2020,54225,Gasoline,518.0HP 5.0L 8 Cylinder Engine Gasoline Fuel,A/T,White,White,None reported,Yes,67500,5,9037.5,1.2448132780082988,0,1
RAM,2500 Big Horn,2016,89500,Gasoline,410.0HP 6.4L 8 Cylinder Engine Gasoline Fuel,A/T,Black,Gray,None reported,Yes,35000,9,8950.0,0.39106145251396646,0,1
Ford,E250 Cargo,2013,87501,E85 Flex Fuel,225.0HP 4.6L 8 Cylinder Engine Flex Fuel Capability,4-Speed A/T,White,Gray,At least 1 accident or damage reported,Yes,17777,12,6730.846153846154,0.20316339241837236,1,1
MINI,Countryman Cooper S ALL4,2018,12370,Gasoline,189.0HP 2.0L 4 Cylinder Engine Gasoline Fuel,8-Speed A/T,Blue,Black,None reported,Yes,28900,7,1546.25,2.3362974939369443,0,1
RAM,1500 Classic Tradesman,2019,12466,Gasoline,395.0HP 5.7L 8 Cylinder Engine Gasoline Fuel,8-Speed A/T,Gray,Gray,None reported,Yes,28995,6,1780.857142857143,2.3259265201347668,0,1
Volvo,C70 T5,2011,199000,Gasoline,227.0HP 2.5L 5 Cylinder Engine Gasoline Fuel,Transmission w/Dual Shift Mode,Red,Beige,At least 1 accident or damage reported,Yes,5500,14,13266.666666666666,0.02763819095477387,1,0
Mercedes-Benz,SL-Class SL600 Roadster,2007,78200,Gasoline,510.0HP 5.5L 12 Cylinder Engine Gasoline Fuel,5-Speed A/T,Black,Brown,At least 1 accident or damage reported,Yes,22999,18,4115.789473684211,0.2941048593350384,1,1
Toyota,Camry Hybrid XLE,2018,22000,Hybrid,208.0HP 2.5L 4 Cylinder Engine Gas/Electric Hybrid,A/T,White,Beige,None reported,Yes,29500,7,2750.0,1.3409090909090908,0,1
GMC,Acadia SLE-2,2016,100795,Gasoline,3.6L V6 24V GDI DOHC,6-Speed Automatic,White Frost Tri-Coat,Ebony,At least 1 accident or damage reported,Yes,12995,9,10079.5,0.12892504588521256,1,1
Chevrolet,Impala 1LT,2019,99941,Gasoline,3.6L V6 24V GDI DOHC,6-Speed Automatic,Silver Ice Metallic,Jet Black,None reported,Yes,17816,6,14277.285714285714,0.17826517645410792,0,1
Jeep,Grand Cherokee L Laredo,2021,23588,Gasoline,3.6L V6 24V MPFI DOHC,8-Speed Automatic,Metallic,Global Black,None reported,Yes,38633,4,4717.6,1.6378243174495506,0,1
Jeep,Liberty Sport,2003,103000,Gasoline,210.0HP 3.7L V6 Cylinder Engine Gasoline Fuel,A/T,Black,Gray,None reported,Yes,5200,22,4478.260869565217,0.05048543689320388,0,1
Jaguar,XF Luxury,2009,91491,Gasoline,300.0HP 4.2L 8 Cylinder Engine Gasoline Fuel,6-Speed A/T,Blue,Beige,None reported,Yes,7000,16,5381.823529411765,0.07651025783956891,0,1
Honda,Civic Sport,2020,23131,Gasoline,2.0L I4 16V MPFI DOHC,Automatic CVT,Crystal Black Pearl,Black,At least 1 accident or damage reported,Yes,23739,5,3855.1666666666665,1.0262850719813237,1,1
Subaru,Outback 2.5i Premium,2019,77000,Gasoline,175.0HP 2.5L 4 Cylinder Engine Gasoline Fuel,CVT Transmission,Gray,Gray,At least 1 accident or damage reported,Yes,18749,6,11000.0,0.24349350649350648,1,0
Land,Rover Range Rover Sport HSE Dynamic,2019,20500,Gasoline,380.0HP 3.0L V6 Cylinder Engine Gasoline Fuel,A/T,White,White,None reported,Yes,76000,6,2928.5714285714284,3.707317073170732,0,1
Tesla,Model Y Long Range,2022,500,Gasoline,425.0HP Electric Motor Electric Fuel System,A/T,White,Black,None reported,Yes,45900,3,125.0,91.8,0,1
Lexus,ES 350 Base,2019,49810,Gasoline,302.0HP 3.5L V6 Cylinder Engine Gasoline Fuel,8-Speed A/T,Gray,Black,At least 1 accident or damage reported,Yes,33900,6,7115.714285714285,0.6805862276651274,1,1
Honda,CR-V Touring,2022,20229,Gasoline,1.5L I4 16V GDI DOHC Turbo,Automatic CVT,Black,Black,None reported,Yes,36727,3,5057.25,1.8155618171931385,0,1
Alfa,Romeo Giulia Quadrifoglio,2021,10558,Gasoline,505.0HP 2.9L V6 Cylinder Engine Gasoline Fuel,8-Speed A/T,White,Black,None reported,Yes,75000,4,2111.6,7.103618109490434,0,1
BMW,330 i,2005,59300,Gasoline,225.0HP 3.0L Straight 6 Cylinder Engine Gasoline Fuel,M/T,Red,Black,None reported,Yes,30900,20,2823.809523809524,0.521079258010118,0,0
Maybach,Type 57 Base,2004,34254,Gasoline,543.0HP 5.5L 12 Cylinder Engine Gasoline Fuel,5-Speed A/T,Brown,–,None reported,Yes,64250,21,1557.0,1.875693349681789,0,1
Lexus,ES 250 Base,2021,24364,Gasoline,2.5 Liter,Automatic,Eminent White Pearl,Chateau,None reported,Yes,37998,4,4872.8,1.5595961254309638,0,1
Mercedes-Benz,Sprinter 2500,2016,139200,Diesel,161.0HP 2.1L 4 Cylinder Engine Diesel Fuel,A/T,White,Black,At least 1 accident or damage reported,Yes,22000,9,13920.0,0.15804597701149425,1,1
Mercedes-Benz,E-Class E 350,2012,82046,Gasoline,302.0HP 3.5L V6 Cylinder Engine Gasoline Fuel,7-Speed A/T,Black,Beige,None reported,Yes,13999,13,5860.428571428572,0.1706237964068937,0,1
Dodge,Dakota Sport,1997,285000,Gasoline,230.0HP 5.2L 8 Cylinder Engine Gasoline Fuel,4-Speed A/T,White,Gray,None reported,Yes,6399,28,9827.586206896553,0.02245263157894737,0,1
RAM,1500 Tradesman/Express,2017,26269,E85 Flex Fuel,3.6L V6 24V MPFI DOHC Flexible Fuel,8-Speed Automatic,Bright White Clearcoat,Black,At least 1 accident or damage reported,Yes,25307,8,2918.777777777778,0.9633788876622635,1,1
Mazda,CX-9 Touring,2016,127131,Gasoline,227.0HP 2.5L 4 Cylinder Engine Gasoline Fuel,A/T,Brown,–,At least 1 accident or damage reported,Yes,16770,9,12713.1,0.1319111782334757,1,1
Porsche,911 Turbo S,2019,31000,Gasoline,580.0HP 3.8L Flat 6 Cylinder Engine Gasoline Fuel,Transmission w/Dual Shift Mode,White,Black,None reported,Yes,179900,6,4428.571428571428,5.803225806451613,0,0
BMW,X3 xDrive30i,2021,27000,Gasoline,248.0HP 2.0L 4 Cylinder Engine Gasoline Fuel,8-Speed A/T,Black,Brown,None reported,Yes,38400,4,5400.0,1.4222222222222223,0,1
Jeep,Grand Cherokee Limited,2015,93400,E85 Flex Fuel,290.0HP 3.6L V6 Cylinder Engine Flex Fuel Capability,A/T,White,Black,None reported,Yes,18900,10,8490.90909090909,0.20235546038543897,0,1
BMW,X7 xDrive40i,2021,9200,Hybrid,335.0HP 3.0L Straight 6 Cylinder Engine Gasoline/Mild Electric Hybrid,8-Speed A/T,White,Brown,At least 1 accident or damage reported,Yes,71200,4,1840.0,7.739130434782608,1,1
Mercedes-Benz,SL-Class SL 550,2014,76850,Gasoline,429.0HP 4.7L 8 Cylinder Engine Gasoline Fuel,7-Speed A/T,Brown,Beige,At least 1 accident or damage reported,Yes,32999,11,6404.166666666667,0.42939492517892,1,1
Bentley,Continental GT W12,2016,61160,Gasoline,582.0HP 6.0L 12 Cylinder Engine Gasoline Fuel,A/T,Black,Black,At least 1 accident or damage reported,Yes,98000,9,6116.0,1.6023544800523217,1,1
Jeep,Wrangler Unlimited,2005,146000,Gasoline,190.0HP 4.0L Straight 6 Cylinder Engine Gasoline Fuel,A/T,Red,Black,At least 1 accident or damage reported,Yes,15900,20,6952.380952380952,0.10890410958904109,1,1
Tesla,Model S 100D,2017,38957,Gasoline,Electric Motor Electric Fuel System,1-Speed A/T,Silver,Beige,None reported,Yes,46750,8,4328.555555555556,1.2000410709243525,0,1
Volkswagen,Golf SportWagen TSI SE,2017,33850,Gasoline,170.0HP 1.8L 4 Cylinder Engine Gasoline Fuel,6-Speed A/T,Blue,Beige,None reported,Yes,16500,8,3761.1111111111113,0.4874446085672083,0,1
Jeep,Wrangler Unlimited Sahara,2020,61830,Gasoline,2.0L I4 16V GDI DOHC Turbo,8-Speed Automatic,Granite Crystal Clearcoat Metallic,Black,At least 1 accident or damage reported,Yes,39860,5,10305.0,0.6446708717451075,1,1
Kia,Sorento SXL,2017,108559,Gasoline,3.3L V6 24V GDI DOHC,6-Speed Automatic,Titanium Silver,Satin Black,None reported,Yes,15998,8,12062.111111111111,0.14736686962849693,0,1
Lexus,LS 430 Base,2006,192000,Gasoline,278.0HP 4.3L 8 Cylinder Engine Gasoline Fuel,6-Speed A/T,Silver,Gray,At least 1 accident or damage reported,Yes,7390,19,9600.0,0.038489583333333334,1,1
Mercedes-Benz,E-Class E 350 4MATIC,2014,83112,Gasoline,302.0HP 3.5L V6 Cylinder Engine Gasoline Fuel,7-Speed A/T,Black,Black,None reported,Yes,15500,11,6926.0,0.18649533160073153,0,1
Tesla,Model X 75D,2016,52000,Gasoline,518.0HP Electric Motor Electric Fuel System,A/T,Black,Beige,None reported,Yes,52000,9,5200.0,1.0,0,1
RAM,1500 Rebel,2020,57300,Gasoline,395.0HP 5.7L 8 Cylinder Engine Gasoline Fuel,8-Speed A/T,Black,Black,None reported,Yes,43500,5,9550.0,0.7591623036649214,0,1
MINI,Cooper Base,2008,104500,Gasoline,118.0HP 1.6L 4 Cylinder Engine Gasoline Fuel,6-Speed A/T,Red,Black,At least 1 accident or damage reported,Yes,4100,17,5805.555555555556,0.03923444976076555,1,1
Jeep,Cherokee Sport,1996,170552,Gasoline,190.0HP 4.0L Straight 6 Cylinder Engine Gasoline Fuel,4-Speed A/T,Black,Gray,At least 1 accident or damage reported,Yes,6500,29,5685.066666666667,0.038111543693419014,1,1
Ford,Mustang GT Premium,2013,18000,Gasoline,412.0HP 5.0L 8 Cylinder Engine Gasoline Fuel,6-Speed A/T,Silver,Black,None reported,Yes,29000,12,1384.6153846153845,1.6111111111111112,0,1
Lincoln,Navigator Reserve,2019,39000,Gasoline,450.0HP 3.5L V6 Cylinder Engine Gasoline Fuel,10-Speed A/T,Black,Black,None reported,Yes,51999,6,5571.428571428572,1.3333076923076923,0,1
Jeep,Gladiator Rubicon,2020,38000,Gasoline,285.0HP 3.6L V6 Cylinder Engine Gasoline Fuel,8-Speed A/T,Black,Black,None reported,Yes,45000,5,6333.333333333333,1.1842105263157894,0,1
Porsche,Cayman GT4,2016,15168,Gasoline,385.0HP 3.8L Flat 6 Cylinder Engine Gasoline Fuel,6-Speed M/T,White,Black,None reported,Yes,115000,9,1516.8,7.581751054852321,0,0
Honda,Civic EX,2012,167506,Gasoline,140.0HP 1.8L 4 Cylinder Engine Gasoline Fuel,A/T,Black,–,None reported,Yes,6500,13,11964.714285714286,0.03880458013444295,0,1
Jeep,Grand Cherokee Laredo,2012,166000,E85 Flex Fuel,290.0HP 3.6L V6 Cylinder Engine Flex Fuel Capability,A/T,White,Gray,At least 1 accident or damage reported,Yes,13000,13,11857.142857142857,0.0783132530120482,1,1
Ford,Shelby GT500 Base,2021,19200,Gasoline,760.0HP 5.2L 8 Cylinder Engine Gasoline Fuel,Transmission w/Dual Shift Mode,Black,Black,None reported,Yes,82950,4,3840.0,4.3203125,0,0
Land,Rover Defender SE,2022,46000,Hybrid,395.0HP 3.0L Straight 6 Cylinder Engine Gasoline/Mild Electric Hybrid,8-Speed A/T,Green,Beige,None reported,Yes,75000,3,11500.0,1.6304347826086956,0,1
Hummer,H3 Base,2007,201000,Gasoline,242.0HP 3.7L 5 Cylinder Engine Gasoline Fuel,A/T,White,Black,At least 1 accident or damage reported,Yes,7200,18,10578.947368421053,0.03582089552238806,1,1
Kia,Sportage LX,2014,87000,Gasoline,182.0HP 2.4L 4 Cylinder Engine Gasoline Fuel,A/T,Black,Black,At least 1 accident or damage reported,Yes,8900,11,7250.0,0.10229885057471265,1,1
GMC,Yukon XL 1500 SLT,2015,145000,Gasoline,355.0HP 5.3L 8 Cylinder Engine Gasoline Fuel,6-Speed A/T,White,Beige,None reported,Yes,24950,10,13181.818181818182,0.17206896551724138,0,1
Jeep,Wrangler Unlimited Sport,2020,33060,Gasoline,285.0HP 3.6L V6 Cylinder Engine Gasoline Fuel,8-Speed A/T,White,Black,None reported,Yes,36500,5,5510.0,1.104053236539625,0,1
Ford,Bronco XLT,1995,195000,–,–,A/T,Blue,Gray,None reported,Yes,15000,30,6290.322580645161,0.07692307692307693,0,1
Tesla,Model S Long Range Plus,2021,10550,Gasoline,557.0HP Electric Motor Electric Fuel System,A/T,Gray,Black,None reported,Yes,67800,4,2110.0,6.42654028436019,0,1
Audi,A6 3.0T Prestige,2014,89500,Gasoline,310.0HP 3.0L V6 Cylinder Engine Gasoline Fuel,Transmission w/Dual Shift Mode,Gray,Black,None reported,Yes,18000,11,7458.333333333333,0.2011173184357542,0,0
Jeep,Wrangler 80th Anniversary,2021,27000,Hybrid,285.0HP 3.6L V6 Cylinder Engine Gasoline/Mild Electric Hybrid,8-Speed A/T,Red,Black,None reported,Yes,37500,4,5400.0,1.3888888888888888,0,1
Jeep,Wrangler Sport,2010,87250,Gasoline,202.0HP 3.8L V6 Cylinder Engine Gasoline Fuel,6-Speed M/T,Blue,Black,None reported,Yes,18500,15,5453.125,0.21203438395415472,0,0
Volkswagen,CC 2.0T Sport,2016,76495,Gasoline,200.0HP 2.0L 4 Cylinder Engine Gasoline Fuel,A/T,White,Black,At least 1 accident or damage reported,Yes,13000,9,7649.5,0.16994574808811033,1,1
Cadillac,SRX Luxury Collection,2016,70503,Gasoline,308.0HP 3.6L V6 Cylinder Engine Gasoline Fuel,6-Speed A/T,Silver,Beige,None reported,Yes,15500,9,7050.3,0.21984880076025134,0,1
Porsche,Cayenne Turbo,2009,41965,Gasoline,500.0HP 4.8L 8 Cylinder Engine Gasoline Fuel,Transmission w/Dual Shift Mode,Black,Beige,At least 1 accident or damage reported,Yes,35000,16,2468.529411764706,0.8340283569641368,1,0
Toyota,4Runner 4WD,1999,267000,Gasoline,150.0HP 2.7L 4 Cylinder Engine Gasoline Fuel,5-Speed M/T,Silver,Beige,At least 1 accident or damage reported,Yes,8000,26,9888.888888888889,0.0299625468164794,1,0
Mitsubishi,Eclipse GT,2003,146000,Gasoline,200.0HP 3.0L V6 Cylinder Engine Gasoline Fuel,4-Speed A/T,Gray,Black,At least 1 accident or damage reported,Yes,4200,22,6347.826086956522,0.028767123287671233,1,1
Chevrolet,Corvette Stingray w/1LT,2023,9000,Gasoline,490.0HP 6.2L 8 Cylinder Engine Gasoline Fuel,8-Speed A/T,White,White,None reported,Yes,82500,2,3000.0,9.166666666666666,0,1
Toyota,GR86 Premium,2022,1050,Gasoline,228.0HP 2.4L 4 Cylinder Engine Gasoline Fuel,6-Speed A/T,Gray,Black,None reported,Yes,40000,3,262.5,38.095238095238095,0,1
Land,Rover Range Rover P525 Westminster,2021,22270,Gasoline,5.0L V8 32V GDI DOHC Supercharged,8-Speed Automatic,Gray,Ebony,None reported,Yes,89900,4,4454.0,4.036820835204311,0,1
Ford,Mustang GT Premium,2012,19900,Gasoline,412.0HP 5.0L 8 Cylinder Engine Gasoline Fuel,6-Speed A/T,White,Black,None reported,Yes,26500,13,1421.4285714285713,1.3316582914572865,0,1
Tesla,Model Y Long Range,2020,19800,Gasoline,425.0HP Electric Motor Electric Fuel System,1-Speed A/T,White,White,None reported,Yes,44990,5,3300.0,2.272222222222222,0,1
RAM,1500 Sport,2012,113500,Gasoline,390.0HP 5.7L 8 Cylinder Engine Gasoline Fuel,A/T,Black,Black,None reported,Yes,17900,13,8107.142857142857,0.15770925110132158,0,1
Lamborghini,Gallardo LP550-2,2013,22000,Gasoline,550.0HP 5.2L 10 Cylinder Engine Gasoline Fuel,6-Speed A/T,Black,Black,None reported,Yes,150000,12,1692.3076923076924,6.818181818181818,0,1
INFINITI,Q60 3.0t Red Sport 400,2022,3300,Gasoline,400.0HP 3.0L V6 Cylinder Engine Gasoline Fuel,Transmission w/Dual Shift Mode,Red,Black,None reported,Yes,54000,3,825.0,16.363636363636363,0,0
Volkswagen,e-Golf SE,2016,41615,Gasoline,115.0HP Electric Motor Electric Fuel System,1-Speed A/T,Blue,Gray,None reported,Yes,12000,9,4161.5,0.2883575633785895,0,1
Tesla,Model X Long Range,2022,11860,Gasoline,670.0HP Electric Motor Electric Fuel System,A/T,White,White,None reported,Yes,92500,3,2965.0,7.799325463743676,0,1
BMW,M5 Base,2015,27000,Gasoline,560.0HP 4.4L 8 Cylinder Engine Gasoline Fuel,7-Speed A/T,Black,Black,None reported,Yes,52500,10,2454.5454545454545,1.9444444444444444,0,1
Kia,K5 GT-Line,2022,22101,Gasoline,1.6L I4 16V GDI DOHC Turbo,8-Speed Automatic,Glacial White Pearl,Black,At least 1 accident or damage reported,Yes,29430,3,5525.25,1.3316139541197232,1,1
Chevrolet,Caprice Classic Base,1996,60000,Gasoline,260.0HP 5.7L 8 Cylinder Engine Gasoline Fuel,A/T,Purple,Gray,None reported,Yes,18500,29,2000.0,0.30833333333333335,0,1
Subaru,BRZ Limited,2013,46452,Gasoline,200.0HP 2.0L 4 Cylinder Engine Gasoline Fuel,6-Speed M/T,Gray,Black,None reported,Yes,22888,12,3573.230769230769,0.4927236717471799,0,0
Lincoln,MKZ Reserve I,2019,36000,Gasoline,245.0HP 2.0L 4 Cylinder Engine Gasoline Fuel,6-Speed A/T,White,Beige,None reported,Yes,26500,6,5142.857142857143,0.7361111111111112,0,1
Chevrolet,Corvette Grand Sport,2019,13100,Gasoline,460.0HP 6.2L 8 Cylinder Engine Gasoline Fuel,7-Speed M/T,Silver,Red,None reported,Yes,61950,6,1871.4285714285713,4.729007633587786,0,0
Audi,Q5 2.0T Premium Plus,2019,50000,Gasoline,248.0HP 2.0L 4 Cylinder Engine Gasoline Fuel,7-Speed A/T,White,Beige,At least 1 accident or damage reported,Yes,27000,6,7142.857142857143,0.54,1,1
Mazda,CX-9 Signature,2018,19500,Gasoline,227.0HP 2.5L 4 Cylinder Engine Gasoline Fuel,Transmission w/Dual Shift Mode,White,Brown,None reported,Yes,32250,7,2437.5,1.6538461538461537,0,0
Ford,Mustang GT,2016,36000,Gasoline,435.0HP 5.0L 8 Cylinder Engine Gasoline Fuel,6-Speed M/T,Orange,Black,At least 1 accident or damage reported,Yes,31000,9,3600.0,0.8611111111111112,1,0
Rolls-Royce,Wraith Base,2016,21000,Gasoline,624.0HP 6.6L 12 Cylinder Engine Gasoline Fuel,A/T,Brown,Black,None reported,Yes,217000,9,2100.0,10.333333333333334,0,1
Chevrolet,Camaro 1SS,2022,6640,Gasoline,455.0HP 6.2L 8 Cylinder Engine Gasoline Fuel,A/T,Orange,Black,None reported,Yes,51999,3,1660.0,7.831174698795181,0,1
BMW,X5 xDrive35i,2016,74850,Gasoline,300.0HP 3.0L Straight 6 Cylinder Engine Gasoline Fuel,A/T,White,Brown,At least 1 accident or damage reported,Yes,21900,9,7485.0,0.2925851703406814,1,1
Nissan,Maxima SV,2014,117000,Gasoline,290.0HP 3.5L V6 Cylinder Engine Gasoline Fuel,Transmission w/Dual Shift Mode,White,Black,At least 1 accident or damage reported,Yes,10900,11,9750.0,0.09316239316239316,1,0
Toyota,Tundra TRD Pro,2016,51400,E85 Flex Fuel,381.0HP 5.7L 8 Cylinder Engine Flex Fuel Capability,6-Speed A/T,Black,Black,None reported,Yes,39900,9,5140.0,0.7762645914396887,0,1
INFINITI,QX60 AUTOGRAPH,2022,6000,Gasoline,295.0HP 3.5L V6 Cylinder Engine Gasoline Fuel,9-Speed A/T,Gold,Brown,None reported,Yes,57999,3,1500.0,9.6665,0,1
Mitsubishi,Lancer Evolution MR,2006,128000,Gasoline,286.0HP 2.0L 4 Cylinder Engine Gasoline Fuel,6-Speed M/T,Silver,Black,None reported,Yes,37999,19,6400.0,0.2968671875,0,0
BMW,X3 xDrive30i,2021,15000,Gasoline,248.0HP 2.0L 4 Cylinder Engine Gasoline Fuel,Transmission w/Dual Shift Mode,White,Brown,None reported,Yes,39995,4,3000.0,2.666333333333333,0,0
Toyota,Tundra SR5,2016,119000,Gasoline,381.0HP 5.7L 8 Cylinder Engine Gasoline Fuel,6-Speed A/T,Red,Black,None reported,Yes,29950,9,11900.0,0.25168067226890756,0,1
Lincoln,Mark LT Base,2006,87500,Gasoline,300.0HP 5.4L 8 Cylinder Engine Gasoline Fuel,A/T,Silver,Black,At least 1 accident or damage reported,Yes,12999,19,4375.0,0.14856,1,1
Ford,Flex SEL,2011,149000,Gasoline,262.0HP 3.5L V6 Cylinder Engine Gasoline Fuel,6-Speed A/T,Black,Beige,None reported,Yes,7999,14,9933.333333333334,0.05368456375838926,0,1
Audi,Q5 2.0T Premium Plus,2015,54700,E85 Flex Fuel,220.0HP 2.0L 4 Cylinder Engine Flex Fuel Capability,8-Speed A/T,Gray,Brown,At least 1 accident or damage reported,Yes,20995,10,4972.727272727273,0.38382084095063984,1,1
Ford,F-150 XL,2021,45979,Gasoline,3.5L V6 24V PDI DOHC Twin Turbo,10-Speed Automatic,Agate Black Metallic,Black,None reported,Yes,38532,4,9195.8,0.8380347549968464,0,1
Lincoln,Continental Reserve,2017,56846,Gasoline,335.0HP 2.7L V6 Cylinder Engine Gasoline Fuel,Transmission w/Dual Shift Mode,White,Beige,None reported,Yes,29000,8,6316.222222222223,0.5101502304471731,0,0
Tesla,Model X 75D,2017,94100,Gasoline,518.0HP Electric Motor Electric Fuel System,A/T,Black,Orange,At least 1 accident or damage reported,Yes,49900,8,10455.555555555555,0.5302869287991498,1,1
Jeep,Grand Cherokee Limited,2017,80150,Gasoline,293.0HP 3.6L V6 Cylinder Engine Gasoline Fuel,8-Speed A/T,Blue,Black,At least 1 accident or damage reported,Yes,22500,8,8905.555555555555,0.280723643169058,1,1
GMC,Terrain SLT-1,2013,11563,Gasoline,182.0HP 2.4L 4 Cylinder Engine Gasoline Fuel,A/T,Blue,Black,At least 1 accident or damage reported,Yes,12300,12,889.4615384615385,1.0637377843120297,1,1
Tesla,Model X Long Range,2022,7500,Gasoline,670.0HP Electric Motor Electric Fuel System,A/T,Silver,Black,None reported,Yes,84000,3,1875.0,11.2,0,1
Mercedes-Benz,AMG E 53 Base 4MATIC,2021,15615,Hybrid,429.0HP 3.0L Straight 6 Cylinder Engine Gasoline/Mild Electric Hybrid,9-Speed A/T,Gray,Black,None reported,Yes,78000,4,3123.0,4.995196926032661,0,1
Subaru,Impreza WRX Base,2013,113000,Gasoline,265.0HP 2.5L 4 Cylinder Engine Gasoline Fuel,5-Speed M/T,Blue,Black,At least 1 accident or damage reported,Yes,16000,12,8692.307692307691,0.1415929203539823,1,0
Kia,Optima S,2018,74000,Gasoline,185.0HP 2.4L 4 Cylinder Engine Gasoline Fuel,6-Speed A/T,White,Black,None reported,Yes,15000,7,9250.0,0.20270270270270271,0,1
Mercedes-Benz,M-Class ML 350,2011,99200,Gasoline,268.0HP 3.5L V6 Cylinder Engine Gasoline Fuel,A/T,Black,Black,None reported,Yes,11900,14,6613.333333333333,0.11995967741935484,0,1
Volkswagen,Beetle 2.0T S,2018,36824,Gasoline,174.0HP 2.0L 4 Cylinder Engine Gasoline Fuel,6-Speed A/T,Red,Red,None reported,Yes,23999,7,4603.0,0.6517217032370194,0,1
Acura,RSX Base,2005,186040,Gasoline,160.0HP 2.0L 4 Cylinder Engine Gasoline Fuel,A/T,Gray,Beige,At least 1 accident or damage reported,Yes,6700,20,8859.047619047618,0.036013760481616856,1,1
GMC,Acadia SLE,2020,58000,Gasoline,310.0HP 3.6L V6 Cylinder Engine Gasoline Fuel,9-Speed A/T,Black,Black,None reported,Yes,27700,5,9666.666666666666,0.47758620689655173,0,1
Ford,F-150 Lariat,2020,31250,Gasoline,325.0HP 2.7L V6 Cylinder Engine Gasoline Fuel,A/T,Blue,Gray,None reported,Yes,42500,5,5208.333333333333,1.36,0,1
Jeep,Gladiator Overland,2020,43000,Gasoline,285.0HP 3.6L V6 Cylinder Engine Gasoline Fuel,A/T,White,Beige,None reported,Yes,46500,5,7166.666666666667,1.0813953488372092,0,1
Toyota,Tacoma TRD Sport,2020,41199,Gasoline,3.5 Liter,6 Speed Mt,Black,Black/Gun Metal,None reported,Yes,41598,5,6866.5,1.0096847010849779,0,0
Kia,EV6 GT-Line,2022,22000,Gasoline,320.0HP Electric Motor Electric Fuel System,1-Speed A/T,Gray,Black,None reported,Yes,45000,3,5500.0,2.0454545454545454,0,1
Genesis,GV70 3.5T Sport,2022,12900,Gasoline,375.0HP 3.5L V6 Cylinder Engine Gasoline Fuel,8-Speed A/T,Gray,White,None reported,Yes,53000,3,3225.0,4.108527131782946,0,1
Ford,Explorer ST,2022,10500,Gasoline,400.0HP 3.0L V6 Cylinder Engine Gasoline Fuel,Transmission w/Dual Shift Mode,Black,Black,None reported,Yes,50000,3,2625.0,4.761904761904762,0,0
MINI,Countryman Cooper,2020,74725,Gasoline,1.5L I3 12V GDI DOHC Turbo,7-Speed Automatic with Auto-Shift,Black,Black,None reported,Yes,21612,5,12454.166666666666,0.289220475075276,0,1
Mazda,CX-5 Grand Touring,2021,61117,Gasoline,2.5L I4 16V GDI DOHC,6-Speed Automatic,Sonic Silver Metallic,Black,None reported,Yes,26485,4,12223.4,0.4333491499910009,0,1
BMW,325 i,2003,142000,Gasoline,184.0HP 2.5L Straight 6 Cylinder Engine Gasoline Fuel,5-Speed M/T,Silver,Black,At least 1 accident or damage reported,Yes,4800,22,6173.913043478261,0.03380281690140845,1,0
Ford,Mustang EcoBoost Premium,2019,31000,–,–,6-Speed M/T,Gray,Black,None reported,Yes,34700,6,4428.571428571428,1.1193548387096774,0,0
Toyota,Yaris L,2012,129355,Gasoline,106.0HP 1.5L 4 Cylinder Engine Gasoline Fuel,4-Speed A/T,Black,Gray,At least 1 accident or damage reported,Yes,7950,13,9239.642857142857,0.06145877623593986,1,1
Chevrolet,Express 1500 Base,2010,204000,E85 Flex Fuel,310.0HP 5.3L 8 Cylinder Engine Flex Fuel Capability,4-Speed A/T,White,Gray,At least 1 accident or damage reported,Yes,4900,15,12750.0,0.024019607843137256,1,1
Lincoln,Navigator L Select,2016,115600,Gasoline,380.0HP 3.5L V6 Cylinder Engine Gasoline Fuel,6-Speed A/T,Black,Black,None reported,Yes,22500,9,11560.0,0.19463667820069205,0,1
Jeep,Wrangler Sahara Altitude,2023,1563,Hybrid,285.0HP 3.6L V6 Cylinder Engine Gasoline/Mild Electric Hybrid,A/T,Gray,Black,None reported,Yes,62500,2,521.0,39.9872040946897,0,1
Bentley,Continental GT Base,2007,72166,Gasoline,552.0HP 6.0L 12 Cylinder Engine Gasoline Fuel,A/T,Black,Black,At least 1 accident or damage reported,Yes,35995,18,3798.2105263157896,0.49878058919712887,1,1
Lexus,RX 350 F Sport,2018,26100,Gasoline,295.0HP 3.5L V6 Cylinder Engine Gasoline Fuel,8-Speed A/T,Gray,Red,None reported,Yes,37899,7,3262.5,1.4520689655172414,0,1
BMW,430 i,2017,58880,Gasoline,248.0HP 2.0L 4 Cylinder Engine Gasoline Fuel,8-Speed A/T,White,Brown,None reported,Yes,21000,8,6542.222222222223,0.35665760869565216,0,1
Cadillac,Escalade Sport Platinum,2021,26000,Gasoline,420.0HP 6.2L 8 Cylinder Engine Gasoline Fuel,10-Speed A/T,Black,Black,None reported,Yes,104000,4,5200.0,4.0,0,1
Honda,Civic EX,2008,190640,Gasoline,140.0HP 1.8L 4 Cylinder Engine Gasoline Fuel,5-Speed M/T,Silver,Silver,At least 1 accident or damage reported,Yes,5500,17,10591.111111111111,0.028850188837599666,1,0
Porsche,Cayenne AWD,2020,37500,Gasoline,335.0HP 3.0L V6 Cylinder Engine Gasoline Fuel,8-Speed A/T,White,Black,None reported,Yes,59900,5,6250.0,1.5973333333333333,0,1
Ford,Mustang Mach-E GT,2022,13856,Gasoline,480.0HP Electric Motor Electric Fuel System,1-Speed A/T,White,Black,None reported,Yes,54000,3,3464.0,3.897228637413395,0,1
Cadillac,ATS 2.5L Luxury,2013,225000,Gasoline,202.0HP 2.5L 4 Cylinder Engine Gasoline Fuel,6-Speed A/T,Blue,Black,None reported,Yes,13600,12,17307.69230769231,0.060444444444444446,0,1
Lexus,LS 460 Base,2014,123256,Gasoline,386.0HP 4.6L 8 Cylinder Engine Gasoline Fuel,8-Speed A/T,White,Beige,None reported,Yes,24995,11,10271.333333333334,0.20278931654442786,0,1
Cadillac,Escalade Premium Luxury,2021,11459,Gasoline,420.0HP 6.2L 8 Cylinder Engine Gasoline Fuel,10-Speed A/T,White,Brown,None reported,Yes,88900,4,2291.8,7.758094074526573,0,1
Mercedes-Benz,C-Class C 300 4MATIC Sport,2016,67289,Gasoline,241.0HP 2.0L 4 Cylinder Engine Gasoline Fuel,7-Speed A/T,White,Gray,None reported,Yes,20490,9,6728.9,0.30450742320438706,0,1
Hyundai,Veloster Base,2013,56837,Gasoline,132.0HP 1.6L 4 Cylinder Engine Gasoline Fuel,Transmission w/Dual Shift Mode,Silver,Black,At least 1 accident or damage reported,Yes,10500,12,4372.076923076923,0.18473881450463606,1,0
Chevrolet,Corvette Base,2002,44168,Gasoline,350.0HP 5.7L 8 Cylinder Engine Gasoline Fuel,4-Speed A/T,Orange,Black,None reported,Yes,30000,23,1840.3333333333333,0.6792247781199058,0,1
Mercedes-Benz,C-Class C 300 4MATIC,2019,59766,Gasoline,2.0L I4 16V GDI DOHC Turbo,9-Speed Automatic,Lunar Blue Metallic,Macchiato,None reported,Yes,26900,6,8538.0,0.4500886791821437,0,1
Kia,Stinger GT,2018,56300,Gasoline,365.0HP 3.3L V6 Cylinder Engine Gasoline Fuel,A/T,Silver,Black,None reported,Yes,29950,7,7037.5,0.5319715808170515,0,1
Volvo,S60 R,2004,167000,Gasoline,300.0HP 2.5L 5 Cylinder Engine Gasoline Fuel,6-Speed M/T,Black,Beige,None reported,Yes,8000,21,7590.909090909091,0.04790419161676647,0,0
Chevrolet,Silverado 2500 LT,2015,122770,E85 Flex Fuel,360.0HP 6.0L 8 Cylinder Engine Flex Fuel Capability,A/T,Brown,Black,None reported,Yes,27499,10,11160.90909090909,0.22398794493768837,0,1
Land,Rover Range Rover 3.0L V6 Supercharged HSE,2019,59271,Gasoline,380.0HP 3.0L V6 Cylinder Engine Gasoline Fuel,A/T,Black,Black,None reported,Yes,54995,6,8467.285714285714,0.927856793372813,0,1
GMC,Sierra 1500 SLE,2015,102000,Gasoline,355.0HP 5.3L 8 Cylinder Engine Gasoline Fuel,6-Speed A/T,Silver,Black,At least 1 accident or damage reported,Yes,24500,10,9272.727272727272,0.24019607843137256,1,1
Chevrolet,Silverado 1500 RST,2020,40929,Gasoline,5.3L V8 16V GDI OHV,Automatic,Cajun Red Tintcoat,Jet Black,At least 1 accident or damage reported,Yes,44800,5,6821.5,1.094578416281854,1,1
Porsche,911 Turbo S,2019,22000,Gasoline,580.0HP 3.8L Flat 6 Cylinder Engine Gasoline Fuel,7-Speed A/T,White,Beige,None reported,Yes,174900,6,3142.8571428571427,7.95,0,1
Chevrolet,Suburban Z71,2022,19200,Gasoline,420.0HP 6.2L 8 Cylinder Engine Gasoline Fuel,10-Speed A/T,White,Black,None reported,Yes,69790,3,4800.0,3.634895833333333,0,1
Mercedes-Benz,G-Class G 550 4MATIC,2019,32376,Gasoline,416.0HP 4.0L 8 Cylinder Engine Gasoline Fuel,A/T,Black,Black,None reported,Yes,128000,6,4625.142857142857,3.953545836422041,0,1
Porsche,911 Carrera,2023,19800,Gasoline,379.0HP 3.0L Flat 6 Cylinder Engine Gasoline Fuel,8-Speed A/T,Silver,Black,None reported,Yes,134900,2,6600.0,6.813131313131313,0,1
Land,Rover Range Rover Sport HSE,2011,105000,Gasoline,375.0HP 5.0L 8 Cylinder Engine Gasoline Fuel,A/T,Black,Black,None reported,Yes,10000,14,7000.0,0.09523809523809523,0,1
Ford,F-250 Lariat,2016,122650,Diesel,440.0HP 6.7L 8 Cylinder Engine Diesel Fuel,6-Speed A/T,Gray,Black,None reported,Yes,38900,9,12265.0,0.31716265796983284,0,1
Subaru,BRZ Limited,2022,14000,Gasoline,228.0HP 2.4L 4 Cylinder Engine Gasoline Fuel,6-Speed M/T,White,Black,None reported,Yes,34999,3,3500.0,2.4999285714285713,0,0
Lexus,LS 460 Base,2008,100868,Gasoline,380.0HP 4.6L 8 Cylinder Engine Gasoline Fuel,8-Speed A/T,Black,Beige,None reported,Yes,15397,17,5603.777777777777,0.15264504104374033,0,1
Land,Rover Range Rover Sport HSE,2013,111000,Gasoline,375.0HP 5.0L 8 Cylinder Engine Gasoline Fuel,6-Speed A/T,Black,Black,At least 1 accident or damage reported,Yes,15000,12,8538.461538461539,0.13513513513513514,1,1
Cadillac,Escalade Sport Platinum,2021,38500,Gasoline,420.0HP 6.2L 8 Cylinder Engine Gasoline Fuel,A/T,White,Black,At least 1 accident or damage reported,Yes,94995,4,7700.0,2.4674025974025975,1,1
Nissan,Pathfinder S,2020,41250,Gasoline,284.0HP 3.5L V6 Cylinder Engine Gasoline Fuel,CVT Transmission,White,–,None reported,Yes,21865,5,6875.0,0.530060606060606,0,0
MINI,Cooper S Base,2006,99600,Gasoline,168.0HP 1.6L 4 Cylinder Engine Gasoline Fuel,6-Speed A/T,Orange,Black,None reported,Yes,5500,19,4980.0,0.055220883534136546,0,1
Acura,ILX 2.0L w/Premium Package,2013,198000,Gasoline,150.0HP 2.0L 4 Cylinder Engine Gasoline Fuel,Transmission w/Dual Shift Mode,White,Black,At least 1 accident or damage reported,Yes,11000,12,15230.76923076923,0.05555555555555555,1,0
Lexus,RX 350 Base,2021,20598,Gasoline,3.5L V6 24V PDI DOHC,8-Speed Automatic,Atomic Silver,Gray,At least 1 accident or damage reported,Yes,42599,4,4119.6,2.068113409068842,1,1
Porsche,911 Carrera S,2013,52044,Gasoline,400.0HP 3.8L Flat 6 Cylinder Engine Gasoline Fuel,7-Speed M/T,White,Gray,None reported,Yes,76500,12,4003.3846153846152,1.4699100760894628,0,0
MINI,Hardtop Cooper S,2022,23777,Gasoline,189.0HP 2.0L 4 Cylinder Engine Gasoline Fuel,6-Speed M/T,Gray,Black,None reported,Yes,30000,3,5944.25,1.2617235143205618,0,0
Ford,F-150 Platinum,2018,60660,Gasoline,375.0HP 3.5L V6 Cylinder Engine Gasoline Fuel,A/T,Gold,Black,At least 1 accident or damage reported,Yes,46900,7,7582.5,0.7731618859215298,1,1
BMW,i3 Base,2015,26000,Gasoline,170.0HP 0.65L Electric Motor Electric Fuel System,1-Speed A/T,White,Beige,None reported,Yes,14999,10,2363.6363636363635,0.5768846153846154,0,1
Mazda,CX-5 Touring,2018,61000,Gasoline,187.0HP 2.5L 4 Cylinder Engine Gasoline Fuel,Transmission w/Dual Shift Mode,Gray,Black,None reported,Yes,21800,7,7625.0,0.35737704918032787,0,0
Lexus,RX 350 F Sport Performance,2020,53750,Gasoline,295.0HP 3.5L V6 Cylinder Engine Gasoline Fuel,A/T,Black,Red,None reported,Yes,32600,5,8958.333333333334,0.6065116279069768,0,1
BMW,X5 M50i,2023,13735,Gasoline,4.4L V8 32V GDI DOHC Twin Turbo,8-Speed Automatic,Black Sapphire Metallic,Black,None reported,Yes,77897,2,4578.333333333333,5.671423370950127,0,1
Mercedes-Benz,E-Class E 300,2019,32580,Gasoline,2.0 Liter Turbo,Automatic,Obsidian Black Metallic,Beige,None reported,Yes,33998,6,4654.285714285715,1.043523634131369,0,1
Porsche,911 Carrera Cabriolet,2006,96275,Gasoline,325.0HP 3.6L Flat 6 Cylinder Engine Gasoline Fuel,6-Speed M/T,Silver,Black,At least 1 accident or damage reported,Yes,52500,19,4813.75,0.5453129057387691,1,0
Ford,F-350 Lariat,2015,162000,Diesel,440.0HP 6.7L 8 Cylinder Engine Diesel Fuel,Transmission w/Dual Shift Mode,Red,Beige,None reported,Yes,32000,10,14727.272727272728,0.19753086419753085,0,0
BMW,X3 xDrive30i,2019,92040,Gasoline,2.0L I4 16V GDI DOHC Turbo,8-Speed Automatic,Alpine White,Black,None reported,Yes,24999,6,13148.57142857143,0.27161016949152544,0,1
RAM,1500 SLT,2017,73690,Gasoline,395.0HP 5.7L 8 Cylinder Engine Gasoline Fuel,8-Speed A/T,Blue,Gray,At least 1 accident or damage reported,Yes,27000,8,8187.777777777777,0.3663997828742027,1,1
Toyota,Tacoma Base,2009,48750,Gasoline,159.0HP 2.7L 4 Cylinder Engine Gasoline Fuel,M/T,Brown,Silver,None reported,Yes,17900,16,2867.6470588235293,0.3671794871794872,0,0
Cadillac,SRX Performance Collection,2011,124542,Gasoline,265.0HP 3.0L V6 Cylinder Engine Gasoline Fuel,6-Speed A/T,Gray,Beige,None reported,Yes,8450,14,8302.8,0.06784859726036196,0,1
Ford,Mustang GT Premium,2010,69000,Gasoline,315.0HP 4.6L 8 Cylinder Engine Gasoline Fuel,5-Speed A/T,White,Black,None reported,Yes,20000,15,4312.5,0.2898550724637681,0,1
Dodge,Ram 2500 Laramie Quad Cab,2004,148000,Diesel,250.0HP 5.9L Straight 6 Cylinder Engine Diesel Fuel,4-Speed A/T,Black,Beige,None reported,Yes,19000,21,6727.272727272727,0.12837837837837837,0,1
BMW,650 i,2006,122141,Gasoline,360.0HP 4.8L 8 Cylinder Engine Gasoline Fuel,6-Speed M/T,Silver,Black,None reported,Yes,10500,19,6107.05,0.08596621936941731,0,0
Subaru,Impreza WRX,2012,106000,Gasoline,265.0HP 2.5L 4 Cylinder Engine Gasoline Fuel,M/T,Black,Black,None reported,Yes,15000,13,7571.428571428572,0.14150943396226415,0,0
Ford,Edge Titanium,2017,113294,Gasoline,245.0HP 2.0L 4 Cylinder Engine Gasoline Fuel,6-Speed A/T,Gray,Black,At least 1 accident or damage reported,Yes,16500,8,12588.222222222223,0.14563878051794446,1,1
Kia,Telluride SX,2021,24423,Gasoline,3.8L V6 24V GDI DOHC,8-Speed Automatic,Black,Black,None reported,Yes,44315,4,4884.6,1.8144781558367113,0,1
Tesla,Model S Long Range,2022,28000,Gasoline,670.0HP Electric Motor Electric Fuel System,1-Speed A/T,Gray,White,None reported,Yes,68750,3,7000.0,2.455357142857143,0,1
RAM,1500 Rebel,2018,54800,Gasoline,395.0HP 5.7L 8 Cylinder Engine Gasoline Fuel,A/T,White,Black,At least 1 accident or damage reported,Yes,37050,7,6850.0,0.676094890510949,1,1
Ford,Explorer XLT,2017,161000,Gasoline,290.0HP 3.5L V6 Cylinder Engine Gasoline Fuel,6-Speed A/T,Gray,Black,None reported,Yes,17500,8,17888.88888888889,0.10869565217391304,0,1
Mercedes-Benz,AMG GLE 43 4MATIC Coupe,2019,28755,Gasoline,385.0HP 3.0L V6 Cylinder Engine Gasoline Fuel,9-Speed A/T,Black,Black,None reported,Yes,61350,6,4107.857142857143,2.133541992696922,0,1
Audi,Q5 2.0T Premium Plus,2016,52105,E85 Flex Fuel,220.0HP 2.0L 4 Cylinder Engine Flex Fuel Capability,A/T,White,Beige,At least 1 accident or damage reported,Yes,20499,9,5210.5,0.39341713847039633,1,1
Nissan,Armada Platinum,2018,119950,Gasoline,390.0HP 5.6L 8 Cylinder Engine Gasoline Fuel,Transmission w/Dual Shift Mode,Black,Black,None reported,Yes,20999,7,14993.75,0.1750646102542726,0,0
Mercedes-Benz,SL-Class SL500 Roadster,2003,80081,Gasoline,302.0HP 5.0L 8 Cylinder Engine Gasoline Fuel,5-Speed A/T,White,Beige,None reported,Yes,12500,22,3481.782608695652,0.1560919568936452,0,1
Bentley,Bentayga V8,2021,24500,Gasoline,542.0HP 4.0L 8 Cylinder Engine Gasoline Fuel,8-Speed A/T,White,White,None reported,Yes,165000,4,4900.0,6.73469387755102,0,1
Jeep,Gladiator Overland,2021,4100,Gasoline,285.0HP 3.6L V6 Cylinder Engine Gasoline Fuel,A/T,Black,Black,None reported,Yes,55000,4,820.0,13.414634146341463,0,1
BMW,M2 CS,2020,9670,Gasoline,444.0HP 3.0L Straight 6 Cylinder Engine Gasoline Fuel,Transmission w/Dual Shift Mode,Blue,Black,None reported,Yes,103500,5,1611.6666666666667,10.703205791106514,0,0
Dodge,Charger SE,2017,63250,Gasoline,292.0HP 3.6L V6 Cylinder Engine Gasoline Fuel,A/T,Red,Black,None reported,Yes,18650,8,7027.777777777777,0.2948616600790514,0,1
Lincoln,MKX Black Label,2017,69431,Gasoline,335.0HP 2.7L V6 Cylinder Engine Gasoline Fuel,6-Speed A/T,Silver,Black,None reported,Yes,26500,8,7714.555555555556,0.3816738920655039,0,1
Toyota,Tundra SR5,2015,108044,Gasoline,5.7L V8 32V MPFI DOHC,6-Speed Automatic,Black,–,None reported,Yes,31380,10,9822.181818181818,0.29043722927696125,0,1
BMW,335 i,2008,98000,Gasoline,300.0HP 3.0L Straight 6 Cylinder Engine Gasoline Fuel,Transmission w/Dual Shift Mode,Black,Brown,None reported,Yes,13998,17,5444.444444444444,0.14283673469387756,0,0
BMW,X1 xDrive28i,2019,52253,Gasoline,228.0HP 2.0L 4 Cylinder Engine Gasoline Fuel,Transmission w/Dual Shift Mode,White,Black,None reported,Yes,34500,6,7464.714285714285,0.6602491722963275,0,0
Ford,F-350 Platinum,2022,23850,Diesel,475.0HP 6.7L 8 Cylinder Engine Diesel Fuel,10-Speed A/T,Silver,Black,None reported,Yes,99750,3,5962.5,4.182389937106918,0,1
Mercedes-Benz,Sprinter High Roof,2015,1500,Diesel,188.0HP 3.0L V6 Cylinder Engine Diesel Fuel,A/T,White,Gray,None reported,Yes,39500,10,136.36363636363637,26.333333333333332,0,1
Dodge,Challenger GT,2021,40000,Gasoline,303.0HP 3.6L V6 Cylinder Engine Gasoline Fuel,A/T,Black,Black,None reported,Yes,32500,4,8000.0,0.8125,0,1
Audi,S4 3.0 Prestige,2012,38718,Gasoline,333.0HP 3.0L V6 Cylinder Engine Gasoline Fuel,7-Speed A/T,Black,Black,None reported,Yes,31000,13,2765.5714285714284,0.8006611911772302,0,1
Toyota,Tacoma TRD Sport,2018,84184,Gasoline,3.5 Liter,Automatic,Magnetic Gray Metallic,Graphite w/Gun Metal,None reported,Yes,35998,7,10523.0,0.42761094744844624,0,1
Mercedes-Benz,Sprinter 2500 Standard Roof,2021,13344,Diesel,188.0HP 3.0L V6 Cylinder Engine Diesel Fuel,7-Speed A/T,Red,Black,None reported,Yes,56500,4,2668.8,4.234112709832134,0,1
INFINITI,Q50 3.0t Red Sport 400,2018,51850,Gasoline,400.0HP 3.0L V6 Cylinder Engine Gasoline Fuel,Transmission w/Dual Shift Mode,Black,Black,None reported,Yes,28900,7,6481.25,0.5573770491803278,0,0
Porsche,911 Carrera 4S,2002,119500,Gasoline,320.0HP 3.6L Flat 6 Cylinder Engine Gasoline Fuel,6-Speed M/T,Black,Black,At least 1 accident or damage reported,Yes,36995,23,4979.166666666667,0.309581589958159,1,0
Ford,Expedition Max Limited,2021,30918,Gasoline,375.0HP 3.5L V6 Cylinder Engine Gasoline Fuel,10-Speed A/T,White,Beige,None reported,Yes,51999,4,6183.6,1.681835823791966,0,1
Chevrolet,Corvette Stingray w/3LT,2023,1100,Gasoline,490.0HP 6.2L 8 Cylinder Engine Gasoline Fuel,8-Speed A/T,Gray,Beige,None reported,Yes,92000,2,366.6666666666667,83.63636363636364,0,1
Mercedes-Benz,C-Class C 300,2019,40000,Gasoline,255.0HP 2.0L 4 Cylinder Engine Gasoline Fuel,A/T,Blue,Black,None reported,Yes,27900,6,5714.285714285715,0.6975,0,1
Jeep,Grand Cherokee Limited,2005,100500,Gasoline,325.0HP 5.7L 8 Cylinder Engine Gasoline Fuel,A/T,Black,Gray,None reported,Yes,9998,20,4785.714285714285,0.09948258706467662,0,1
Dodge,Charger SRT Hellcat,2020,54320,Gasoline,707.0HP 6.2L 8 Cylinder Engine Gasoline Fuel,8-Speed A/T,Gray,Black,At least 1 accident or damage reported,Yes,67000,5,9053.333333333334,1.2334315169366716,1,1
Mercedes-Benz,C-Class C 300 4MATIC,2018,49000,Gasoline,241.0HP 2.0L 4 Cylinder Engine Gasoline Fuel,A/T,Black,Black,None reported,Yes,23450,7,6125.0,0.4785714285714286,0,1
Porsche,911 Carrera S,2020,28000,Gasoline,443.0HP 3.0L Flat 6 Cylinder Engine Gasoline Fuel,8-Speed A/T,Gray,Black,None reported,Yes,134999,5,4666.666666666667,4.8213928571428575,0,1
Porsche,911 GT3,2022,1750,Gasoline,502.0HP 4.0L Flat 6 Cylinder Engine Gasoline Fuel,7-Speed A/T,White,Black,None reported,Yes,275000,3,437.5,157.14285714285714,0,1
Cadillac,DTS Luxury,2007,130000,Gasoline,275.0HP 4.6L 8 Cylinder Engine Gasoline Fuel,A/T,Gold,Beige,At least 1 accident or damage reported,Yes,3499,18,6842.105263157895,0.026915384615384615,1,1
Maserati,Grecale Modena,2023,3721,Gasoline,2.0L I4 16V GDI DOHC Turbo,8-Speed Automatic,White,Red,None reported,Yes,69645,2,1240.3333333333333,18.716742811072294,0,1
Mercedes-Benz,S-Class S 550,2016,78101,Gasoline,449.0HP 4.7L 8 Cylinder Engine Gasoline Fuel,7-Speed A/T,Black,Black,None reported,Yes,34500,9,7810.1,0.4417357012074109,0,1
Chevrolet,Malibu 1LT,2017,54000,Gasoline,160.0HP 1.5L 4 Cylinder Engine Gasoline Fuel,A/T,Gray,Gray,At least 1 accident or damage reported,Yes,16000,8,6000.0,0.2962962962962963,1,1
Nissan,Quest SL,2011,185000,Gasoline,260.0HP 3.5L V6 Cylinder Engine Gasoline Fuel,A/T,White,Gray,At least 1 accident or damage reported,Yes,7500,14,12333.333333333334,0.04054054054054054,1,1
Mercedes-Benz,SLK-Class SLK 250,2015,49000,Gasoline,201.0HP 1.8L 4 Cylinder Engine Gasoline Fuel,7-Speed A/T,Blue,Beige,None reported,Yes,23500,10,4454.545454545455,0.47959183673469385,0,1
GMC,Sierra 2500 Denali,2024,2043,Gasoline,401.0HP 6.6L 8 Cylinder Engine Gasoline Fuel,10-Speed A/T,White,Black,None reported,Yes,81500,1,1021.5,39.8923152227117,0,1
Lexus,RX 350 Base,2016,71750,Gasoline,295.0HP 3.5L V6 Cylinder Engine Gasoline Fuel,8-Speed A/T,Black,Brown,None reported,Yes,28000,9,7175.0,0.3902439024390244,0,1
Chevrolet,Corvette Stingray w/3LT,2020,5194,Gasoline,6.2L V8 16V GDI OHV,8-Speed Automatic with Auto-Shift,Arctic White,Tension,None reported,Yes,87500,5,865.6666666666666,16.846361185983827,0,1
BMW,330 i,2019,42200,Gasoline,255.0HP 2.0L 4 Cylinder Engine Gasoline Fuel,8-Speed A/T,White,Black,None reported,Yes,27500,6,6028.571428571428,0.6516587677725119,0,1
Mercedes-Benz,GLC 300 Base,2020,42717,Gasoline,255.0HP 2.0L 4 Cylinder Engine Gasoline Fuel,A/T,Gold,Beige,None reported,Yes,33500,5,7119.5,0.7842311023714212,0,1
Tesla,Model S 75D,2016,102260,Gasoline,518.0HP Electric Motor Electric Fuel System,1-Speed A/T,White,Black,None reported,Yes,31300,9,10226.0,0.30608253471543123,0,1
Chevrolet,Corvette Stingray w/2LT,2022,11089,Gasoline,6.2L V8 16V GDI OHV,8-Speed Manual,Silver Flare Metallic,Adrenaline Red,None reported,Yes,80900,3,2772.25,7.295518080981153,0,0
Jaguar,XF 25t Prestige,2018,37777,Gasoline,247.0HP 2.0L 4 Cylinder Engine Gasoline Fuel,Transmission w/Dual Shift Mode,Black,Black,None reported,Yes,32500,7,4722.125,0.8603118299494401,0,0
Ford,F-150 XLT,2021,35921,Gasoline,2.7L V6 24V PDI DOHC Twin Turbo,10-Speed Automatic,Antimatter Blue Metallic,Black,None reported,Yes,42995,4,7184.2,1.1969321566771527,0,1
Ford,Bronco Outer Banks,2023,1800,Gasoline,275.0HP 2.3L 4 Cylinder Engine Gasoline Fuel,10-Speed A/T,Gray,Blue,None reported,Yes,54900,2,600.0,30.5,0,1
Scion,FR-S Monogram,2014,163019,Gasoline,200.0HP 2.0L 4 Cylinder Engine Gasoline Fuel,6-Speed M/T,Black,Black,At least 1 accident or damage reported,Yes,8900,11,13584.916666666666,0.05459486317545807,1,0
Mercedes-Benz,C-Class C 300 4MATIC,2020,14220,Gasoline,255.0HP 2.0L 4 Cylinder Engine Gasoline Fuel,9-Speed A/T,Blue,Beige,None reported,Yes,35500,5,2370.0,2.4964838255977497,0,1
Chevrolet,Tahoe Premier,2019,48879,Gasoline,5.3L V8 16V GDI OHV,Automatic,Silver Ice Metallic,Jet Black,None reported,Yes,49573,6,6982.714285714285,1.0141983264796743,0,1
BMW,M3 Base,2002,117200,Gasoline,333.0HP 3.2L Straight 6 Cylinder Engine Gasoline Fuel,6-Speed A/T,Black,Black,None reported,Yes,15000,23,4883.333333333333,0.12798634812286688,0,1
Ford,F-150 Lariat,2016,25000,E85 Flex Fuel,385.0HP 5.0L 8 Cylinder Engine Flex Fuel Capability,6-Speed A/T,Gray,Black,None reported,Yes,65000,9,2500.0,2.6,0,1
BMW,i3 Base w/Range Extender,2014,74500,Gasoline,170.0HP 0.65L Electric Motor Electric Fuel System,A/T,White,Gray,None reported,Yes,11499,11,6208.333333333333,0.1543489932885906,0,1
INFINITI,G37 Journey,2013,33300,Gasoline,328.0HP 3.7L V6 Cylinder Engine Gasoline Fuel,A/T,Gray,Black,None reported,Yes,21990,12,2561.5384615384614,0.6603603603603604,0,1
Ford,Expedition XLT,2007,123921,Gasoline,300.0HP 5.4L 8 Cylinder Engine Gasoline Fuel,6-Speed A/T,White,Beige,None reported,Yes,6900,18,6522.1578947368425,0.05568063524342121,0,1
BMW,X3 sDrive30i,2021,12800,Gasoline,248.0HP 2.0L 4 Cylinder Engine Gasoline Fuel,A/T,Blue,Blue,None reported,Yes,39990,4,2560.0,3.12421875,0,1
Aston,Martin Vantage GT Base,2015,21100,Gasoline,430.0HP 4.7L 8 Cylinder Engine Gasoline Fuel,6-Speed M/T,Black,Black,None reported,Yes,80000,10,1918.1818181818182,3.7914691943127963,0,0
Chevrolet,Tahoe LT,2009,104733,E85 Flex Fuel,320.0HP 5.3L 8 Cylinder Engine Flex Fuel Capability,6-Speed A/T,Black,Black,None reported,Yes,15000,16,6160.764705882353,0.14322133424994987,0,1
Ford,Transit-250 Base,2020,53000,Gasoline,310.0HP 3.5L V6 Cylinder Engine Gasoline Fuel,A/T,White,Black,At least 1 accident or damage reported,Yes,38500,5,8833.333333333334,0.7264150943396226,1,1
Lexus,ES 250 Base,2021,17570,Gasoline,2.5 Liter,Automatic,Emin White,Black,None reported,Yes,39998,4,3514.0,2.2764940239043825,0,1
RAM,1500 Rebel,2020,63875,Hybrid,395.0HP 5.7L 8 Cylinder Engine Gasoline/Mild Electric Hybrid,8-Speed A/T,Gray,Black,At least 1 accident or damage reported,Yes,41900,5,10645.833333333334,0.6559686888454012,1,1
Ford,Maverick XL,2023,12500,Hybrid,191.0HP 2.5L 4 Cylinder Engine Gas/Electric Hybrid,A/T,Silver,Black,None reported,Yes,29999,2,4166.666666666667,2.39992,0,1
BMW,Z3 3.0i Roadster,2001,103990,Gasoline,225.0HP 3.0L Straight 6 Cylinder Engine Gasoline Fuel,5-Speed M/T,Black,Beige,None reported,Yes,10500,24,4159.6,0.10097124723531109,0,0
Chevrolet,Camaro 1SS,2022,7000,Gasoline,455.0HP 6.2L 8 Cylinder Engine Gasoline Fuel,6-Speed M/T,Blue,Black,None reported,Yes,50000,3,1750.0,7.142857142857143,0,0
Chevrolet,Corvette Stingray w/3LT,2023,9000,Gasoline,490.0HP 6.2L 8 Cylinder Engine Gasoline Fuel,8-Speed A/T,Blue,Black,None reported,Yes,92000,2,3000.0,10.222222222222221,0,1
Pontiac,Solstice GXP,2007,7800,Gasoline,260.0HP 2.0L 4 Cylinder Engine Gasoline Fuel,5-Speed A/T,Silver,Black,None reported,Yes,19000,18,410.5263157894737,2.4358974358974357,0,1
Cadillac,XTS Luxury,2017,69289,Gasoline,304.0HP 3.6L V6 Cylinder Engine Gasoline Fuel,6-Speed A/T,Gray,Black,At least 1 accident or damage reported,Yes,20997,8,7698.777777777777,0.30303511379872705,1,1
Toyota,Highlander Limited,2011,106000,Gasoline,270.0HP 3.5L V6 Cylinder Engine Gasoline Fuel,5-Speed A/T,White,Gray,At least 1 accident or damage reported,Yes,16600,14,7066.666666666667,0.15660377358490565,1,1
Lincoln,Navigator Reserve,2020,68000,Gasoline,450.0HP 3.5L V6 Cylinder Engine Gasoline Fuel,10-Speed A/T,Black,Gray,At least 1 accident or damage reported,Yes,55999,5,11333.333333333334,0.823514705882353,1,1
Toyota,Highlander Hybrid Limited Platinum,2019,13828,Hybrid,306.0HP 3.5L V6 Cylinder Engine Gas/Electric Hybrid,CVT Transmission,Blue,Black,None reported,Yes,43000,6,1975.4285714285713,3.1096326294474976,0,0
Audi,A3 2.0T Tech Premium,2018,39600,Gasoline,220.0HP 2.0L 4 Cylinder Engine Gasoline Fuel,Transmission w/Dual Shift Mode,White,Black,None reported,Yes,26999,7,4950.0,0.6817929292929293,0,0
Jeep,Wrangler SE,2003,92000,Gasoline,150.0HP 2.4L 4 Cylinder Engine Gasoline Fuel,M/T,Gold,Black,None reported,Yes,12500,22,4000.0,0.1358695652173913,0,0
Toyota,Tacoma SR,2022,5020,Gasoline,278.0HP 3.5L V6 Cylinder Engine Gasoline Fuel,A/T,Black,Gray,None reported,Yes,36500,3,1255.0,7.270916334661354,0,1
Chevrolet,Trailblazer SS,2007,107800,Gasoline,395.0HP 6.0L 8 Cylinder Engine Gasoline Fuel,A/T,Black,Black,At least 1 accident or damage reported,Yes,15000,18,5673.684210526316,0.1391465677179963,1,1
Audi,A5 2.0T Premium Plus,2019,23827,Gasoline,248.0HP 2.0L 4 Cylinder Engine Gasoline Fuel,7-Speed A/T,Gray,Black,None reported,Yes,34995,6,3403.8571428571427,1.4687119654173837,0,1
Audi,A6 55 Premium,2020,25300,Hybrid,335.0HP 3.0L V6 Cylinder Engine Gasoline/Mild Electric Hybrid,7-Speed A/T,White,Beige,None reported,Yes,39900,5,4216.666666666667,1.5770750988142292,0,1
Mercedes-Benz,Sprinter 2500,2016,399000,Diesel,188.0HP 3.0L V6 Cylinder Engine Diesel Fuel,5-Speed A/T,Silver,–,At least 1 accident or damage reported,Yes,24500,9,39900.0,0.06140350877192982,1,1
Porsche,911 Carrera,2005,46200,Gasoline,325.0HP 3.6L Flat 6 Cylinder Engine Gasoline Fuel,6-Speed M/T,Silver,Black,None reported,Yes,49999,20,2200.0,1.0822294372294372,0,0
Chevrolet,Corvette Stingray w/2LT,2022,3158,Gasoline,490.0HP 6.2L 8 Cylinder Engine Gasoline Fuel,8-Speed A/T,Red,Red,None reported,Yes,85989,3,789.5,27.228942368587713,0,1
GMC,Acadia SLE,2021,26000,Gasoline,228.0HP 2.0L 4 Cylinder Engine Gasoline Fuel,A/T,White,Black,None reported,Yes,30900,4,5200.0,1.1884615384615385,0,1
Porsche,911 Carrera,2020,12758,Gasoline,379.0HP 3.0L Flat 6 Cylinder Engine Gasoline Fuel,8-Speed A/T,Silver,Black,None reported,Yes,107900,5,2126.3333333333335,8.457438469979621,0,1
Chevrolet,Corvette Base,2007,123500,Gasoline,400.0HP 6.0L 8 Cylinder Engine Gasoline Fuel,Transmission w/Dual Shift Mode,Red,Beige,At least 1 accident or damage reported,Yes,27000,18,6500.0,0.21862348178137653,1,0
Ford,Mustang GT Premium,2018,26840,Gasoline,460.0HP 5.0L 8 Cylinder Engine Gasoline Fuel,6-Speed M/T,White,Black,None reported,Yes,42500,7,3355.0,1.5834575260804769,0,0
Ford,Edge SEL,2021,17836,Gasoline,2.0L I4 16V GDI DOHC Turbo,8-Speed Automatic,Silver,Ebony,None reported,Yes,31933,4,3567.2,1.7903677954698363,0,1
Cadillac,Escalade Luxury,2012,114500,E85 Flex Fuel,403.0HP 6.2L 8 Cylinder Engine Flex Fuel Capability,A/T,Black,Black,None reported,Yes,16100,13,8178.571428571428,0.1406113537117904,0,1
Chevrolet,Corvette Stingray w/3LT,2022,5400,Gasoline,490.0HP 6.2L 8 Cylinder Engine Gasoline Fuel,8-Speed A/T,White,Black,None reported,Yes,89900,3,1350.0,16.64814814814815,0,1
Toyota,Corolla LE,2016,17500,Gasoline,132.0HP 1.8L 4 Cylinder Engine Gasoline Fuel,A/T,Red,Gray,None reported,Yes,15100,9,1750.0,0.8628571428571429,0,1
Chevrolet,Express 2500 Work Van,2017,56000,Gasoline,285.0HP 4.8L 8 Cylinder Engine Gasoline Fuel,A/T,Blue,–,None reported,Yes,44600,8,6222.222222222223,0.7964285714285714,0,1
Chevrolet,Trax LS,2020,20800,Gasoline,138.0HP 1.4L 4 Cylinder Engine Gasoline Fuel,6-Speed A/T,Black,Beige,None reported,Yes,19000,5,3466.6666666666665,0.9134615384615384,0,1
Volkswagen,Golf Auto TSI S,2015,107543,Gasoline,170.0HP 1.8L 4 Cylinder Engine Gasoline Fuel,Transmission w/Dual Shift Mode,Black,Black,None reported,Yes,13200,10,9776.636363636364,0.122741601034005,0,0
Nissan,Pathfinder Silver,2012,206000,Gasoline,266.0HP 4.0L V6 Cylinder Engine Gasoline Fuel,Transmission w/Dual Shift Mode,Black,Black,None reported,Yes,5000,13,14714.285714285714,0.024271844660194174,0,0
Ford,F-150 Platinum,2018,37100,E85 Flex Fuel,395.0HP 5.0L 8 Cylinder Engine Flex Fuel Capability,10-Speed A/T,Black,Black,None reported,Yes,46000,7,4637.5,1.2398921832884098,0,1
Land,Rover Range Rover Velar P380 SE R-Dynamic,2019,19813,Gasoline,380.0HP 3.0L V6 Cylinder Engine Gasoline Fuel,8-Speed A/T,Silver,Beige,None reported,Yes,51900,6,2830.4285714285716,2.6194922525614497,0,1
Kia,Sportage LX,2010,208321,Gasoline,173.0HP 2.7L V6 Cylinder Engine Gasoline Fuel,A/T,White,Beige,None reported,Yes,3500,15,13020.0625,0.01680099461888144,0,1
Lexus,LS 460 Base,2012,200000,Gasoline,380.0HP 4.6L 8 Cylinder Engine Gasoline Fuel,Transmission w/Dual Shift Mode,White,Beige,At least 1 accident or damage reported,Yes,9995,13,14285.714285714286,0.049975,1,0
MINI,Cooper S Base,2012,66000,Gasoline,181.0HP 1.6L 4 Cylinder Engine Gasoline Fuel,6-Speed A/T,White,Black,None reported,Yes,10999,13,4714.285714285715,0.16665151515151516,0,1
Bentley,Bentayga Activity Edition,2018,41000,Gasoline,600.0HP 6.0L 12 Cylinder Engine Gasoline Fuel,8-Speed A/T,Gray,Gray,None reported,Yes,113000,7,5125.0,2.7560975609756095,0,1
Volvo,XC60 T6 Inscription,2019,20623,Gasoline,330.0HP 2.0L 4 Cylinder Engine Gasoline Fuel,A/T,Silver,Black,None reported,Yes,36800,6,2946.1428571428573,1.7844154584687,0,1
Ford,Explorer Limited,2018,86000,Gasoline,290.0HP 3.5L V6 Cylinder Engine Gasoline Fuel,Transmission w/Dual Shift Mode,Black,Black,None reported,Yes,26900,7,10750.0,0.3127906976744186,0,0
Porsche,Cayenne Turbo GT,2022,1766,Gasoline,4.0L,Automatic,Custom Color,Black,None reported,Yes,209995,3,441.5,118.90996602491506,0,1
Mercedes-Benz,G-Class G 550 4MATIC,2016,51354,Gasoline,416.0HP 4.0L 8 Cylinder Engine Gasoline Fuel,7-Speed A/T,Blue,Black,None reported,Yes,73000,9,5135.4,1.4215056276044709,0,1
Jeep,Wrangler Unlimited Rubicon 392,2021,38000,Gasoline,470.0HP 6.4L 8 Cylinder Engine Gasoline Fuel,Transmission w/Dual Shift Mode,Gray,Black,None reported,Yes,72980,4,7600.0,1.9205263157894736,0,0
Toyota,Avalon Hybrid XLE Premium,2015,161000,Hybrid,200.0HP 2.5L 4 Cylinder Engine Gas/Electric Hybrid,CVT Transmission,Blue,Gray,None reported,Yes,11500,10,14636.363636363636,0.07142857142857142,0,0
Nissan,Juke SL,2012,74750,Gasoline,188.0HP 1.6L 4 Cylinder Engine Gasoline Fuel,CVT Transmission,Black,Black,None reported,Yes,12500,13,5339.285714285715,0.16722408026755853,0,0
Porsche,911 Carrera 4,2013,67522,Gasoline,350.0HP 3.4L Flat 6 Cylinder Engine Gasoline Fuel,7-Speed A/T,Gray,Black,At least 1 accident or damage reported,Yes,59500,12,5194.0,0.8811942774206926,1,1
MINI,Cooper S Base,2012,152000,Gasoline,181.0HP 1.6L 4 Cylinder Engine Gasoline Fuel,6-Speed A/T,White,Black,None reported,Yes,9000,13,10857.142857142857,0.05921052631578947,0,1
Subaru,Ascent Touring 7-Passenger,2019,71273,Gasoline,260.0HP 2.4L 4 Cylinder Engine Gasoline Fuel,CVT Transmission,Black,Brown,None reported,Yes,23900,6,10181.857142857143,0.33533034950121365,0,0
Subaru,WRX STI Base,2017,37800,Gasoline,305.0HP 2.5L 4 Cylinder Engine Gasoline Fuel,6-Speed M/T,Blue,Black,None reported,Yes,32500,8,4200.0,0.8597883597883598,0,0
Land,Rover Range Rover Sport HSE,2019,42000,Gasoline,340.0HP 3.0L V6 Cylinder Engine Gasoline Fuel,Transmission w/Dual Shift Mode,White,Black,None reported,Yes,48990,6,6000.0,1.1664285714285714,0,0
Kia,Sorento Plug-In Hybrid SX Prestige,2022,10101,Plug-In Hybrid,261.0HP 1.6L 4 Cylinder Engine Plug-In Electric/Gas,6-Speed A/T,White,–,None reported,Yes,44990,3,2525.25,4.454014454014454,0,1
Chevrolet,Corvette Stingray w/2LT,2022,7900,Gasoline,490.0HP 6.2L 8 Cylinder Engine Gasoline Fuel,8-Speed A/T,White,Red,None reported,Yes,92500,3,1975.0,11.708860759493671,0,1
Tesla,Model 3 Performance,2020,45468,Gasoline,455.0HP Electric Motor Electric Fuel System,1-Speed A/T,Silver,White,None reported,Yes,45999,5,7578.0,1.0116785431512272,0,1
Nissan,Armada SV,2017,187141,Gasoline,390.0HP 5.6L 8 Cylinder Engine Gasoline Fuel,A/T,Black,Black,None reported,Yes,16995,8,20793.444444444445,0.09081387830566258,0,1
Porsche,Cayenne Turbo S,2014,99100,Gasoline,550.0HP 4.8L 8 Cylinder Engine Gasoline Fuel,8-Speed A/T,White,Black,None reported,Yes,32000,11,8258.333333333334,0.3229061553985873,0,1
Subaru,Outback Touring XT,2021,33500,Gasoline,260.0HP 2.4L 4 Cylinder Engine Gasoline Fuel,CVT Transmission,Blue,Brown,None reported,Yes,34000,4,6700.0,1.0149253731343284,0,0
Acura,RLX Advance Package,2016,102665,Gasoline,310.0HP 3.5L V6 Cylinder Engine Gasoline Fuel,6-Speed A/T,Black,Black,None reported,Yes,15450,9,10266.5,0.1504894559976623,0,1
Ford,Mustang GT,2001,52675,Gasoline,260.0HP 4.6L 8 Cylinder Engine Gasoline Fuel,5-Speed M/T,Black,Black,None reported,Yes,16995,24,2107.0,0.3226388229710489,0,0
BMW,330 i xDrive,2017,59203,Gasoline,248.0HP 2.0L 4 Cylinder Engine Gasoline Fuel,A/T,White,–,None reported,Yes,23000,8,6578.111111111111,0.3884938263263686,0,1
Mercedes-Benz,SL-Class SL550 Roadster,2009,60100,Gasoline,382.0HP 5.5L 8 Cylinder Engine Gasoline Fuel,7-Speed A/T,Black,Black,None reported,Yes,27000,16,3535.294117647059,0.4492512479201331,0,1
Audi,SQ8 4.0T Premium Plus,2021,43238,Gasoline,500.0HP 4.0L 8 Cylinder Engine Gasoline Fuel,Transmission w/Dual Shift Mode,Black,Red,None reported,Yes,76400,4,8647.6,1.7669642444146352,0,0
MINI,Cooper S Base,2007,118000,Gasoline,172.0HP 1.6L 4 Cylinder Engine Gasoline Fuel,A/T,Beige,Black,None reported,Yes,3600,18,6210.526315789473,0.030508474576271188,0,1
Ford,Mustang EcoBoost,2021,17300,Gasoline,310.0HP 2.3L 4 Cylinder Engine Gasoline Fuel,10-Speed A/T,Yellow,Black,None reported,Yes,31000,4,3460.0,1.7919075144508672,0,1
Audi,RS 7 4.0T Prestige,2016,64800,Gasoline,560.0HP 4.0L 8 Cylinder Engine Gasoline Fuel,8-Speed A/T,White,Brown,None reported,Yes,50000,9,6480.0,0.7716049382716049,0,1
Mercedes-Benz,GLC 300 GLC 300,2022,1408,Gasoline,2.0 Liter Turbo,Automatic,Lunar Blue Metallic,–,None reported,Yes,46798,3,352.0,33.23721590909091,0,1
Volkswagen,Touareg TDI Lux,2015,15167,Diesel,240.0HP 3.0L V6 Cylinder Engine Diesel Fuel,8-Speed A/T,Gold,Black,None reported,Yes,35000,10,1378.8181818181818,2.3076415902947187,0,1
Porsche,Cayenne GTS,2016,64600,Gasoline,440.0HP 3.6L V6 Cylinder Engine Gasoline Fuel,8-Speed A/T,White,Red,None reported,Yes,41000,9,6460.0,0.6346749226006192,0,1
Jeep,Grand Wagoneer Series III,2022,31112,Gasoline,471.0HP 6.4L 8 Cylinder Engine Gasoline Fuel,8-Speed A/T,Black,Black,None reported,Yes,83000,3,7778.0,2.6677809205451273,0,1
Tesla,Model X 100D,2018,23250,Gasoline,518.0HP Electric Motor Electric Fuel System,1-Speed A/T,Gray,White,None reported,Yes,57000,7,2906.25,2.4516129032258065,0,1
MINI,Cooper S Base,2011,63500,Gasoline,181.0HP 1.6L 4 Cylinder Engine Gasoline Fuel,6-Speed M/T,Silver,Black,None reported,Yes,10500,14,4233.333333333333,0.16535433070866143,0,0
RAM,1500 Laramie,2022,13464,Gasoline,5.7L V8 16V MPFI OHV,8-Speed Automatic,Diamond Black,Black,None reported,Yes,46999,3,3366.0,3.4907159833630423,0,1
Chevrolet,Camaro Base,2001,64776,Gasoline,200.0HP 3.8L V6 Cylinder Engine Gasoline Fuel,A/T,Black,Gray,None reported,Yes,7500,24,2591.04,0.11578362356428307,0,1
Jeep,Cherokee X,2022,9601,Gasoline,3.2L V6 24V MPFI DOHC,Automatic,Sting Gray Clearcoat,Black,None reported,Yes,33498,3,2400.25,3.4890115612956984,0,1
BMW,ALPINA B7 xDrive,2013,135000,Gasoline,445.0HP 4.4L 8 Cylinder Engine Gasoline Fuel,A/T,Black,Black,At least 1 accident or damage reported,Yes,14000,12,10384.615384615385,0.1037037037037037,1,1
Volvo,XC90 3.2 Premier Plus,2013,208864,Gasoline,240.0HP 3.2L Straight 6 Cylinder Engine Gasoline Fuel,6-Speed A/T,White,Beige,At least 1 accident or damage reported,Yes,7500,12,16066.461538461539,0.03590853378274858,1,1
INFINITI,Q50 3.0T Premium,2016,49872,Gasoline,300.0HP 3.0L V6 Cylinder Engine Gasoline Fuel,7-Speed A/T,Gray,Black,At least 1 accident or damage reported,Yes,21500,9,4987.2,0.43110362528071866,1,1
MINI,Cooper Base,2009,90367,Gasoline,118.0HP 1.6L 4 Cylinder Engine Gasoline Fuel,6-Speed M/T,Red,Black,None reported,Yes,9250,16,5315.705882352941,0.10236037491562185,0,0
Porsche,911 Carrera 4S,2014,36670,Gasoline,400.0HP 3.8L Flat 6 Cylinder Engine Gasoline Fuel,Transmission w/Dual Shift Mode,White,Black,None reported,Yes,82499,11,3055.8333333333335,2.2497682028906465,0,0
Jeep,Grand Wagoneer Base,2023,3752,Gasoline,6.4L V8 16V MPFI OHV,8-Speed Automatic,Ember Pearlcoat,Global Black,None reported,Yes,84620,2,1250.6666666666667,22.553304904051174,0,1
Lexus,RX 350 Base,2021,30761,Gasoline,3.5L V6 24V PDI DOHC,8-Speed Automatic,Eminent White Pearl,Black,None reported,Yes,44950,4,6152.2,1.4612658886252072,0,1
RAM,1500 Laramie,2022,13438,Gasoline,5.7L V8 16V MPFI OHV,8-Speed Automatic,Diamond Black,Black,None reported,Yes,46599,3,3359.5,3.467703527310612,0,1
Jeep,Gladiator Overland,2020,9100,Gasoline,285.0HP 3.6L V6 Cylinder Engine Gasoline Fuel,8-Speed A/T,Red,Black,None reported,Yes,49895,5,1516.6666666666667,5.482967032967033,0,1
Chrysler,200 Limited,2017,100600,–,–,A/T,Black,Black,None reported,Yes,10000,8,11177.777777777777,0.09940357852882704,0,1
Ford,Fusion Hybrid Base,2011,223824,Hybrid,156.0HP 2.5L 4 Cylinder Engine Gas/Electric Hybrid,A/T,White,Brown,At least 1 accident or damage reported,Yes,4500,14,14921.6,0.0201050825648724,1,1
Audi,A6 2.0T Premium Plus,2016,96000,Gasoline,252.0HP 2.0L 4 Cylinder Engine Gasoline Fuel,8-Speed A/T,Black,Black,None reported,Yes,21990,9,9600.0,0.2290625,0,1
Chevrolet,Silverado 1500 Z71 Extended Cab,2004,185000,Gasoline,295.0HP 5.3L 8 Cylinder Engine Gasoline Fuel,4-Speed A/T,Red,Gray,At least 1 accident or damage reported,Yes,10500,21,8409.09090909091,0.05675675675675676,1,1
Porsche,Taycan Base,2021,6900,Gasoline,375.0HP Electric Motor Electric Fuel System,2-Speed A/T,White,Beige,None reported,Yes,79999,4,1380.0,11.594057971014493,0,1
Honda,Accord Hybrid Touring,2017,96400,Hybrid,212.0HP 2.0L 4 Cylinder Engine Gas/Electric Hybrid,CVT Transmission,White,Beige,At least 1 accident or damage reported,Yes,18500,8,10711.111111111111,0.19190871369294607,1,0
RAM,2500 SLT,2018,67865,Gasoline,410.0HP 6.4L 8 Cylinder Engine Gasoline Fuel,6-Speed A/T,White,Gray,None reported,Yes,36500,7,8483.125,0.5378324615044574,0,1
Land,Rover Range Rover Sport Supercharged,2015,64300,E85 Flex Fuel,550.0HP 5.0L 8 Cylinder Engine Flex Fuel Capability,Transmission w/Dual Shift Mode,Blue,Black,None reported,Yes,44850,10,5845.454545454545,0.69751166407465,0,0
Chevrolet,Colorado ZR2,2018,76500,Gasoline,308.0HP 3.6L V6 Cylinder Engine Gasoline Fuel,8-Speed A/T,White,Black,None reported,Yes,33500,7,9562.5,0.43790849673202614,0,1
GMC,Sierra 2500 Denali,2017,96343,Diesel,445.0HP 6.6L 8 Cylinder Engine Diesel Fuel,6-Speed A/T,Blue,Beige,At least 1 accident or damage reported,Yes,53000,8,10704.777777777777,0.5501178082476152,1,1
Subaru,Crosstrek 2.0i Limited,2018,74600,Gasoline,152.0HP 2.0L 4 Cylinder Engine Gasoline Fuel,Transmission w/Dual Shift Mode,Blue,Black,None reported,Yes,24000,7,9325.0,0.32171581769436997,0,0
Subaru,Outback 2.5i Limited,2014,157530,Gasoline,2.5L H4 16V MPFI DOHC,Automatic CVT,Twilight Blue Metallic,Black,At least 1 accident or damage reported,Yes,9995,11,13127.5,0.06344823208277789,1,1
Tesla,Model X Plaid,2022,15000,Gasoline,1020.0HP Electric Motor Electric Fuel System,A/T,White,White,None reported,Yes,95999,3,3750.0,6.399933333333333,0,1
Jeep,Wrangler Unlimited Rubicon,2012,80000,Gasoline,285.0HP 3.6L V6 Cylinder Engine Gasoline Fuel,A/T,Orange,Black,None reported,Yes,30000,13,5714.285714285715,0.375,0,1
Tesla,Model S 100D,2018,83424,Gasoline,518.0HP Electric Motor Electric Fuel System,1-Speed A/T,Gray,Beige,None reported,Yes,45000,7,10428.0,0.5394131185270425,0,1
Mercedes-Benz,C-Class C 300 4MATIC,2021,19000,Gasoline,255.0HP 2.0L 4 Cylinder Engine Gasoline Fuel,A/T,Blue,Beige,None reported,Yes,37999,4,3800.0,1.9999473684210527,0,1
Porsche,911 Carrera S,2013,64000,Gasoline,400.0HP 3.8L Flat 6 Cylinder Engine Gasoline Fuel,7-Speed A/T,Gray,Black,At least 1 accident or damage reported,Yes,67000,12,4923.076923076923,1.046875,1,1
Mercedes-Benz,GLS 450 Base 4MATIC,2019,34068,Gasoline,362.0HP 3.0L V6 Cylinder Engine Gasoline Fuel,9-Speed A/T,White,Beige,None reported,Yes,46900,6,4866.857142857143,1.376658447810262,0,1
Buick,Envision Preferred,2021,20104,Gasoline,2.0L I4 16V GDI DOHC Turbo,9-Speed Automatic,Burnished Bronze Metallic,Ebony,None reported,Yes,33295,4,4020.8,1.6561380819737366,0,1
Nissan,Armada Platinum,2022,8400,Gasoline,400.0HP 5.6L 8 Cylinder Engine Gasoline Fuel,7-Speed A/T,Red,Beige,None reported,Yes,59950,3,2100.0,7.136904761904762,0,1
Porsche,911 Turbo,2021,11938,Gasoline,572.0HP 3.8L Flat 6 Cylinder Engine Gasoline Fuel,Transmission w/Dual Shift Mode,Black,–,None reported,Yes,209000,4,2387.6,17.50712012062322,0,0
Chevrolet,Corvette Stingray w/2LT,2021,24670,Gasoline,490.0HP 6.2L 8 Cylinder Engine Gasoline Fuel,Transmission w/Dual Shift Mode,White,Brown,None reported,Yes,72500,4,4934.0,2.9387920551276854,0,0
Ford,Mustang Shelby GT500,2013,16478,Gasoline,650.0HP 5.8L 8 Cylinder Engine Gasoline Fuel,6-Speed M/T,White,Black,None reported,Yes,66400,12,1267.5384615384614,4.029615244568515,0,0
Ford,F-150 XL,2018,52500,E85 Flex Fuel,395.0HP 5.0L 8 Cylinder Engine Flex Fuel Capability,A/T,Gray,Gray,None reported,Yes,35000,7,6562.5,0.6666666666666666,0,1
Porsche,Cayenne Turbo,2004,92500,Gasoline,450.0HP 4.5L 8 Cylinder Engine Gasoline Fuel,Transmission w/Dual Shift Mode,Silver,Black,None reported,Yes,12000,21,4204.545454545455,0.12972972972972974,0,0
Mitsubishi,Eclipse Spyder GT,2008,62930,Gasoline,260.0HP 3.8L V6 Cylinder Engine Gasoline Fuel,A/T,Gray,Black,At least 1 accident or damage reported,Yes,10000,17,3496.1111111111113,0.1589067217543302,1,1
Lexus,GX 470 Base,2007,116600,Gasoline,263.0HP 4.7L 8 Cylinder Engine Gasoline Fuel,5-Speed A/T,White,Gray,None reported,Yes,19975,18,6136.8421052631575,0.1713121783876501,0,1
Dodge,Dakota Big Horn/Lone Star,2010,172024,Gasoline,210.0HP 3.7L V6 Cylinder Engine Gasoline Fuel,4-Speed A/T,Red,Brown,At least 1 accident or damage reported,Yes,7500,15,10751.5,0.04359856764172441,1,1
Jeep,Wrangler Sport,2012,57237,Gasoline,285.0HP 3.6L V6 Cylinder Engine Gasoline Fuel,A/T,Black,Black,None reported,Yes,22500,13,4088.3571428571427,0.393102363855548,0,1
Subaru,Outback Limited,2020,44600,Gasoline,182.0HP 2.5L 4 Cylinder Engine Gasoline Fuel,CVT Transmission,Silver,Gray,None reported,Yes,28300,5,7433.333333333333,0.6345291479820628,0,0
Jeep,Wrangler Unlimited Rubicon,2013,181830,Gasoline,285.0HP 3.6L V6 Cylinder Engine Gasoline Fuel,6-Speed M/T,Black,Black,None reported,Yes,21000,12,13986.923076923076,0.11549249298795579,0,0
Subaru,Ascent Touring 7-Passenger,2021,39948,Gasoline,2.4L H4 16V GDI DOHC Turbo,Automatic CVT,Ice Silver Metallic,Black,None reported,Yes,36791,4,7989.6,0.920972263943126,0,1
Ford,F-350 XL,2017,156453,Diesel,440.0HP 6.7L 8 Cylinder Engine Diesel Fuel,6-Speed A/T,White,Beige,None reported,Yes,40000,8,17383.666666666668,0.25566783634701795,0,1
Porsche,Cayenne Turbo S,2014,156193,Gasoline,550.0HP 4.8L 8 Cylinder Engine Gasoline Fuel,8-Speed A/T,Silver,Black,None reported,Yes,36000,11,13016.083333333334,0.23048408059260017,0,1
BMW,X1 xDrive28i,2020,27989,Gasoline,228.0HP 2.0L 4 Cylinder Engine Gasoline Fuel,A/T,Gray,Black,None reported,Yes,29000,5,4664.833333333333,1.0361213333809711,0,1
Toyota,4Runner Limited,2014,146700,Gasoline,270.0HP 4.0L V6 Cylinder Engine Gasoline Fuel,5-Speed A/T,Blue,Black,At least 1 accident or damage reported,Yes,24999,11,12225.0,0.17040899795501022,1,1
GMC,Yukon Denali,2019,88450,Gasoline,420.0HP 6.2L 8 Cylinder Engine Gasoline Fuel,10-Speed A/T,Black,Beige,At least 1 accident or damage reported,Yes,42900,6,12635.714285714286,0.48501978518937255,1,1
Toyota,C-HR LE,2020,14065,Gasoline,2.0L I4 16V MPFI DOHC,Automatic CVT,Gray,Black,At least 1 accident or damage reported,Yes,27671,5,2344.1666666666665,1.9673658016352649,1,1
Subaru,Outback Limited XT,2020,36844,Gasoline,2.4L H4 16V GDI DOHC Turbo,Automatic CVT,Magnetite Gray Metallic,Black,At least 1 accident or damage reported,Yes,30427,5,6140.666666666667,0.8258332428617957,1,1
Chevrolet,Silverado 1500 LT Trail Boss,2020,49000,Gasoline,355.0HP 5.3L 8 Cylinder Engine Gasoline Fuel,A/T,White,Black,None reported,Yes,44900,5,8166.666666666667,0.9163265306122449,0,1
BMW,X5 xDrive50i,2013,58000,Gasoline,400.0HP 4.4L 8 Cylinder Engine Gasoline Fuel,8-Speed A/T,White,Black,None reported,Yes,17900,12,4461.538461538462,0.3086206896551724,0,1
Audi,A6 55 Prestige,2021,22800,Hybrid,335.0HP 3.0L V6 Cylinder Engine Gasoline/Mild Electric Hybrid,A/T,Blue,Brown,None reported,Yes,52000,4,4560.0,2.280701754385965,0,1
Subaru,Outback 2.5i Limited,2014,78007,Gasoline,173.0HP 2.5L 4 Cylinder Engine Gasoline Fuel,A/T,Blue,Black,None reported,Yes,14750,11,6500.583333333333,0.18908559488251053,0,1
Ford,F-250 King Ranch,2020,36500,Diesel,475.0HP 6.7L 8 Cylinder Engine Diesel Fuel,10-Speed A/T,Gray,Brown,None reported,Yes,69900,5,6083.333333333333,1.915068493150685,0,1
Honda,CR-V EX,2004,156350,Gasoline,160.0HP 2.4L 4 Cylinder Engine Gasoline Fuel,A/T,Brown,Beige,At least 1 accident or damage reported,Yes,3990,21,7106.818181818182,0.025519667412855773,1,1
Lexus,GX 460 Luxury,2021,17710,Gasoline,301.0HP 4.6L 8 Cylinder Engine Gasoline Fuel,A/T,White,Red,None reported,Yes,59000,4,3542.0,3.331451157538114,0,1
Ford,Explorer XLT,2013,149000,Gasoline,290.0HP 3.5L V6 Cylinder Engine Gasoline Fuel,A/T,Brown,Beige,At least 1 accident or damage reported,Yes,7850,12,11461.538461538461,0.052684563758389265,1,1
Subaru,Forester 2.5i Limited,2015,90000,Gasoline,170.0HP 2.5L 4 Cylinder Engine Gasoline Fuel,CVT Transmission,Silver,Gray,None reported,Yes,16000,10,8181.818181818182,0.17777777777777778,0,0
Ford,Bronco Wildtrak Advanced,2022,9990,Gasoline,315.0HP 2.7L V6 Cylinder Engine Gasoline Fuel,Transmission w/Dual Shift Mode,Silver,Black,None reported,Yes,64500,3,2497.5,6.456456456456457,0,0
Mercedes-Benz,A-Class A 220 4MATIC,2019,28663,Gasoline,2.0L I4 16V GDI DOHC Turbo,7-Speed Automatic with Auto-Shift,Jupiter Red,Black,None reported,Yes,29500,6,4094.714285714286,1.0292014094826083,0,1
Lexus,NX 200t Base,2015,124250,Gasoline,235.0HP 2.0L 4 Cylinder Engine Gasoline Fuel,A/T,Gray,Orange,At least 1 accident or damage reported,Yes,17900,10,11295.454545454546,0.14406438631790744,1,1
Ford,F-250 Lariat,2017,50780,Diesel,440.0HP 6.7L 8 Cylinder Engine Diesel Fuel,6-Speed A/T,White,Black,None reported,Yes,61000,8,5642.222222222223,1.2012603387160299,0,1
Porsche,911 Carrera C4S,2006,65000,Gasoline,355.0HP 3.8L Flat 6 Cylinder Engine Gasoline Fuel,6-Speed M/T,Blue,Gray,None reported,Yes,43000,19,3250.0,0.6615384615384615,0,0
Tesla,Model 3 Long Range,2022,22457,Gasoline,Electric,Automatic,Midnight Silver Metallic,Black,None reported,Yes,40036,3,5614.25,1.782784877766398,0,1
Toyota,Camry XSE,2022,19361,Gasoline,3.5 Liter,Automatic,Red,Black,None reported,Yes,38298,3,4840.25,1.9781003047363257,0,1
BMW,i3 94 Ah,2017,43000,Gasoline,170.0HP 0.65L Electric Motor Electric Fuel System,1-Speed A/T,Black,–,None reported,Yes,16500,8,4777.777777777777,0.38372093023255816,0,1
Ford,F-250 XL SuperCab H/D,1993,115000,–,–,A/T,Red,Gray,None reported,Yes,21900,32,3484.848484848485,0.19043478260869565,0,1
Porsche,Taycan Turbo,2020,2076,Gasoline,Electric,Automatic,Gray,Red,None reported,Yes,115998,5,346.0,55.8757225433526,0,1
Porsche,911 GT3,2018,9712,Gasoline,4.0L H6 24V GDI DOHC,7-Speed Automatic with Auto-Shift,Red,Black,None reported,Yes,188900,7,1214.0,19.4501647446458,0,1
Mercedes-Benz,E-Class E55 AMG,2005,131000,Gasoline,469.0HP 5.4L 8 Cylinder Engine Gasoline Fuel,5-Speed A/T,Gray,Black,None reported,Yes,16500,20,6238.0952380952385,0.12595419847328243,0,1
Toyota,Highlander XLE,2022,31000,Gasoline,295.0HP 3.5L V6 Cylinder Engine Gasoline Fuel,Transmission w/Dual Shift Mode,Gray,Gray,None reported,Yes,43000,3,7750.0,1.3870967741935485,0,0
Volvo,S60 Recharge Plug-In Hybrid T8 Inscription,2021,24158,Plug-In Hybrid,400.0HP 2.0L 4 Cylinder Engine Plug-In Electric/Gas,8-Speed A/T,Gray,Black,None reported,Yes,44900,4,4831.6,1.8585975660236775,0,1
Audi,A6 3.0T Premium Plus,2016,72865,Gasoline,333.0HP 3.0L V6 Cylinder Engine Gasoline Fuel,A/T,Black,Black,At least 1 accident or damage reported,Yes,22000,9,7286.5,0.30192822342688536,1,1
Mercedes-Benz,E-Class E 350 4MATIC,2014,89563,Gasoline,302.0HP 3.5L V6 Cylinder Engine Gasoline Fuel,7-Speed A/T,Blue,Black,None reported,Yes,18995,11,7463.583333333333,0.21208534774404608,0,1
Nissan,Juke SL,2012,72639,Gasoline,188.0HP 1.6L 4 Cylinder Engine Gasoline Fuel,CVT Transmission,Black,Black,At least 1 accident or damage reported,Yes,15000,13,5188.5,0.20650064015198447,1,0
Mercedes-Benz,CLS-Class CLS 550,2012,79000,Gasoline,402.0HP 4.6L 8 Cylinder Engine Gasoline Fuel,7-Speed A/T,Black,Black,None reported,Yes,19999,13,5642.857142857143,0.2531518987341772,0,1
Audi,A3 2.0T Premium,2012,111564,Gasoline,200.0HP 2.0L 4 Cylinder Engine Gasoline Fuel,6-Speed A/T,White,Black,None reported,Yes,11200,13,7968.857142857143,0.10039080707038113,0,1
Lexus,GX 460 Base,2018,75000,Gasoline,301.0HP 4.6L 8 Cylinder Engine Gasoline Fuel,6-Speed A/T,White,Beige,At least 1 accident or damage reported,Yes,38095,7,9375.0,0.5079333333333333,1,1
Ford,Mustang Premium,2007,169613,Gasoline,210.0HP 4.0L V6 Cylinder Engine Gasoline Fuel,A/T,Black,Black,At least 1 accident or damage reported,Yes,5900,18,8927.0,0.034785069540660206,1,1
Honda,Pilot EX-L,2011,175000,Gasoline,250.0HP 3.5L V6 Cylinder Engine Gasoline Fuel,5-Speed A/T,Black,Gray,None reported,Yes,9000,14,11666.666666666666,0.05142857142857143,0,1
BMW,540 i,2017,98500,Gasoline,335.0HP 3.0L Straight 6 Cylinder Engine Gasoline Fuel,8-Speed A/T,Black,Black,None reported,Yes,24500,8,10944.444444444445,0.24873096446700507,0,1
Chrysler,300 S,2012,53000,Gasoline,292.0HP 3.6L V6 Cylinder Engine Gasoline Fuel,Transmission w/Dual Shift Mode,Black,Black,At least 1 accident or damage reported,Yes,13750,13,3785.714285714286,0.25943396226415094,1,0
RAM,2500 Longhorn,2015,72200,Diesel,370.0HP 6.7L Straight 6 Cylinder Engine Diesel Fuel,6-Speed A/T,Black,Black,None reported,Yes,52500,10,6563.636363636364,0.7271468144044322,0,1
Acura,TSX Base,2005,151600,Gasoline,200.0HP 2.4L 4 Cylinder Engine Gasoline Fuel,6-Speed M/T,Black,Black,None reported,Yes,7899,20,7219.047619047619,0.05210422163588391,0,0
Lotus,Evora 2+2,2011,20000,Gasoline,276.0HP 3.5L V6 Cylinder Engine Gasoline Fuel,6-Speed M/T,White,Red,None reported,Yes,51000,14,1333.3333333333333,2.55,0,0
Chevrolet,Avalanche 1500 LT,2010,170000,E85 Flex Fuel,320.0HP 5.3L 8 Cylinder Engine Flex Fuel Capability,A/T,Black,Black,At least 1 accident or damage reported,Yes,9000,15,10625.0,0.052941176470588235,1,1
Ford,F-150 XLT,2019,69800,E85 Flex Fuel,395.0HP 5.0L 8 Cylinder Engine Flex Fuel Capability,10-Speed A/T,Silver,Gray,None reported,Yes,34600,6,9971.42857142857,0.49570200573065903,0,1
Toyota,Tundra SR5,2020,26300,Gasoline,381.0HP 5.7L 8 Cylinder Engine Gasoline Fuel,6-Speed A/T,Gray,Gray,At least 1 accident or damage reported,Yes,46199,5,4383.333333333333,1.7566159695817491,1,1
Honda,Fit Sport,2007,156111,Gasoline,109.0HP 1.5L 4 Cylinder Engine Gasoline Fuel,Transmission w/Dual Shift Mode,Red,Black,At least 1 accident or damage reported,Yes,5200,18,8216.368421052632,0.03330963224884857,1,0
Chevrolet,Silverado 2500 LTZ,2016,172600,Diesel,397.0HP 6.6L 8 Cylinder Engine Diesel Fuel,A/T,Red,Black,At least 1 accident or damage reported,Yes,32500,9,17260.0,0.18829663962920046,1,1
Honda,Accord Crosstour EX-L,2010,145000,Gasoline,271.0HP 3.5L V6 Cylinder Engine Gasoline Fuel,A/T,Green,Black,None reported,Yes,9000,15,9062.5,0.06206896551724138,0,1
Ford,F-250 XLT Super Duty,2001,64309,Gasoline,260.0HP 5.4L 8 Cylinder Engine Gasoline Fuel,A/T,White,Gray,None reported,Yes,7500,24,2572.36,0.11662442270910758,0,1
RAM,1500 TRX,2021,15183,Gasoline,702.0HP 6.2L 8 Cylinder Engine Gasoline Fuel,8-Speed A/T,Black,Black,None reported,Yes,90000,4,3036.6,5.927682276229994,0,1
Buick,Envision Essence,2020,28548,Gasoline,2.5L I4 16V GDI DOHC,6-Speed Automatic,Ebony Twilight Metallic,Ebony,None reported,Yes,32063,5,4758.0,1.1231259632898978,0,1
Volkswagen,Atlas 3.6L SEL Premium R-Line,2022,14000,Gasoline,276.0HP 3.6L V6 Cylinder Engine Gasoline Fuel,8-Speed A/T,Gray,Black,None reported,Yes,46900,3,3500.0,3.35,0,1
Mercedes-Benz,CLS 450 Base,2019,67000,Hybrid,369.0HP 3.0L Straight 6 Cylinder Engine Gasoline/Mild Electric Hybrid,Transmission w/Dual Shift Mode,Yellow,Black,None reported,Yes,44500,6,9571.42857142857,0.664179104477612,0,0
Jeep,Wrangler Unlimited Sport,2017,84786,Gasoline,285.0HP 3.6L V6 Cylinder Engine Gasoline Fuel,5-Speed A/T,Gray,Black,None reported,Yes,23500,8,9420.666666666666,0.27716840044346946,0,1
Mercedes-Benz,S-Class S 63 AMG,2008,93000,Gasoline,518.0HP 6.2L 8 Cylinder Engine Gasoline Fuel,A/T,Black,Black,None reported,Yes,17800,17,5166.666666666667,0.1913978494623656,0,1
Hyundai,Genesis Coupe 3.8 Track,2010,127500,Gasoline,306.0HP 3.8L V6 Cylinder Engine Gasoline Fuel,6-Speed M/T,Blue,Black,At least 1 accident or damage reported,Yes,6000,15,7968.75,0.047058823529411764,1,0
Ford,Mustang Mach-E GT,2022,8000,Gasoline,480.0HP Electric Motor Electric Fuel System,1-Speed A/T,Blue,Black,None reported,Yes,60999,3,2000.0,7.624875,0,1
GMC,Canyon Elevation Standard,2022,16500,Gasoline,308.0HP 3.6L V6 Cylinder Engine Gasoline Fuel,8-Speed A/T,Gray,Gray,None reported,Yes,32900,3,4125.0,1.993939393939394,0,1
Jaguar,XK Base,2013,55700,Gasoline,385.0HP 5.0L 8 Cylinder Engine Gasoline Fuel,6-Speed A/T,Black,Black,None reported,Yes,27200,12,4284.615384615385,0.4883303411131059,0,1
Ford,F-250 LARIAT,2021,42245,Diesel,Intercooled Turbo Diesel V-8 6.7 L/406,Automatic,Agate Black Metallic,Black,None reported,Yes,76598,4,8449.0,1.8131849923067818,0,1
Toyota,RAV4 Base,2009,78500,Gasoline,179.0HP 2.5L 4 Cylinder Engine Gasoline Fuel,4-Speed A/T,Silver,–,None reported,Yes,12000,16,4617.64705882353,0.15286624203821655,0,1
Ford,Expedition Platinum,2018,48619,Gasoline,400.0HP 3.5L V6 Cylinder Engine Gasoline Fuel,10-Speed A/T,Gray,White,None reported,Yes,51499,7,6077.375,1.0592361011127338,0,1
Jeep,Wrangler Unlimited 4xe Sahara,2021,51105,Hybrid,2.0L I4 16V GDI DOHC Turbo Hybrid,8-Speed Automatic,Black Clearcoat,Black,None reported,Yes,42700,4,10221.0,0.8355346834947657,0,1
Ford,F-150 XLT,2016,25880,E85 Flex Fuel,282.0HP 3.5L V6 Cylinder Engine Flex Fuel Capability,6-Speed A/T,Red,Gray,None reported,Yes,25500,9,2588.0,0.9853168469860897,0,1
Tesla,Model S Plaid,2021,20100,Gasoline,1020.0HP Electric Motor Electric Fuel System,A/T,Red,Black,None reported,Yes,69995,4,4020.0,3.4823383084577113,0,1
Toyota,Tacoma SR5,2018,25083,Gasoline,3.5L V6 24V PDI DOHC,6-Speed Automatic,Red,Gray,At least 1 accident or damage reported,Yes,34955,7,3135.375,1.3935733365227445,1,1
Audi,TT Roadster quattro,2002,69300,Gasoline,225.0HP 1.8L 4 Cylinder Engine Gasoline Fuel,6-Speed M/T,Gray,Black,At least 1 accident or damage reported,Yes,9995,23,2887.5,0.14422799422799423,1,0
Toyota,Highlander Hybrid Limited Platinum,2019,46000,Hybrid,306.0HP 3.5L V6 Cylinder Engine Gas/Electric Hybrid,CVT Transmission,Silver,Black,None reported,Yes,40000,6,6571.428571428572,0.8695652173913043,0,0
Jeep,Liberty Sport,2008,141485,Gasoline,210.0HP 3.7L V6 Cylinder Engine Gasoline Fuel,A/T,Black,Gray,At least 1 accident or damage reported,Yes,6500,17,7860.277777777777,0.04594126585857158,1,1
Toyota,Sequoia Limited,2018,63990,Gasoline,381.0HP 5.7L 8 Cylinder Engine Gasoline Fuel,6-Speed A/T,White,Gray,At least 1 accident or damage reported,Yes,48000,7,7998.75,0.7501172058134083,1,1
Ford,Transit-350 Base,2020,19400,Gasoline,310.0HP 3.5L V6 Cylinder Engine Gasoline Fuel,A/T,White,Black,None reported,Yes,58000,5,3233.3333333333335,2.9896907216494846,0,1
Subaru,BRZ Limited,2013,129858,Gasoline,200.0HP 2.0L 4 Cylinder Engine Gasoline Fuel,6-Speed A/T,Silver,Black,At least 1 accident or damage reported,Yes,13490,12,9989.076923076924,0.10388270264442699,1,1
Volvo,XC60 3.2,2012,102000,Gasoline,240.0HP 3.2L Straight 6 Cylinder Engine Gasoline Fuel,6-Speed A/T,Blue,Beige,None reported,Yes,10800,13,7285.714285714285,0.10588235294117647,0,1
Subaru,Impreza WRX Sti Special Edition,2010,8700,Gasoline,305.0HP 2.5L 4 Cylinder Engine Gasoline Fuel,6-Speed M/T,Gray,Black,None reported,Yes,39900,15,543.75,4.586206896551724,0,0
Chevrolet,Bolt EV LT,2018,49279,Gasoline,200.0HP Electric Motor Electric Fuel System,1-Speed A/T,Red,Gray,None reported,Yes,17500,7,6159.875,0.3551208425495647,0,1
Chevrolet,Monte Carlo Supercharged SS,2004,148800,Gasoline,240.0HP 3.8L V6 Cylinder Engine Gasoline Fuel,A/T,Red,Black,None reported,Yes,6500,21,6763.636363636364,0.043682795698924734,0,1
Cadillac,Escalade Platinum Edition,2012,160249,E85 Flex Fuel,403.0HP 6.2L 8 Cylinder Engine Flex Fuel Capability,A/T,Black,Black,None reported,Yes,12900,13,11446.357142857143,0.08049972230715949,0,1
Chrysler,300M Base,2004,45000,Gasoline,250.0HP 3.5L V6 Cylinder Engine Gasoline Fuel,A/T,Gray,Gray,None reported,Yes,6000,21,2045.4545454545455,0.13333333333333333,0,1
Chevrolet,Silverado 2500 LT H/D Extended Cab,2006,169000,Diesel,360.0HP 6.6L 8 Cylinder Engine Diesel Fuel,6-Speed A/T,White,Gray,None reported,Yes,19500,19,8450.0,0.11538461538461539,0,1
Mercedes-Benz,AMG C 63 S,2017,46000,Gasoline,503.0HP 4.0L 8 Cylinder Engine Gasoline Fuel,7-Speed A/T,Gray,Black,None reported,Yes,56000,8,5111.111111111111,1.2173913043478262,0,1
Ferrari,488 Spider Base,2019,13900,Gasoline,660.0HP 3.9L 8 Cylinder Engine Gasoline Fuel,Transmission w/Dual Shift Mode,Red,Black,None reported,Yes,315000,6,1985.7142857142858,22.66187050359712,0,0
Acura,TLX V6 Tech,2015,38000,Gasoline,290.0HP 3.5L V6 Cylinder Engine Gasoline Fuel,9-Speed A/T,White,Black,None reported,Yes,21900,10,3454.5454545454545,0.5763157894736842,0,1
Chevrolet,Corvette Z06,2006,42000,Gasoline,505.0HP 7.0L 8 Cylinder Engine Gasoline Fuel,6-Speed M/T,Orange,Black,None reported,Yes,42000,19,2100.0,1.0,0,0
Lexus,NX 350h Premium,2024,300,Hybrid,240.0HP 2.5L 4 Cylinder Engine Gas/Electric Hybrid,A/T,Black,Black,None reported,Yes,50999,1,150.0,169.99666666666667,0,1
Mercedes-Benz,SLK-Class SLK 350,2008,120800,Gasoline,268.0HP 3.5L V6 Cylinder Engine Gasoline Fuel,7-Speed A/T,Red,Beige,None reported,Yes,13900,17,6711.111111111111,0.11506622516556292,0,1
Jeep,Wrangler Unlimited Sahara,2020,76313,Gasoline,2.0L I4 16V GDI DOHC Turbo,8-Speed Automatic,Hellayella Clearcoat,Black,None reported,Yes,35234,5,12718.833333333334,0.46170377262065443,0,1
Chevrolet,Silverado 1500 LT,2012,104000,E85 Flex Fuel,315.0HP 5.3L 8 Cylinder Engine Flex Fuel Capability,6-Speed A/T,Blue,Gray,At least 1 accident or damage reported,Yes,16500,13,7428.571428571428,0.15865384615384615,1,1
Lexus,GX 460 Base,2010,97097,Gasoline,301.0HP 4.6L 8 Cylinder Engine Gasoline Fuel,A/T,Red,Beige,At least 1 accident or damage reported,Yes,22000,15,6068.5625,0.22657754616517503,1,1
Jeep,Wrangler Unlimited X,2008,136731,Gasoline,202.0HP 3.8L V6 Cylinder Engine Gasoline Fuel,A/T,Yellow,Gray,None reported,Yes,15900,17,7596.166666666667,0.11628672356671128,0,1
RAM,1500 Tradesman/Express,2017,40200,Gasoline,395.0HP 5.7L 8 Cylinder Engine Gasoline Fuel,A/T,Blue,Gray,At least 1 accident or damage reported,Yes,24000,8,4466.666666666667,0.5970149253731343,1,1
Ford,Explorer ST,2021,39105,Gasoline,3.0L V6 24V GDI DOHC Twin Turbo,10-Speed Automatic,Black,–,None reported,Yes,44605,4,7821.0,1.140646976090014,0,1
Mercedes-Benz,G 550 4x4 Squared Base,2017,23567,Gasoline,416.0HP 4.0L 8 Cylinder Engine Gasoline Fuel,Transmission w/Dual Shift Mode,White,Black,At least 1 accident or damage reported,Yes,215000,8,2618.5555555555557,9.122926125514491,1,0
BMW,M4 Competition,2021,12500,Gasoline,503.0HP 3.0L Straight 6 Cylinder Engine Gasoline Fuel,8-Speed A/T,Gray,Blue,At least 1 accident or damage reported,Yes,90000,4,2500.0,7.2,1,1
Chevrolet,Colorado ZR2,2019,38900,Gasoline,308.0HP 3.6L V6 Cylinder Engine Gasoline Fuel,8-Speed A/T,White,Black,None reported,Yes,34700,6,5557.142857142857,0.8920308483290489,0,1
Lincoln,Navigator L Select,2016,84272,Gasoline,380.0HP 3.5L V6 Cylinder Engine Gasoline Fuel,6-Speed A/T,Black,Black,At least 1 accident or damage reported,Yes,25221,9,8427.2,0.2992808999430416,1,1
Mercedes-Benz,E-Class E 350,2016,58375,Gasoline,302.0HP 3.5L V6 Cylinder Engine Gasoline Fuel,A/T,White,Beige,None reported,Yes,24999,9,5837.5,0.42824839400428266,0,1
Ford,Mustang Shelby GT500,2007,7346,Gasoline,500.0HP 5.4L 8 Cylinder Engine Gasoline Fuel,6-Speed M/T,Red,Black,None reported,Yes,40999,18,386.63157894736844,5.581132589164171,0,0
Dodge,Charger SRT8,2008,98231,Gasoline,425.0HP 6.1L 8 Cylinder Engine Gasoline Fuel,5-Speed A/T,Blue,Black,At least 1 accident or damage reported,Yes,15500,17,5457.277777777777,0.15779132860298684,1,1
Jaguar,XK Base,2007,56000,Gasoline,300.0HP 4.2L 8 Cylinder Engine Gasoline Fuel,A/T,White,Beige,None reported,Yes,18000,18,2947.3684210526317,0.32142857142857145,0,1
Honda,Civic EX,2020,13935,Gasoline,174.0HP 1.5L 4 Cylinder Engine Gasoline Fuel,CVT Transmission,Gray,Black,None reported,Yes,26000,5,2322.5,1.865805525654826,0,0
Subaru,Impreza 2.0i,2019,30000,Gasoline,152.0HP 2.0L 4 Cylinder Engine Gasoline Fuel,CVT Transmission,Gray,Black,At least 1 accident or damage reported,Yes,21250,6,4285.714285714285,0.7083333333333334,1,0
Saab,9-3 Aero,2009,106000,Gasoline,280.0HP 2.8L V6 Cylinder Engine Gasoline Fuel,6-Speed A/T,Red,Black,None reported,Yes,12950,16,6235.294117647059,0.12216981132075472,0,1
BMW,650 Gran Coupe i xDrive,2014,82978,Gasoline,445.0HP 4.4L 8 Cylinder Engine Gasoline Fuel,8-Speed A/T,Black,White,None reported,Yes,18700,11,6914.833333333333,0.22536093904408397,0,1
Jeep,Wrangler Unlimited Sport,2018,58500,Gasoline,285.0HP 3.6L V6 Cylinder Engine Gasoline Fuel,8-Speed A/T,Black,Black,None reported,Yes,35000,7,7312.5,0.5982905982905983,0,1
Ford,F-350 King Ranch,2015,92421,Diesel,440.0HP 6.7L 8 Cylinder Engine Diesel Fuel,6-Speed A/T,White,Brown,None reported,Yes,51900,10,8401.90909090909,0.5615606842600708,0,1
Mazda,CX-30 Preferred,2020,9927,Gasoline,2.5L I4 16V GDI DOHC,6-Speed Automatic,Snowflake White Pearl,Black,None reported,Yes,27518,5,1654.5,2.7720358617910748,0,1
Jeep,Wrangler Sport,2000,122945,Gasoline,181.0HP 4.0L Straight 6 Cylinder Engine Gasoline Fuel,5-Speed M/T,Beige,Brown,None reported,Yes,13900,25,4728.653846153846,0.11305868477774615,0,0
Lexus,RX 330 Base,2006,110250,Gasoline,230.0HP 3.3L V6 Cylinder Engine Gasoline Fuel,A/T,White,Beige,None reported,Yes,11000,19,5512.5,0.09977324263038549,0,1
INFINITI,QX56 Base,2011,103010,Gasoline,400.0HP 5.6L 8 Cylinder Engine Gasoline Fuel,7-Speed A/T,Black,Beige,None reported,Yes,13500,14,6867.333333333333,0.13105523735559654,0,1
Hyundai,Veloster Value Edition,2017,55359,Gasoline,1.6L I4 16V GDI DOHC,6-Speed Automatic with Auto-Shift,Ironman Silver,Black,None reported,Yes,15599,8,6151.0,0.28177893386802505,0,1
Chevrolet,Silverado 1500 LT Extended Cab,2002,118500,Gasoline,285.0HP 5.3L 8 Cylinder Engine Gasoline Fuel,A/T,Silver,Black,At least 1 accident or damage reported,Yes,5900,23,4937.5,0.049789029535864976,1,1
Rivian,R1S Launch Edition,2022,7800,Gasoline,835.0HP Electric Motor Electric Fuel System,1-Speed A/T,Green,Black,None reported,Yes,92500,3,1950.0,11.85897435897436,0,1
Land,Rover Range Rover HSE SWB,2020,41500,Hybrid,395.0HP 3.0L Straight 6 Cylinder Engine Gasoline/Mild Electric Hybrid,8-Speed A/T,Gray,Gray,None reported,Yes,68000,5,6916.666666666667,1.6385542168674698,0,1
BMW,M4 Base,2020,28000,Gasoline,425.0HP 3.0L Straight 6 Cylinder Engine Gasoline Fuel,7-Speed A/T,White,White,None reported,Yes,59900,5,4666.666666666667,2.1392857142857142,0,1
Mercedes-Benz,E-Class E 350,2014,53500,Gasoline,302.0HP 3.5L V6 Cylinder Engine Gasoline Fuel,A/T,Black,Brown,None reported,Yes,24500,11,4458.333333333333,0.45794392523364486,0,1
Honda,Accord Hybrid Base,2021,33523,Hybrid,2.0L I4 16V MPFI DOHC Hybrid,Automatic CVT,Lunar Silver Metallic,Gray,None reported,Yes,28748,4,6704.6,0.8575604808638845,0,1
Toyota,Prius v Three,2016,86300,Hybrid,134.0HP 1.8L 4 Cylinder Engine Gas/Electric Hybrid,A/T,Gray,Black,At least 1 accident or damage reported,Yes,18000,9,8630.0,0.2085747392815759,1,1
Subaru,WRX Premium,2022,7738,Gasoline,271.0HP 2.4L 4 Cylinder Engine Gasoline Fuel,Transmission w/Dual Shift Mode,Orange,Black,At least 1 accident or damage reported,Yes,33000,3,1934.5,4.264667872835358,1,0
Bentley,Bentayga Speed,2020,22001,Gasoline,6.0L W12 48V PDI DOHC Twin Turbo,8-Speed Automatic,Beluga Black,Hotspur Hide,None reported,Yes,173995,5,3666.8333333333335,7.908504158901868,0,1
Ford,Explorer ST,2022,14361,Gasoline,400.0HP 3.0L V6 Cylinder Engine Gasoline Fuel,10-Speed A/T,Black,Black,None reported,Yes,51500,3,3590.25,3.586101246431307,0,1
Chevrolet,Suburban LT,2016,98000,E85 Flex Fuel,355.0HP 5.3L 8 Cylinder Engine Flex Fuel Capability,Transmission Overdrive Switch,Gray,Gray,At least 1 accident or damage reported,Yes,30000,9,9800.0,0.30612244897959184,1,0
Chevrolet,Silverado 1500 Limited Custom,2022,30455,Gasoline,2.7 Liter DOHC Turbo,Automatic,Summit White,Jet Black,None reported,Yes,37698,3,7613.75,1.2378263010999835,0,1
Ford,Explorer Platinum,2020,64552,Gasoline,3.0L V6 24V GDI DOHC Twin Turbo,10-Speed Automatic,Iconic Silver Metallic,Ebony,At least 1 accident or damage reported,Yes,36750,5,10758.666666666666,0.5693084644937415,1,1
Lexus,RX 350 Base,2017,103866,Gasoline,295.0HP 3.5L V6 Cylinder Engine Gasoline Fuel,8-Speed A/T,Beige,Beige,At least 1 accident or damage reported,Yes,24700,8,11540.666666666666,0.23780640440567655,1,1
Land,Rover Range Rover 3.0L V6 Supercharged HSE,2019,35650,Gasoline,380.0HP 3.0L V6 Cylinder Engine Gasoline Fuel,8-Speed A/T,Black,Black,At least 1 accident or damage reported,Yes,57999,6,5092.857142857143,1.6269004207573632,1,1
Ford,Explorer Platinum,2021,64957,Gasoline,3.0L V6 24V GDI DOHC Twin Turbo,10-Speed Automatic,Black,Light Slate,None reported,Yes,39979,4,12991.4,0.6154686946749388,0,1
Dodge,Challenger SRT8 392,2012,33700,–,–,6-Speed M/T,Black,Black,None reported,Yes,33500,13,2407.1428571428573,0.9940652818991098,0,0
Chevrolet,Equinox 2LT,2012,96653,Gasoline,264.0HP 3.0L V6 Cylinder Engine Gasoline Fuel,6-Speed A/T,Black,Brown,At least 1 accident or damage reported,Yes,7500,13,6903.785714285715,0.07759717753199591,1,1
Dodge,Challenger SXT,2022,29500,Gasoline,303.0HP 3.6L V6 Cylinder Engine Gasoline Fuel,8-Speed A/T,Gray,Black,None reported,Yes,31000,3,7375.0,1.0508474576271187,0,1
Porsche,911 Carrera,2021,7400,Gasoline,379.0HP 3.0L Flat 6 Cylinder Engine Gasoline Fuel,8-Speed A/T,Red,Black,None reported,Yes,116999,4,1480.0,15.810675675675675,0,1
Volvo,XC70 T6 Platinum,2012,69000,Gasoline,300.0HP 3.0L Straight 6 Cylinder Engine Gasoline Fuel,A/T,Silver,Black,At least 1 accident or damage reported,Yes,15900,13,4928.571428571428,0.23043478260869565,1,1
Lexus,GX 470 Base,2005,198000,Gasoline,270.0HP 4.7L 8 Cylinder Engine Gasoline Fuel,5-Speed A/T,Gray,Gray,At least 1 accident or damage reported,Yes,15500,20,9428.57142857143,0.07828282828282829,1,1
Porsche,911 Carrera GTS,2015,23600,Gasoline,430.0HP 3.8L Flat 6 Cylinder Engine Gasoline Fuel,7-Speed M/T,Red,Black,None reported,Yes,132900,10,2145.4545454545455,5.63135593220339,0,0
Volvo,XC70 3.2,2008,170000,Gasoline,235.0HP 3.2L Straight 6 Cylinder Engine Gasoline Fuel,6-Speed A/T,White,Beige,None reported,Yes,7000,17,9444.444444444445,0.041176470588235294,0,1
Nissan,350Z NISMO,2008,76500,Gasoline,306.0HP 3.5L V6 Cylinder Engine Gasoline Fuel,6-Speed M/T,Silver,Red,At least 1 accident or damage reported,Yes,28000,17,4250.0,0.3660130718954248,1,0
Porsche,911 Turbo,2007,73500,Gasoline,480.0HP 3.6L Flat 6 Cylinder Engine Gasoline Fuel,5-Speed A/T,Black,Black,None reported,Yes,75499,18,3868.4210526315787,1.0271972789115646,0,1
Land,Rover Range Rover SWB,2020,29000,Hybrid,355.0HP 3.0L Straight 6 Cylinder Engine Gasoline/Mild Electric Hybrid,A/T,Black,Black,None reported,Yes,70000,5,4833.333333333333,2.413793103448276,0,1
Porsche,Cayenne E-Hybrid S Platinum Edition,2017,69404,Plug-In Hybrid,416.0HP 3.0L V6 Cylinder Engine Plug-In Electric/Gas,8-Speed A/T,Black,Beige,At least 1 accident or damage reported,Yes,29500,8,7711.555555555556,0.4250475476917757,1,1
Lexus,IS 350 Base,2007,103000,Gasoline,306.0HP 3.5L V6 Cylinder Engine Gasoline Fuel,6-Speed A/T,Red,Beige,At least 1 accident or damage reported,Yes,12900,18,5421.0526315789475,0.12524271844660195,1,1
Porsche,Macan S,2015,70500,Gasoline,340.0HP 3.0L V6 Cylinder Engine Gasoline Fuel,Transmission w/Dual Shift Mode,Silver,Black,At least 1 accident or damage reported,Yes,26500,10,6409.090909090909,0.375886524822695,1,0
Land,Rover Range Rover 5.0L Supercharged,2016,64000,Gasoline,510.0HP 5.0L 8 Cylinder Engine Gasoline Fuel,Transmission w/Dual Shift Mode,White,White,None reported,Yes,36995,9,6400.0,0.578046875,0,0
GMC,Savana 2500 Work Van,2018,63460,E85 Flex Fuel,341.0HP 6.0L 8 Cylinder Engine Flex Fuel Capability,A/T,White,Beige,None reported,Yes,33000,7,7932.5,0.5200126063662149,0,1
Toyota,4Runner SR5,2018,32199,Gasoline,270.0HP 4.0L V6 Cylinder Engine Gasoline Fuel,A/T,Silver,Black,None reported,Yes,35500,7,4024.875,1.1025187117612347,0,1
Hyundai,Palisade SEL,2020,69487,Gasoline,291.0HP 3.8L V6 Cylinder Engine Gasoline Fuel,A/T,White,Black,None reported,Yes,32000,5,11581.166666666666,0.46051779469541065,0,1
GMC,Sierra 2500 Denali,2015,86000,Diesel,397.0HP 6.6L 8 Cylinder Engine Diesel Fuel,A/T,Gray,Brown,None reported,Yes,49000,10,7818.181818181818,0.5697674418604651,0,1
Genesis,GV70 3.5T Sport,2022,8730,Gasoline,3.5L V6 24V PDI DOHC Twin Turbo,8-Speed Automatic,Alta White,Red,None reported,Yes,48219,3,2182.5,5.523367697594502,0,1
Dodge,Ram Van 1500,2002,70000,Gasoline,175.0HP 3.9L V6 Cylinder Engine Gasoline Fuel,A/T,Red,Beige,At least 1 accident or damage reported,Yes,8000,23,2916.6666666666665,0.11428571428571428,1,1
Chevrolet,Impala 1LT,2017,70000,Gasoline,305.0HP 3.6L V6 Cylinder Engine Gasoline Fuel,6-Speed A/T,White,Gray,At least 1 accident or damage reported,Yes,17900,8,7777.777777777777,0.2557142857142857,1,1
Audi,A4 2.0T Premium Plus,2015,83420,E85 Flex Fuel,220.0HP 2.0L 4 Cylinder Engine Flex Fuel Capability,8-Speed A/T,Red,Gray,At least 1 accident or damage reported,Yes,16000,10,7583.636363636364,0.1918005274514505,1,1
Nissan,Altima 2.5 S,2003,189000,Gasoline,175.0HP 2.5L 4 Cylinder Engine Gasoline Fuel,A/T,Silver,Beige,At least 1 accident or damage reported,Yes,2899,22,8217.391304347826,0.015338624338624339,1,1
Porsche,911 Carrera 4S,2017,31500,Gasoline,420.0HP 3.0L Flat 6 Cylinder Engine Gasoline Fuel,7-Speed A/T,Blue,Red,None reported,Yes,97555,8,3500.0,3.096984126984127,0,1
BMW,X1 xDrive 28i,2015,85766,Gasoline,240.0HP 2.0L 4 Cylinder Engine Gasoline Fuel,A/T,Gray,Black,None reported,Yes,13000,10,7796.909090909091,0.151575216286174,0,1
GMC,Yukon Denali,2018,92800,Gasoline,420.0HP 6.2L 8 Cylinder Engine Gasoline Fuel,10-Speed A/T,White,Black,None reported,Yes,34000,7,11600.0,0.36637931034482757,0,1
Land,Rover Defender SE,2021,13970,Hybrid,395.0HP 3.0L Straight 6 Cylinder Engine Gasoline/Mild Electric Hybrid,A/T,Gray,Black,None reported,Yes,75500,4,2794.0,5.404438081603436,0,1
Porsche,911 Turbo S,2023,154,Gasoline,3.8L H6 24V GDI DOHC Twin Turbo,8-Speed Automatic with Auto-Shift,Python Green,Black,None reported,Yes,274900,2,51.333333333333336,1785.064935064935,0,1
Toyota,Land Cruiser Base,2000,265000,Gasoline,230.0HP 4.7L 8 Cylinder Engine Gasoline Fuel,4-Speed A/T,Black,Beige,None reported,Yes,15500,25,10192.307692307691,0.05849056603773585,0,1
Scion,xB Base,2011,95426,Gasoline,158.0HP 2.4L 4 Cylinder Engine Gasoline Fuel,A/T,Green,Gray,None reported,Yes,8000,14,6361.733333333334,0.08383459434535662,0,1
Honda,S2000 Base,2001,119900,Gasoline,240.0HP 2.0L 4 Cylinder Engine Gasoline Fuel,6-Speed M/T,Black,Red,At least 1 accident or damage reported,Yes,18000,24,4796.0,0.1501251042535446,1,0
Mazda,CX-30 Select,2020,23162,Gasoline,2.5L I4 16V GDI DOHC,6-Speed Automatic,Soul Red Crystal Metallic,Black,None reported,Yes,25495,5,3860.3333333333335,1.1007253259649425,0,1
BMW,M4 Competition,2023,3950,Gasoline,503.0HP 3.0L Straight 6 Cylinder Engine Gasoline Fuel,A/T,White,Blue,None reported,Yes,83500,2,1316.6666666666667,21.139240506329113,0,1
Porsche,911 Carrera 4S,2006,80000,Gasoline,355.0HP 3.8L Flat 6 Cylinder Engine Gasoline Fuel,6-Speed M/T,Black,Beige,None reported,Yes,43000,19,4000.0,0.5375,0,0
Ford,F-250 Lariat,2015,94634,E85 Flex Fuel,385.0HP 6.2L 8 Cylinder Engine Flex Fuel Capability,A/T,White,Black,At least 1 accident or damage reported,Yes,32500,10,8603.09090909091,0.34342836612633937,1,1
Chevrolet,Corvette Base,2007,65000,Gasoline,400.0HP 6.0L 8 Cylinder Engine Gasoline Fuel,6-Speed A/T,Silver,Beige,At least 1 accident or damage reported,Yes,33885,18,3421.0526315789475,0.5213076923076924,1,1
Lexus,LS 460 L,2008,100000,Gasoline,380.0HP 4.6L 8 Cylinder Engine Gasoline Fuel,A/T,Black,Black,At least 1 accident or damage reported,Yes,11500,17,5555.555555555556,0.115,1,1
Toyota,Sienna XSE 25th Anniversary,2023,500,Hybrid,245.0HP 2.5L 4 Cylinder Engine Gas/Electric Hybrid,A/T,White,Black,None reported,Yes,59500,2,166.66666666666666,119.0,0,1
Mercedes-Benz,AMG G 63 Base,2021,7856,Gasoline,4.0L V8 32V GDI DOHC Twin Turbo,9-Speed Automatic,China Blue,Black,None reported,Yes,425000,4,1571.2,54.09877800407332,0,1
Audi,A4 2.0T Premium quattro,2011,181000,Gasoline,211.0HP 2.0L 4 Cylinder Engine Gasoline Fuel,A/T,White,Black,None reported,Yes,5500,14,12066.666666666666,0.03038674033149171,0,1
Mercedes-Benz,GLC 300 Base 4MATIC,2018,48700,Gasoline,241.0HP 2.0L 4 Cylinder Engine Gasoline Fuel,9-Speed A/T,Blue,Brown,None reported,Yes,27900,7,6087.5,0.5728952772073922,0,1
Porsche,911 Turbo Cabriolet,2009,13500,Gasoline,480.0HP 3.6L Flat 6 Cylinder Engine Gasoline Fuel,6-Speed M/T,Gray,Black,None reported,Yes,130000,16,794.1176470588235,9.62962962962963,0,0
Toyota,86 860 Special Edition,2017,87500,Gasoline,200.0HP 2.0L 4 Cylinder Engine Gasoline Fuel,6-Speed A/T,Silver,Black,None reported,Yes,20000,8,9722.222222222223,0.22857142857142856,0,1
Jaguar,XJ8 L,2000,45000,Gasoline,290.0HP 4.0L 8 Cylinder Engine Gasoline Fuel,A/T,Silver,Beige,None reported,Yes,12500,25,1730.7692307692307,0.2777777777777778,0,1
Chevrolet,Corvette Base,1996,85760,Gasoline,300.0HP 5.7L 8 Cylinder Engine Gasoline Fuel,4-Speed A/T,Silver,Black,None reported,Yes,14500,29,2858.6666666666665,0.16907649253731344,0,1
Tesla,Model 3 Long Range,2018,36187,Gasoline,271.0HP Electric Motor Electric Fuel System,1-Speed A/T,White,Black,None reported,Yes,28895,7,4523.375,0.7984911708624645,0,1
Hyundai,Tucson SEL,2022,13666,Gasoline,2.5L I4 16V PDI DOHC,8-Speed Automatic,Portofino Gray,Black,None reported,Yes,27999,3,3416.5,2.0488072588906774,0,1
Porsche,911 Carrera S,2007,50500,Gasoline,355.0HP 3.8L Flat 6 Cylinder Engine Gasoline Fuel,6-Speed M/T,Silver,Black,None reported,Yes,56000,18,2657.8947368421054,1.108910891089109,0,0
Lincoln,Nautilus Reserve,2021,19291,Gasoline,2.0L I4 16V GDI DOHC Turbo,8-Speed Automatic,Black,Ebony,None reported,Yes,44340,4,3858.2,2.298481157016225,0,1
Ford,Mustang Boss 302,2012,1295,Gasoline,444.0HP 5.0L 8 Cylinder Engine Gasoline Fuel,M/T,Silver,Black,None reported,Yes,49990,13,92.5,38.602316602316606,0,0
Cadillac,Escalade Premium Luxury,2017,55000,Gasoline,420.0HP 6.2L 8 Cylinder Engine Gasoline Fuel,8-Speed A/T,White,Beige,At least 1 accident or damage reported,Yes,49900,8,6111.111111111111,0.9072727272727272,1,1
MINI,Cooper Base,2010,74000,Gasoline,118.0HP 1.6L 4 Cylinder Engine Gasoline Fuel,6-Speed M/T,Yellow,Black,None reported,Yes,9650,15,4625.0,0.1304054054054054,0,0
Dodge,Durango R/T,2022,14976,Gasoline,5.7L V8 16V MPFI OHV,8-Speed Automatic,White Knuckle Clearcoat,Black,None reported,Yes,49999,3,3744.0,3.3386084401709404,0,1
BMW,X5 xDrive35i,2018,25348,Gasoline,3.0L I6 24V GDI DOHC Turbo,8-Speed Automatic,Imperial Blue Metallic,Black,At least 1 accident or damage reported,Yes,33889,7,3168.5,1.3369496607227396,1,1
Chevrolet,Corvette Base,2010,23133,Gasoline,430.0HP 6.2L 8 Cylinder Engine Gasoline Fuel,6-Speed M/T,White,Black,None reported,Yes,35000,15,1445.8125,1.5129901007219124,0,0
Jaguar,XE 20d Prestige,2018,34322,Diesel,2.0 Liter,Automatic,Blue,Beige,None reported,Yes,29998,7,4290.25,0.8740166656954723,0,1
Dodge,Challenger R/T,2021,39960,Gasoline,375.0HP 5.7L 8 Cylinder Engine Gasoline Fuel,8-Speed A/T,White,Gray,At least 1 accident or damage reported,Yes,28500,4,7992.0,0.7132132132132132,1,1
BMW,550 i xDrive,2016,76400,Gasoline,445.0HP 4.4L 8 Cylinder Engine Gasoline Fuel,8-Speed A/T,Black,Black,At least 1 accident or damage reported,Yes,31300,9,7640.0,0.4096858638743455,1,1
Ford,Explorer XLT,2022,18533,Gasoline,2.3L I4 16V GDI DOHC Turbo,10-Speed Automatic,White,Ebony,None reported,Yes,38978,3,4633.25,2.103167323153294,0,1
GMC,Yukon XL Denali,2023,7500,Gasoline,420.0HP 6.2L 8 Cylinder Engine Gasoline Fuel,10-Speed A/T,Gray,Black,None reported,Yes,92888,2,2500.0,12.385066666666667,0,1
INFINITI,QX80 SENSORY,2022,26520,Gasoline,400.0HP 5.6L 8 Cylinder Engine Gasoline Fuel,7-Speed A/T,Blue,Brown,At least 1 accident or damage reported,Yes,64000,3,6630.0,2.4132730015082955,1,1
Land,Rover Range Rover 3.0L Supercharged,2014,59500,E85 Flex Fuel,340.0HP 3.0L V6 Cylinder Engine Flex Fuel Capability,A/T,Red,Black,None reported,Yes,33800,11,4958.333333333333,0.5680672268907563,0,1
Honda,Pilot EX-L,2020,44000,Gasoline,280.0HP 3.5L V6 Cylinder Engine Gasoline Fuel,A/T,White,Black,None reported,Yes,34999,5,7333.333333333333,0.7954318181818182,0,1
Pontiac,Firebird Base,2001,111000,Gasoline,200.0HP 3.8L V6 Cylinder Engine Gasoline Fuel,A/T,White,Gray,None reported,Yes,11000,24,4440.0,0.0990990990990991,0,1
Toyota,4Runner Limited,2016,82260,Gasoline,4.0L V6 24V MPFI DOHC,5-Speed Automatic,Nautical Blue Pearl,Black,None reported,Yes,31906,9,8226.0,0.38786773644541694,0,1
Porsche,911 Carrera Cabriolet,2006,52744,Gasoline,325.0HP 3.6L Flat 6 Cylinder Engine Gasoline Fuel,Transmission w/Dual Shift Mode,Gray,Black,At least 1 accident or damage reported,Yes,37500,19,2637.2,0.7109813438495374,1,0
BMW,i8 Base,2019,28200,Plug-In Hybrid,369.0HP 1.5L 3 Cylinder Engine Plug-In Electric/Gas,Transmission w/Dual Shift Mode,Gray,Beige,At least 1 accident or damage reported,Yes,79950,6,4028.5714285714284,2.8351063829787235,1,0
Nissan,Maxima GLE,2000,194277,Gasoline,222.0HP 3.0L V6 Cylinder Engine Gasoline Fuel,A/T,Blue,Beige,At least 1 accident or damage reported,Yes,2300,25,7472.192307692308,0.011838766297605996,1,1
Pontiac,Firebird Trans Am,2001,91812,Gasoline,310.0HP 5.7L 8 Cylinder Engine Gasoline Fuel,A/T,Green,Black,None reported,Yes,12850,24,3672.48,0.1399599180934954,0,1
Chevrolet,Suburban Premier,2018,84224,Gasoline,5.3L V8 16V GDI OHV,6-Speed Automatic,Tungsten Metallic,Jet Black,None reported,Yes,43775,7,10528.0,0.5197449658054711,0,1
BMW,X2 xDrive28i,2018,66690,Gasoline,228.0HP 2.0L 4 Cylinder Engine Gasoline Fuel,Transmission w/Dual Shift Mode,Gray,Black,At least 1 accident or damage reported,Yes,24900,7,8336.25,0.3733693207377418,1,0
Mercedes-Benz,AMG C 43 Base 4MATIC,2018,41500,Gasoline,362.0HP 3.0L V6 Cylinder Engine Gasoline Fuel,9-Speed A/T,White,Brown,At least 1 accident or damage reported,Yes,39848,7,5187.5,0.9601927710843373,1,1
BMW,750 i xDrive,2014,85095,Gasoline,445.0HP 4.4L 8 Cylinder Engine Gasoline Fuel,8-Speed A/T,Black,Brown,At least 1 accident or damage reported,Yes,24900,11,7091.25,0.2926141371408426,1,1
Volvo,S60 T5 Premier Plus,2015,39000,Gasoline,250.0HP 2.5L 5 Cylinder Engine Gasoline Fuel,Transmission w/Dual Shift Mode,Silver,Gray,At least 1 accident or damage reported,Yes,17900,10,3545.4545454545455,0.45897435897435895,1,0
Tesla,Model Y Long Range,2022,20500,Gasoline,425.0HP Electric Motor Electric Fuel System,1-Speed A/T,Gray,Black,None reported,Yes,46500,3,5125.0,2.268292682926829,0,1
Ford,F-350 Platinum,2019,112000,Diesel,450.0HP 6.7L 8 Cylinder Engine Diesel Fuel,6-Speed A/T,Black,Black,None reported,Yes,61995,6,16000.0,0.5535267857142857,0,1
Volkswagen,ID.4 Pro S,2023,1716,Gasoline,Battery Electric,Automatic,Gray,Gray w/Blue Bolsters,None reported,Yes,39998,2,572.0,23.30885780885781,0,1
Audi,A3 2.0T Premium,2016,90360,Gasoline,220.0HP 2.0L 4 Cylinder Engine Gasoline Fuel,A/T,Black,Black,At least 1 accident or damage reported,Yes,15499,9,9036.0,0.17152501106684373,1,1
Ford,Explorer Limited,2020,82146,Gasoline,2.3L I4 16V GDI DOHC Turbo,10-Speed Automatic,Gray,Ebony,None reported,Yes,30825,5,13691.0,0.3752465123073552,0,1
Ford,Mustang GT Premium,2020,16850,Gasoline,460.0HP 5.0L 8 Cylinder Engine Gasoline Fuel,10-Speed A/T,Blue,Black,At least 1 accident or damage reported,Yes,41000,5,2808.3333333333335,2.4332344213649852,1,1
Honda,S2000 Base,2003,101000,Gasoline,240.0HP 2.0L 4 Cylinder Engine Gasoline Fuel,6-Speed M/T,Silver,Black,None reported,Yes,28000,22,4391.304347826087,0.27722772277227725,0,0
BMW,M235 i,2015,68750,Gasoline,320.0HP 3.0L Straight 6 Cylinder Engine Gasoline Fuel,6-Speed M/T,Red,Black,None reported,Yes,25999,10,6250.0,0.37816727272727274,0,0
Lamborghini,Aventador S Base,2018,5858,Gasoline,729.0HP 6.5L 12 Cylinder Engine Gasoline Fuel,7-Speed A/T,White,Gray,None reported,Yes,491836,7,732.25,83.95971321270058,0,1
Dodge,Durango SLT,2004,143000,Gasoline,335.0HP 5.7L 8 Cylinder Engine Gasoline Fuel,A/T,Beige,Beige,None reported,Yes,3200,21,6500.0,0.022377622377622378,0,1
Nissan,Armada LE,2005,152270,Gasoline,305.0HP 5.6L 8 Cylinder Engine Gasoline Fuel,A/T,Green,Beige,At least 1 accident or damage reported,Yes,6900,20,7250.952380952381,0.04531424443422867,1,1
Kia,Sorento S,2021,19605,Gasoline,2.5L I4 16V PDI DOHC,8-Speed Automatic,Glacial White Pearl,Black,None reported,Yes,33591,4,3921.0,1.713389441469013,0,1
Chevrolet,Silverado 1500 RST,2020,19200,Gasoline,355.0HP 5.3L 8 Cylinder Engine Gasoline Fuel,10-Speed A/T,Gray,Black,None reported,Yes,69999,5,3200.0,3.64578125,0,1
Chevrolet,Impala Base,2004,64500,Gasoline,180.0HP 3.4L V6 Cylinder Engine Gasoline Fuel,A/T,Beige,Beige,None reported,Yes,5900,21,2931.818181818182,0.09147286821705426,0,1
Toyota,Tacoma PreRunner,2011,149000,Gasoline,236.0HP 4.0L V6 Cylinder Engine Gasoline Fuel,A/T,Black,Beige,None reported,Yes,18995,14,9933.333333333334,0.12748322147651006,0,1
McLaren,570S Spider,2018,5918,Gasoline,3.8L V8 32V MPFI DOHC Twin Turbo,7-Speed Automatic with Auto-Shift,Silician Yellow,Jet Black,None reported,Yes,179900,7,739.75,30.398783372761066,0,1
Pontiac,Firebird Trans Am,1997,134033,Gasoline,285.0HP 5.7L 8 Cylinder Engine Gasoline Fuel,A/T,Red,Beige,At least 1 accident or damage reported,Yes,7200,28,4621.827586206897,0.05371811419575776,1,1
Kia,Stinger GT1,2019,37226,Gasoline,"3.3L V-6 gasoline direct injection, DOHC, D-CVVT variable valve",Automatic,Snow White Pearl,Black,None reported,Yes,34998,6,5318.0,0.9401493579756084,0,1
Ford,Escape SE,2017,71924,Gasoline,179.0HP 1.5L 4 Cylinder Engine Gasoline Fuel,A/T,Beige,Beige,None reported,Yes,13700,8,7991.555555555556,0.19047883877426172,0,1
Lamborghini,Huracan EVO Coupe,2021,5718,Gasoline,"5.2L V-10 gasoline direct injection, DOHC, variable valve contro",Automatic,Arancio Borealis,Nero Ade,None reported,Yes,279991,4,1143.6,48.96659671213711,0,1
Jeep,Wrangler Unlimited Sport,2014,122200,Gasoline,285.0HP 3.6L V6 Cylinder Engine Gasoline Fuel,A/T,Orange,Black,At least 1 accident or damage reported,Yes,21500,11,10183.333333333334,0.17594108019639934,1,1
Land,Rover Range Rover Sport HST MHEV,2020,37248,Hybrid,395.0HP 3.0L Straight 6 Cylinder Engine Gasoline/Mild Electric Hybrid,8-Speed A/T,Silver,Black,None reported,Yes,54500,5,6208.0,1.4631658075601375,0,1
Chevrolet,Silverado 1500 Base,1999,88750,Gasoline,255.0HP 4.8L 8 Cylinder Engine Gasoline Fuel,A/T,White,Gray,None reported,Yes,6800,26,3287.037037037037,0.07661971830985916,0,1
Cadillac,XLR V,2008,64800,Gasoline,443.0HP 4.4L 8 Cylinder Engine Gasoline Fuel,6-Speed A/T,Black,Black,None reported,Yes,24700,17,3600.0,0.38117283950617287,0,1
Ford,Fusion Hybrid Titanium,2014,112180,Hybrid,2.0L I4 16V MPFI DOHC Hybrid,Automatic CVT,White,Charcoal Black,None reported,Yes,12599,11,9348.333333333334,0.11231057229452665,0,1
RAM,2500 SLT,2015,149130,Diesel,350.0HP 6.7L Straight 6 Cylinder Engine Diesel Fuel,6-Speed A/T,White,Black,At least 1 accident or damage reported,Yes,35000,10,13557.272727272728,0.23469456179172535,1,1
Tesla,Model Y Long Range,2020,88000,Gasoline,425.0HP Electric Motor Electric Fuel System,1-Speed A/T,Gray,White,None reported,Yes,35500,5,14666.666666666666,0.4034090909090909,0,1
Toyota,Highlander XLE,2018,74000,Gasoline,295.0HP 3.5L V6 Cylinder Engine Gasoline Fuel,8-Speed A/T,White,Black,None reported,Yes,27950,7,9250.0,0.3777027027027027,0,1
Ford,F-150 XLT,2019,44460,Gasoline,325.0HP 2.7L V6 Cylinder Engine Gasoline Fuel,10-Speed A/T,Red,Gray,None reported,Yes,34500,6,6351.428571428572,0.7759784075573549,0,1
GMC,Acadia SLE-2,2015,96000,Gasoline,281.0HP 3.6L V6 Cylinder Engine Gasoline Fuel,6-Speed A/T,Blue,Beige,None reported,Yes,17000,10,8727.272727272728,0.17708333333333334,0,1
Porsche,Boxster Base,2005,75000,Gasoline,240.0HP 2.7L Flat 6 Cylinder Engine Gasoline Fuel,5-Speed M/T,Silver,Black,None reported,Yes,17500,20,3571.4285714285716,0.23333333333333334,0,0
Dodge,Charger R/T,2014,95000,Gasoline,370.0HP 5.7L 8 Cylinder Engine Gasoline Fuel,Transmission w/Dual Shift Mode,Black,Black,None reported,Yes,17900,11,7916.666666666667,0.18842105263157893,0,0
Land,Rover Range Rover Sport Supercharged HSE,2016,49799,Gasoline,340.0HP 3.0L V6 Cylinder Engine Gasoline Fuel,A/T,Brown,Brown,None reported,Yes,37500,9,4979.9,0.7530271692202655,0,1
Ford,Mustang GT,2006,27407,Gasoline,300.0HP 4.6L 8 Cylinder Engine Gasoline Fuel,5-Speed M/T,Silver,Red,None reported,Yes,21750,19,1370.35,0.7935928777319663,0,0
Alfa,Romeo Giulia Ti,2020,23339,Gasoline,2.0L I4 16V GDI SOHC Turbo,8-Speed Automatic,Rosso,Black,None reported,Yes,34645,5,3889.8333333333335,1.4844252110201808,0,1
Tesla,Model S 90D,2016,74122,Gasoline,417.0HP Electric Motor Electric Fuel System,A/T,Black,Black,None reported,Yes,35900,9,7412.2,0.4843366341976741,0,1
Jaguar,XK8 Base,1997,50000,Gasoline,290.0HP 4.0L 8 Cylinder Engine Gasoline Fuel,A/T,White,Beige,None reported,Yes,6000,28,1724.1379310344828,0.12,0,1
Mercedes-Benz,GLC 300 GLC 300,2021,14745,Gasoline,2.0 Liter Turbo,Automatic,Graphite Grey,–,None reported,Yes,38998,4,2949.0,2.6448287555103427,0,1
Chevrolet,Corvette Stingray w/3LT,2021,2700,Gasoline,490.0HP 6.2L 8 Cylinder Engine Gasoline Fuel,Transmission w/Dual Shift Mode,Blue,Blue,None reported,Yes,85950,4,540.0,31.833333333333332,0,0
Buick,Regal Turbo - Premium 1,2012,190000,Gasoline,220.0HP 2.0L 4 Cylinder Engine Gasoline Fuel,6-Speed A/T,Beige,Beige,At least 1 accident or damage reported,Yes,6000,13,13571.42857142857,0.031578947368421054,1,1
Audi,A4 2.0T Premium,2014,90236,E85 Flex Fuel,220.0HP 2.0L 4 Cylinder Engine Flex Fuel Capability,Transmission w/Dual Shift Mode,Gray,Black,None reported,Yes,9999,11,7519.666666666667,0.11080943304224478,0,0
Jeep,Gladiator Overland,2020,4000,Gasoline,285.0HP 3.6L V6 Cylinder Engine Gasoline Fuel,8-Speed A/T,Silver,Black,None reported,Yes,50000,5,666.6666666666666,12.5,0,1
Land,Rover Range Rover Westminster SWB,2022,2220,Hybrid,395.0HP 3.0L Straight 6 Cylinder Engine Gasoline/Mild Electric Hybrid,8-Speed A/T,Blue,White,None reported,Yes,115999,3,555.0,52.251801801801804,0,1
GMC,Yukon XL Denali,2017,124000,Gasoline,420.0HP 6.2L 8 Cylinder Engine Gasoline Fuel,8-Speed A/T,Gray,Beige,At least 1 accident or damage reported,Yes,32000,8,13777.777777777777,0.25806451612903225,1,1
Ford,Ranger Lariat,2019,45163,Gasoline,2.3L I4 16V GDI DOHC Turbo,10-Speed Automatic,Red,–,None reported,Yes,35690,6,6451.857142857143,0.7902486548723513,0,1
Volkswagen,Passat 2.0T SE,2020,49400,Gasoline,174.0HP 2.0L 4 Cylinder Engine Gasoline Fuel,6-Speed A/T,Black,Brown,None reported,Yes,20900,5,8233.333333333334,0.4230769230769231,0,1
Porsche,911 Carrera,2020,11256,Gasoline,379.0HP 3.0L Flat 6 Cylinder Engine Gasoline Fuel,8-Speed A/T,Red,Black,None reported,Yes,124900,5,1876.0,11.096304193319119,0,1
Chevrolet,Corvette Stingray w/1LT,2021,13700,Gasoline,490.0HP 6.2L 8 Cylinder Engine Gasoline Fuel,A/T,White,Red,None reported,Yes,75000,4,2740.0,5.474452554744525,0,1
Land,Rover Range Rover HSE,2011,174678,Gasoline,230.0HP 3.2L Straight 6 Cylinder Engine Gasoline Fuel,6-Speed A/T,Black,Black,None reported,Yes,9500,14,11645.2,0.05438578412851074,0,1
Lexus,RX 450h F Sport Handling,2022,1600,Hybrid,308.0HP 3.5L V6 Cylinder Engine Gas/Electric Hybrid,A/T,White,Black,None reported,Yes,59000,3,400.0,36.875,0,1
Porsche,911 GT3 RS,2019,15509,Gasoline,4.0L H6 24V GDI DOHC,7-Speed Automatic with Auto-Shift,Lizard Green,Black,None reported,Yes,229900,6,2215.5714285714284,14.823650783416081,0,1
Ford,Expedition Platinum,2020,69849,Gasoline,3.5L V6 24V GDI DOHC Twin Turbo,10-Speed Automatic,Red,Ebony,None reported,Yes,48149,5,11641.5,0.689329840083609,0,1
Toyota,Tacoma PreRunner,2008,160000,Gasoline,236.0HP 4.0L V6 Cylinder Engine Gasoline Fuel,A/T,White,–,At least 1 accident or damage reported,Yes,17000,17,8888.888888888889,0.10625,1,1
Toyota,Mirai Base,2016,40000,not supported,151.0HP Electric Motor Hydrogen Fuel,A/T,Silver,Black,None reported,Yes,9500,9,4000.0,0.2375,0,1
Ford,Explorer Sport Trac XLT,2007,228000,Gasoline,292.0HP 4.6L 8 Cylinder Engine Gasoline Fuel,A/T,Red,Beige,At least 1 accident or damage reported,Yes,3850,18,12000.0,0.016885964912280702,1,1
GMC,Sierra 1500 SLE1 Extended Cab,2008,187000,–,–,4-Speed A/T,Red,Gray,At least 1 accident or damage reported,Yes,6100,17,10388.888888888889,0.032620320855614976,1,1
Mercedes-Benz,C-Class C 300 Luxury,2015,102000,Gasoline,241.0HP 2.0L 4 Cylinder Engine Gasoline Fuel,7-Speed A/T,Black,Black,None reported,Yes,17000,10,9272.727272727272,0.16666666666666666,0,1
Cadillac,SRX Standard,2016,48000,Gasoline,308.0HP 3.6L V6 Cylinder Engine Gasoline Fuel,6-Speed A/T,White,Black,At least 1 accident or damage reported,Yes,24995,9,4800.0,0.5207291666666667,1,1
Chrysler,Town & Country Touring-L,2012,163500,E85 Flex Fuel,283.0HP 3.6L V6 Cylinder Engine Flex Fuel Capability,6-Speed A/T,Gray,Beige,None reported,Yes,5949,13,11678.57142857143,0.03638532110091743,0,1
Porsche,911 Carrera,2023,1500,Gasoline,379.0HP 3.0L Flat 6 Cylinder Engine Gasoline Fuel,A/T,Silver,Black,None reported,Yes,149000,2,500.0,99.33333333333333,0,1
Porsche,718 Cayman GT4,2021,2100,Gasoline,414.0HP 4.0L Flat 6 Cylinder Engine Gasoline Fuel,6-Speed M/T,Yellow,Black,None reported,Yes,136900,4,420.0,65.19047619047619,0,0
Ford,F-350 Lariat,2018,66281,Diesel,450.0HP 6.7L 8 Cylinder Engine Diesel Fuel,Transmission w/Dual Shift Mode,Gray,Black,None reported,Yes,63500,7,8285.125,0.9580422745583199,0,0
Ford,Mustang Mach-E Select,2021,18000,Gasoline,266.0HP Electric Motor Electric Fuel System,A/T,Blue,Black,None reported,Yes,39499,4,3600.0,2.1943888888888887,0,1
Ford,F-150 XL,2014,27300,Gasoline,365.0HP 3.5L V6 Cylinder Engine Gasoline Fuel,6-Speed A/T,Gray,Gray,None reported,Yes,21500,11,2275.0,0.7875457875457875,0,1
Mazda,CX-30 Base,2020,19319,Gasoline,2.5L I4 16V GDI DOHC,6-Speed Automatic,Snowflake White Pearl,Black,At least 1 accident or damage reported,Yes,24899,5,3219.8333333333335,1.2888348258191418,1,1
Mercedes-Benz,AMG G AMG G 63 4MATIC,2016,32936,Gasoline,563.0HP 5.5L 8 Cylinder Engine Gasoline Fuel,Transmission w/Dual Shift Mode,White,Beige,At least 1 accident or damage reported,Yes,90000,9,3293.6,2.732572261355356,1,0
BMW,M4 Base,2017,30450,Gasoline,425.0HP 3.0L Straight 6 Cylinder Engine Gasoline Fuel,Transmission w/Dual Shift Mode,White,Black,None reported,Yes,52999,8,3383.3333333333335,1.7405254515599342,0,0
Jeep,Wrangler Sport,2017,38200,Gasoline,285.0HP 3.6L V6 Cylinder Engine Gasoline Fuel,A/T,Red,–,None reported,Yes,29500,8,4244.444444444444,0.7722513089005235,0,1
Jeep,Wrangler Sport,2020,26315,Gasoline,2.0L I4 16V GDI DOHC Turbo,8-Speed Automatic,Black Clearcoat,Black,None reported,Yes,31871,5,4385.833333333333,1.211134334030021,0,1
Chevrolet,Silverado 1500 LS,2003,110000,Gasoline,270.0HP 4.8L 8 Cylinder Engine Gasoline Fuel,A/T,Green,Beige,None reported,Yes,8900,22,4782.608695652174,0.0809090909090909,0,1
MINI,Hardtop Cooper,2014,19700,Gasoline,189.0HP 2.0L 4 Cylinder Engine Gasoline Fuel,6-Speed A/T,Silver,Black,None reported,Yes,13500,11,1641.6666666666667,0.6852791878172588,0,1
Honda,Element EX,2008,192000,Gasoline,166.0HP 2.4L 4 Cylinder Engine Gasoline Fuel,5-Speed A/T,Black,Gray,At least 1 accident or damage reported,Yes,11000,17,10666.666666666666,0.057291666666666664,1,1
Porsche,911 Carrera 4S,2017,26000,Gasoline,420.0HP 3.0L Flat 6 Cylinder Engine Gasoline Fuel,Transmission w/Dual Shift Mode,Gray,Red,None reported,Yes,116911,8,2888.8888888888887,4.4965769230769235,0,0
Subaru,Impreza Outback Sport Wagon,2008,98313,Gasoline,170.0HP 2.5L 4 Cylinder Engine Gasoline Fuel,4-Speed A/T,Silver,Gray,None reported,Yes,7495,17,5461.833333333333,0.07623610305859856,0,1
Cadillac,XT5 Premium Luxury,2021,66500,Gasoline,310.0HP 3.6L V6 Cylinder Engine Gasoline Fuel,A/T,Silver,Black,None reported,Yes,28500,4,13300.0,0.42857142857142855,0,1
Nissan,Kicks S,2022,19877,Gasoline,1.6L I4 16V MPFI DOHC,Automatic CVT,Super Black,Charcoal,None reported,Yes,18999,3,4969.25,0.9558283443175529,0,1
Kia,Seltos S,2021,16100,Gasoline,146.0HP 2.0L 4 Cylinder Engine Gasoline Fuel,A/T,Blue,Black,None reported,Yes,25500,4,3220.0,1.5838509316770186,0,1
GMC,Yukon SLE,2016,83858,Gasoline,355.0HP 5.3L 8 Cylinder Engine Gasoline Fuel,6-Speed A/T,Blue,Gray,At least 1 accident or damage reported,Yes,27633,9,8385.8,0.329521333683131,1,1
Mercedes-Benz,GLE 350 Base 4MATIC,2020,24108,Gasoline,255.0HP 2.0L 4 Cylinder Engine Gasoline Fuel,9-Speed A/T,Black,Black,None reported,Yes,56000,5,4018.0,2.3228803716608595,0,1
Ford,Explorer XLT,2020,42609,Gasoline,2.3L I4 16V GDI DOHC Turbo,10-Speed Automatic,Magnetic Metallic,Ebony,At least 1 accident or damage reported,Yes,32107,5,7101.5,0.7535262503227018,1,1
Subaru,Impreza 2.0i Premium,2017,160000,Gasoline,152.0HP 2.0L 4 Cylinder Engine Gasoline Fuel,A/T,White,Beige,At least 1 accident or damage reported,Yes,7750,8,17777.777777777777,0.0484375,1,1
INFINITI,QX80 Base,2017,121525,Gasoline,400.0HP 5.6L 8 Cylinder Engine Gasoline Fuel,A/T,Black,Black,At least 1 accident or damage reported,Yes,28500,8,13502.777777777777,0.23451964616334087,1,1
Kia,Telluride S,2023,6423,Gasoline,291.0HP 3.8L V6 Cylinder Engine Gasoline Fuel,A/T,Gray,Black,None reported,Yes,42500,2,2141.0,6.616845710727074,0,1
Pontiac,Solstice Base,2007,62310,Gasoline,177.0HP 2.4L 4 Cylinder Engine Gasoline Fuel,5-Speed A/T,Gray,Black,None reported,Yes,12900,18,3279.4736842105262,0.20702936928261917,0,1
Mazda,Mazda6 Carbon Edition,2021,21444,Gasoline,2.5L I4 16V,6-Speed Automatic,Polymetal Gray Metallic,Red,None reported,Yes,29995,4,4288.8,1.3987595597836224,0,1
Ford,Transit-350 Base,2015,112000,Gasoline,310.0HP 3.5L V6 Cylinder Engine Gasoline Fuel,A/T,White,Gray,At least 1 accident or damage reported,Yes,29500,10,10181.818181818182,0.26339285714285715,1,1
Hyundai,Genesis Coupe 3.8 Grand Touring,2013,60000,Gasoline,344.0HP 3.8L V6 Cylinder Engine Gasoline Fuel,A/T,White,–,None reported,Yes,16500,12,4615.384615384615,0.275,0,1
Dodge,Dart SE,2013,153250,Gasoline,160.0HP 1.4L 4 Cylinder Engine Gasoline Fuel,6-Speed A/T,Silver,Black,None reported,Yes,4399,12,11788.461538461539,0.028704730831973897,0,1
Jeep,Wrangler Unlimited Sahara,2019,57000,Gasoline,285.0HP 3.6L V6 Cylinder Engine Gasoline Fuel,8-Speed A/T,Gray,Black,None reported,Yes,39900,6,8142.857142857143,0.7,0,1
Chevrolet,Tahoe LTZ,2011,140401,E85 Flex Fuel,320.0HP 5.3L 8 Cylinder Engine Flex Fuel Capability,6-Speed A/T,Red,Beige,At least 1 accident or damage reported,Yes,16000,14,9360.066666666668,0.11395930228417177,1,1
Ford,F-150 Tremor,2023,5500,Gasoline,400.0HP 3.5L V6 Cylinder Engine Gasoline Fuel,10-Speed A/T,Gray,Black,None reported,Yes,70000,2,1833.3333333333333,12.727272727272727,0,1
Chevrolet,Corvette Stingray w/2LT,2022,2010,Gasoline,490.0HP 6.2L 8 Cylinder Engine Gasoline Fuel,Transmission w/Dual Shift Mode,Gray,Brown,None reported,Yes,89000,3,502.5,44.27860696517413,0,0
Tesla,Model 3 Long Range,2018,24360,Gasoline,271.0HP Electric Motor Electric Fuel System,A/T,Black,White,None reported,Yes,31500,7,3045.0,1.293103448275862,0,1
Audi,A4 2.0T Premium,2013,96800,Gasoline,211.0HP 2.0L 4 Cylinder Engine Gasoline Fuel,A/T,Gray,Black,At least 1 accident or damage reported,Yes,11000,12,7446.153846153846,0.11363636363636363,1,1
Cadillac,CTS Performance,2014,34988,Gasoline,318.0HP 3.6L V6 Cylinder Engine Gasoline Fuel,6-Speed A/T,Red,Black,None reported,Yes,21500,11,2915.6666666666665,0.6144963987652909,0,1
Nissan,Frontier SV,2012,65750,Gasoline,261.0HP 4.0L V6 Cylinder Engine Gasoline Fuel,A/T,Black,Gray,At least 1 accident or damage reported,Yes,15995,13,4696.428571428572,0.2432699619771863,1,1
Chevrolet,Silverado 1500 LTZ,2019,56654,Gasoline,6.2L V8 16V GDI OHV,Automatic,Cajun Red Tintcoat,Jet Black,None reported,Yes,43860,6,8093.428571428572,0.7741730504465704,0,1
Lincoln,MKT Base,2016,140200,Gasoline,303.0HP 3.7L V6 Cylinder Engine Gasoline Fuel,6-Speed A/T,Black,Black,None reported,Yes,10500,9,14020.0,0.07489300998573467,0,1
Chevrolet,Cruze LT Automatic,2016,122971,Gasoline,1.4L I4 16V GDI DOHC Turbo,6-Speed Automatic,Kinetic Blue,Jet Black,At least 1 accident or damage reported,Yes,12999,9,12297.1,0.10570784981824984,1,1
Nissan,Xterra S,2008,227010,Gasoline,261.0HP 4.0L V6 Cylinder Engine Gasoline Fuel,5-Speed A/T,Gray,Gray,None reported,Yes,3850,17,12611.666666666666,0.016959605303731112,0,1
Ford,F-150 Lariat SuperCrew,2004,271000,Gasoline,300.0HP 5.4L 8 Cylinder Engine Gasoline Fuel,A/T,Red,Beige,At least 1 accident or damage reported,Yes,9500,21,12318.181818181818,0.03505535055350553,1,1
Porsche,911 Turbo,2022,13800,Gasoline,572.0HP 3.8L Flat 6 Cylinder Engine Gasoline Fuel,8-Speed A/T,Gray,Red,None reported,Yes,234000,3,3450.0,16.956521739130434,0,1
Dodge,Ram 2500 Quad Cab,2001,171079,Diesel,245.0HP 5.9L Straight 6 Cylinder Engine Diesel Fuel,A/T,Silver,Gray,None reported,Yes,27500,24,6843.16,0.16074445139380053,0,1
Chevrolet,Colorado ZR2,2021,24915,Gasoline,3.6L V6 24V GDI DOHC,Automatic,Satin Steel Metallic,Jet Black,None reported,Yes,44791,4,4983.0,1.7977523580172587,0,1
Nissan,Kicks S,2022,15577,Gasoline,1.6L I4 16V MPFI DOHC,Automatic CVT,Electric Blue Metallic,Charcoal,None reported,Yes,19599,3,3894.25,1.2582011940681774,0,1
Audi,S4 3.0T Premium Plus,2014,102370,Gasoline,333.0HP 3.0L V6 Cylinder Engine Gasoline Fuel,7-Speed A/T,Gray,Black,None reported,Yes,21373,11,8530.833333333334,0.20878186968838527,0,1
Lamborghini,Gallardo LP570-4 Superleggera,2011,16000,Gasoline,562.0HP 5.2L 10 Cylinder Engine Gasoline Fuel,Transmission w/Dual Shift Mode,Yellow,Black,None reported,Yes,229000,14,1066.6666666666667,14.3125,0,0
Mercedes-Benz,C-Class C 250 Luxury,2012,122000,Gasoline,201.0HP 1.8L 4 Cylinder Engine Gasoline Fuel,7-Speed A/T,White,White,None reported,Yes,15000,13,8714.285714285714,0.12295081967213115,0,1
FIAT,500X Trekking Plus,2016,48500,Gasoline,180.0HP 2.4L 4 Cylinder Engine Gasoline Fuel,A/T,Yellow,Brown,None reported,Yes,15999,9,4850.0,0.3298762886597938,0,1
Ford,F-150 XLT,2018,53500,Gasoline,325.0HP 2.7L V6 Cylinder Engine Gasoline Fuel,10-Speed A/T,Brown,Beige,At least 1 accident or damage reported,Yes,31500,7,6687.5,0.5887850467289719,1,1
Ford,F-250 XL Crew Cab Super Duty,2004,315000,Diesel,325.0HP 6.0L 8 Cylinder Engine Diesel Fuel,A/T,White,Gray,None reported,Yes,9200,21,14318.181818181818,0.029206349206349208,0,1
Ford,E350 Super Duty Base,2006,158000,Gasoline,305.0HP 6.8L 10 Cylinder Engine Gasoline Fuel,A/T,White,Gray,At least 1 accident or damage reported,Yes,8500,19,7900.0,0.05379746835443038,1,1
Kia,Sorento SXL,2019,43850,Gasoline,290.0HP 3.3L V6 Cylinder Engine Gasoline Fuel,8-Speed A/T,Black,Black,At least 1 accident or damage reported,Yes,30000,6,6264.285714285715,0.6841505131128849,1,1
Mercedes-Benz,C-Class C 300 4MATIC Sport,2015,73500,Gasoline,241.0HP 2.0L 4 Cylinder Engine Gasoline Fuel,7-Speed A/T,White,Black,None reported,Yes,19000,10,6681.818181818182,0.2585034013605442,0,1
Nissan,Altima 2.5 SL,2014,153350,Gasoline,182.0HP 2.5L 4 Cylinder Engine Gasoline Fuel,A/T,Black,Black,At least 1 accident or damage reported,Yes,9000,11,12779.166666666666,0.05868927290511901,1,1
Volkswagen,Tiguan 2.0T SEL Premium R-Line,2019,74000,Gasoline,184.0HP 2.0L 4 Cylinder Engine Gasoline Fuel,A/T,White,Silver,None reported,Yes,25500,6,10571.42857142857,0.34459459459459457,0,1
BMW,328 i xDrive,2013,52000,Gasoline,240.0HP 2.0L 4 Cylinder Engine Gasoline Fuel,Transmission w/Dual Shift Mode,White,Beige,None reported,Yes,17500,12,4000.0,0.33653846153846156,0,0
Audi,Q4 e-tron 50 Premium Plus,2022,250,Gasoline,295.0HP Electric Motor Electric Fuel System,1-Speed A/T,Gray,Black,None reported,Yes,52000,3,62.5,208.0,0,1
Nissan,Pathfinder S,2017,145000,Gasoline,284.0HP 3.5L V6 Cylinder Engine Gasoline Fuel,A/T,Silver,Gray,At least 1 accident or damage reported,Yes,8500,8,16111.111111111111,0.05862068965517241,1,1
Subaru,Ascent Touring 7-Passenger,2020,40971,Gasoline,260.0HP 2.4L 4 Cylinder Engine Gasoline Fuel,Transmission w/Dual Shift Mode,Blue,Brown,None reported,Yes,32500,5,6828.5,0.7932440018549706,0,0
Ford,E350 Super Duty XLT,2010,248000,E85 Flex Fuel,255.0HP 5.4L 8 Cylinder Engine Flex Fuel Capability,A/T,Silver,Beige,At least 1 accident or damage reported,Yes,14000,15,15500.0,0.056451612903225805,1,1
GMC,HUMMER EV Edition 1,2023,940,Gasoline,Electric Motor Electric Fuel System,A/T,White,Black,None reported,Yes,146000,2,313.3333333333333,155.31914893617022,0,1
BMW,M3 CS,2018,38000,Gasoline,453.0HP 3.0L Straight 6 Cylinder Engine Gasoline Fuel,A/T,White,Black,None reported,Yes,60500,7,4750.0,1.5921052631578947,0,1
Acura,TLX V6 Advance,2016,128000,Gasoline,290.0HP 3.5L V6 Cylinder Engine Gasoline Fuel,A/T,Gray,Black,None reported,Yes,19500,9,12800.0,0.15234375,0,1
Chevrolet,Silverado 1500 ZR2,2022,7455,Gasoline,6.2L V8 16V GDI OHV,Automatic,Glacier Blue Metallic,Jet Black,None reported,Yes,68990,3,1863.75,9.2541918175721,0,1
Jeep,Wrangler SE,1999,137790,Gasoline,120.0HP 2.5L 4 Cylinder Engine Gasoline Fuel,5-Speed M/T,Red,–,None reported,Yes,12000,26,5103.333333333333,0.08708904855214457,0,0
Ford,Edge Sport,2016,92000,Gasoline,315.0HP 2.7L V6 Cylinder Engine Gasoline Fuel,6-Speed A/T,White,Black,None reported,Yes,19995,9,9200.0,0.21733695652173912,0,1
Porsche,911 Carrera Cabriolet,2001,21450,Gasoline,300.0HP 3.4L Flat 6 Cylinder Engine Gasoline Fuel,6-Speed M/T,Black,Black,None reported,Yes,36000,24,858.0,1.6783216783216783,0,0
Nissan,Murano SL,2021,43875,Gasoline,3.5L V6 24V MPFI DOHC,Automatic CVT,Magnetic Black,Graphite,At least 1 accident or damage reported,Yes,29725,4,8775.0,0.6774928774928775,1,1
Pontiac,G8 GT,2009,81327,Gasoline,355.0HP 6.0L 8 Cylinder Engine Gasoline Fuel,Transmission w/Dual Shift Mode,Black,Black,None reported,Yes,17500,16,4783.941176470588,0.21518069029965448,0,0
Mercedes-Benz,E-Class E 350,2021,72836,Gasoline,255.0HP 2.0L 4 Cylinder Engine Gasoline Fuel,9-Speed A/T,White,Beige,None reported,Yes,41000,4,14567.2,0.5629084518644626,0,1
McLaren,720S Performance,2020,5072,Gasoline,4.0L V8 32V MPFI DOHC Twin Turbo,7-Speed Automatic with Auto-Shift,Black,Red,None reported,Yes,279950,5,845.3333333333334,55.19518927444795,0,1
Jeep,Commander Sport,2007,161900,E85 Flex Fuel,235.0HP 4.7L 8 Cylinder Engine Flex Fuel Capability,A/T,Blue,Gray,At least 1 accident or damage reported,Yes,4800,18,8521.052631578947,0.02964793082149475,1,1
Audi,A5 45 S line Premium Plus,2022,24500,Hybrid,261.0HP 2.0L 4 Cylinder Engine Gasoline/Mild Electric Hybrid,Transmission w/Dual Shift Mode,White,Black,None reported,Yes,47000,3,6125.0,1.9183673469387754,0,0
BMW,M550 i xDrive,2018,14993,Gasoline,456.0HP 4.4L 8 Cylinder Engine Gasoline Fuel,8-Speed A/T,Gray,Black,None reported,Yes,44900,7,1874.125,2.994730874408057,0,1
Volkswagen,Jetta 1.4T R-Line,2019,96000,Gasoline,147.0HP 1.4L 4 Cylinder Engine Gasoline Fuel,A/T,Orange,White,At least 1 accident or damage reported,Yes,14980,6,13714.285714285714,0.15604166666666666,1,1
Porsche,Taycan 4S,2022,7900,Gasoline,482.0HP Electric Motor Electric Fuel System,2-Speed A/T,Red,–,None reported,Yes,108000,3,1975.0,13.670886075949367,0,1
Cadillac,CTS 2.0L Turbo Luxury,2019,35566,Gasoline,265.0HP 2.0L 4 Cylinder Engine Gasoline Fuel,8-Speed A/T,White,Beige,At least 1 accident or damage reported,Yes,26000,6,5080.857142857143,0.7310352583928471,1,1
Lexus,IS-F Base,2008,113000,Gasoline,416.0HP 5.0L 8 Cylinder Engine Gasoline Fuel,8-Speed A/T,Black,Black,At least 1 accident or damage reported,Yes,34000,17,6277.777777777777,0.3008849557522124,1,1
Ford,Explorer XLT,2022,20678,Gasoline,300.0HP 2.3L 4 Cylinder Engine Gasoline Fuel,A/T,Red,Black,None reported,Yes,46000,3,5169.5,2.2245865170712835,0,1
Porsche,911 Turbo Cabriolet,2008,10900,Gasoline,480.0HP 3.6L Flat 6 Cylinder Engine Gasoline Fuel,6-Speed M/T,Black,Black,None reported,Yes,129000,17,605.5555555555555,11.8348623853211,0,0
Buick,LaCrosse Leather,2012,19079,Hybrid,182.0HP 2.4L 4 Cylinder Engine Gasoline/Mild Electric Hybrid,6-Speed A/T,Gold,Beige,None reported,Yes,15995,13,1362.7857142857142,0.8383563079825986,0,1
Mazda,RX-8 Sport,2008,155500,Gasoline,212.0HP 1.3L Rotary engine Gasoline Fuel,A/T,Blue,Black,At least 1 accident or damage reported,Yes,6800,17,8638.888888888889,0.04372990353697749,1,1
Ford,Mustang GT Premium,2019,35500,Gasoline,460.0HP 5.0L 8 Cylinder Engine Gasoline Fuel,10-Speed A/T,White,Black,None reported,Yes,32300,6,5071.428571428572,0.9098591549295775,0,1
Mazda,Mazda6 Touring,2021,52253,Gasoline,2.5L I4 16V GDI DOHC,6-Speed Automatic,Snowflake White Pearl,Black,At least 1 accident or damage reported,Yes,25215,4,10450.6,0.48255602549135934,1,1
Ford,Ranger Edge SuperCab,2004,110000,Gasoline,148.0HP 3.0L V6 Cylinder Engine Gasoline Fuel,A/T,White,Gray,At least 1 accident or damage reported,Yes,8500,21,5000.0,0.07727272727272727,1,1
Volkswagen,Golf GTI 2.0T SE w/Performance Package 4-Door,2016,59250,Gasoline,220.0HP 2.0L 4 Cylinder Engine Gasoline Fuel,Transmission w/Dual Shift Mode,Gray,Black,None reported,Yes,18999,9,5925.0,0.3206582278481013,0,0
Ford,Thunderbird Deluxe,2004,39000,Gasoline,280.0HP 3.9L 8 Cylinder Engine Gasoline Fuel,A/T,Black,Beige,None reported,Yes,22000,21,1772.7272727272727,0.5641025641025641,0,1
Hummer,H2 Base,2008,155000,Gasoline,393.0HP 6.2L 8 Cylinder Engine Gasoline Fuel,6-Speed A/T,Green,Black,At least 1 accident or damage reported,Yes,37000,17,8611.111111111111,0.23870967741935484,1,1
BMW,X5 sDrive35i,2017,39250,Gasoline,300.0HP 3.0L Straight 6 Cylinder Engine Gasoline Fuel,A/T,Black,Beige,None reported,Yes,28900,8,4361.111111111111,0.7363057324840764,0,1
BMW,X3 xDrive30i,2020,23647,Gasoline,2.0L I4 16V GDI DOHC Turbo,8-Speed Automatic,Black Sapphire Metallic,Canberra Beige,None reported,Yes,37998,5,3941.1666666666665,1.606884594240284,0,1
Hyundai,Accent GLS,2014,127941,Gasoline,138.0HP 1.6L 4 Cylinder Engine Gasoline Fuel,A/T,Silver,Gray,None reported,Yes,7500,11,10661.75,0.0586207705114076,0,1
RAM,1500 Big Horn,2014,124000,Gasoline,395.0HP 5.7L 8 Cylinder Engine Gasoline Fuel,8-Speed A/T,Black,Black,None reported,Yes,24850,11,10333.333333333334,0.20040322580645162,0,1
Ford,Bronco Heritage Edition Advanced,2023,1500,Gasoline,275.0HP 2.3L 4 Cylinder Engine Gasoline Fuel,7-Speed M/T,Red,–,None reported,Yes,60000,2,500.0,40.0,0,0
MINI,Countryman Cooper S ALL4,2014,70700,Gasoline,181.0HP 1.6L 4 Cylinder Engine Gasoline Fuel,6-Speed A/T,White,Black,None reported,Yes,15750,11,5891.666666666667,0.22277227722772278,0,1
Cadillac,Escalade Premium,2013,113395,E85 Flex Fuel,403.0HP 6.2L 8 Cylinder Engine Flex Fuel Capability,6-Speed A/T,Beige,Beige,At least 1 accident or damage reported,Yes,18800,12,8722.692307692309,0.1657921425106927,1,1
Mercedes-Benz,GLE 350 GLE 350,2022,18815,Gasoline,2.0 Liter Turbo,Automatic,Black,Black,None reported,Yes,61998,3,4703.75,3.295136858889184,0,1
Toyota,4Runner Limited,2014,65000,Gasoline,270.0HP 4.0L V6 Cylinder Engine Gasoline Fuel,A/T,Gray,Red,None reported,Yes,27999,11,5416.666666666667,0.43075384615384615,0,1
Audi,A8 L 55,2019,23350,Hybrid,335.0HP 3.0L V6 Cylinder Engine Gasoline/Mild Electric Hybrid,Transmission w/Dual Shift Mode,Black,Brown,None reported,Yes,48000,6,3335.714285714286,2.0556745182012848,0,0
Lexus,ES 350 Base,2019,39000,Gasoline,302.0HP 3.5L V6 Cylinder Engine Gasoline Fuel,Transmission w/Dual Shift Mode,Black,Red,At least 1 accident or damage reported,Yes,34000,6,5571.428571428572,0.8717948717948718,1,0
Toyota,4Runner Limited Nightshade,2019,48842,Gasoline,4.0L V6 24V MPFI DOHC,5-Speed Automatic,White,–,At least 1 accident or damage reported,Yes,39857,6,6977.428571428572,0.8160394742230048,1,1
FIAT,500 Sport,2015,47800,Gasoline,101.0HP 1.4L 4 Cylinder Engine Gasoline Fuel,A/T,Black,Black,At least 1 accident or damage reported,Yes,11500,10,4345.454545454545,0.2405857740585774,1,1
Ford,Maverick XLT,2022,52000,Hybrid,191.0HP 2.5L 4 Cylinder Engine Gas/Electric Hybrid,CVT Transmission,Blue,Gray,None reported,Yes,28000,3,13000.0,0.5384615384615384,0,0
Ford,Mustang GT,2006,16000,Gasoline,300.0HP 4.6L 8 Cylinder Engine Gasoline Fuel,5-Speed A/T,Silver,Black,None reported,Yes,22000,19,800.0,1.375,0,1
Jeep,Wrangler Sport,2023,7102,Gasoline,2.0L I4 16V GDI DOHC Turbo,8-Speed Automatic,Bright White Clearcoat,Black,None reported,Yes,40995,2,2367.3333333333335,5.772317656998029,0,1
Jeep,Grand Cherokee Limited,2015,157000,E85 Flex Fuel,290.0HP 3.6L V6 Cylinder Engine Flex Fuel Capability,A/T,White,Black,None reported,Yes,17000,10,14272.727272727272,0.10828025477707007,0,1
Ford,Mustang Mach-E GT,2023,9095,Gasoline,480.0HP Electric Motor Electric Fuel System,A/T,Orange,Gray,None reported,Yes,59000,2,3031.6666666666665,6.487080813633865,0,1
Jeep,Compass Sport,2010,179700,Gasoline,172.0HP 2.4L 4 Cylinder Engine Gasoline Fuel,A/T,Black,Gray,At least 1 accident or damage reported,Yes,4500,15,11231.25,0.025041736227045076,1,1
Lexus,LS 430 Base,2006,170000,Gasoline,278.0HP 4.3L 8 Cylinder Engine Gasoline Fuel,A/T,Silver,Gray,None reported,Yes,7500,19,8500.0,0.04411764705882353,0,1
Rolls-Royce,Cullinan,2022,3420,Gasoline,6.7L V12 48V GDI DOHC Twin Turbo,8-Speed Automatic,Red,Black,None reported,Yes,399950,3,855.0,116.94444444444444,0,1
Ford,F-250 King Ranch,2021,93400,Diesel,475.0HP 6.7L 8 Cylinder Engine Diesel Fuel,10-Speed A/T,Red,Brown,None reported,Yes,69995,4,18680.0,0.7494111349036403,0,1
BMW,X5 xDrive50i,2011,110000,Gasoline,400.0HP 4.4L 8 Cylinder Engine Gasoline Fuel,Transmission w/Dual Shift Mode,White,Blue,At least 1 accident or damage reported,Yes,12000,14,7333.333333333333,0.10909090909090909,1,0
Porsche,911 Carrera,2016,22500,Gasoline,350.0HP 3.4L Flat 6 Cylinder Engine Gasoline Fuel,A/T,Gray,Beige,None reported,Yes,78000,9,2250.0,3.466666666666667,0,1
Ford,Focus ST Base,2013,20800,Gasoline,252.0HP 2.0L 4 Cylinder Engine Gasoline Fuel,6-Speed M/T,Yellow,Gray,None reported,Yes,19795,12,1600.0,0.9516826923076923,0,0
Lexus,ES 300h Base,2018,100868,Hybrid,200.0HP 2.5L 4 Cylinder Engine Gas/Electric Hybrid,CVT Transmission,White,Beige,At least 1 accident or damage reported,Yes,23400,7,12608.5,0.2319863584090098,1,0
Volkswagen,CC Sport,2012,131986,Gasoline,200.0HP 2.0L 4 Cylinder Engine Gasoline Fuel,M/T,White,Black,At least 1 accident or damage reported,Yes,9000,13,9427.57142857143,0.0681890503538254,1,0
Volkswagen,Golf SportWagen TSI S 4-Door,2016,127770,Gasoline,170.0HP 1.8L 4 Cylinder Engine Gasoline Fuel,5-Speed M/T,White,Beige,None reported,Yes,13800,9,12777.0,0.10800657431321907,0,0
Porsche,911 Carrera S,2013,56985,Gasoline,400.0HP 3.8L Flat 6 Cylinder Engine Gasoline Fuel,7-Speed A/T,Blue,Gray,None reported,Yes,65900,12,4383.461538461538,1.1564446784241467,0,1
Toyota,Prius Plug-in Base,2014,106000,Plug-In Hybrid,134.0HP 1.8L 4 Cylinder Engine Plug-In Electric/Gas,A/T,Green,Beige,At least 1 accident or damage reported,Yes,11800,11,8833.333333333334,0.11132075471698114,1,1
Ford,F-250 XLT,2019,92671,Diesel,450.0HP 6.7L 8 Cylinder Engine Diesel Fuel,A/T,Black,Black,At least 1 accident or damage reported,Yes,50000,6,13238.714285714286,0.5395431148903109,1,1
Mercedes-Benz,S-Class S 560 4MATIC,2019,49500,Gasoline,463.0HP 4.0L 8 Cylinder Engine Gasoline Fuel,A/T,Black,Beige,None reported,Yes,55900,6,7071.428571428572,1.1292929292929292,0,1
Porsche,911 Carrera,2020,16741,Gasoline,379.0HP 3.0L Flat 6 Cylinder Engine Gasoline Fuel,A/T,Green,Black,None reported,Yes,112500,5,2790.1666666666665,6.720028672122335,0,1
Ford,Mustang GT,2011,133504,Gasoline,412.0HP 5.0L 8 Cylinder Engine Gasoline Fuel,6-Speed M/T,Black,Black,None reported,Yes,23500,14,8900.266666666666,0.17602468839884947,0,0
Cadillac,CTS 2.0L Turbo Luxury,2019,20296,Gasoline,2.0L I4 16V GDI DOHC Turbo,8-Speed Automatic,Red Obsession,Very Light Cashmere,None reported,Yes,30599,6,2899.4285714285716,1.5076369728025227,0,1
Volkswagen,Jetta 1.4T R-Line,2019,55234,Gasoline,1.4L I4 16V GDI DOHC Turbo,8-Speed Automatic,Platinum Gray Metallic,Black / Gray,None reported,Yes,19290,6,7890.571428571428,0.3492414092768947,0,1
Jeep,Wrangler X,2005,162482,Gasoline,190.0HP 4.0L Straight 6 Cylinder Engine Gasoline Fuel,6-Speed M/T,Orange,Gray,None reported,Yes,11000,20,7737.238095238095,0.06769980674782437,0,0
Lincoln,LS V8,2002,42000,Gasoline,252.0HP 3.9L 8 Cylinder Engine Gasoline Fuel,A/T,Silver,Black,At least 1 accident or damage reported,Yes,11000,23,1750.0,0.2619047619047619,1,1
Ford,F-150 Lightning LARIAT,2022,470,Gasoline,563.0HP Electric Motor Electric Fuel System,1-Speed A/T,White,Gray,None reported,Yes,71900,3,117.5,152.9787234042553,0,1
Mercedes-Benz,C-Class C55 AMG Sport,2006,98300,Gasoline,362.0HP 5.4L 8 Cylinder Engine Gasoline Fuel,Transmission w/Dual Shift Mode,Black,Black,At least 1 accident or damage reported,Yes,15900,19,4915.0,0.1617497456765005,1,0
Audi,S6 4.0T Prestige,2013,53900,Gasoline,420.0HP 4.0L 8 Cylinder Engine Gasoline Fuel,7-Speed A/T,Black,Black,None reported,Yes,27450,12,4146.153846153846,0.5092764378478665,0,1
BMW,335 i xDrive,2013,82849,Gasoline,300.0HP 3.0L Straight 6 Cylinder Engine Gasoline Fuel,8-Speed A/T,Red,Black,None reported,Yes,19999,12,6373.0,0.24139096428442106,0,1
Porsche,911 Carrera 4S Cabriolet,2009,25500,Gasoline,385.0HP 3.8L Flat 6 Cylinder Engine Gasoline Fuel,6-Speed M/T,Black,Black,None reported,Yes,79995,16,1500.0,3.137058823529412,0,0
Kia,Forte LXS,2020,53452,Gasoline,147.0HP 2.0L 4 Cylinder Engine Gasoline Fuel,A/T,Silver,Black,At least 1 accident or damage reported,Yes,16995,5,8908.666666666666,0.31794881388909674,1,1
Chevrolet,Corvette Base,2004,40011,Gasoline,350.0HP 5.7L 8 Cylinder Engine Gasoline Fuel,4-Speed A/T,Red,Black,None reported,Yes,23500,21,1818.6818181818182,0.5873384819174727,0,1
Hyundai,Santa Fe Sport 2.0L Turbo,2018,45800,Gasoline,240.0HP 2.0L 4 Cylinder Engine Gasoline Fuel,A/T,Silver,Black,At least 1 accident or damage reported,Yes,20900,7,5725.0,0.45633187772925765,1,1
RAM,1500 Laramie,2022,15741,Gasoline,5.7L V8 16V MPFI OHV,8-Speed Automatic,Flame Red Clearcoat,Black,None reported,Yes,45999,3,3935.25,2.9222412807318467,0,1
Kia,Sorento SX Prestige,2023,11100,Gasoline,281.0HP 2.5L 4 Cylinder Engine Gasoline Fuel,Transmission w/Dual Shift Mode,White,Black,None reported,Yes,40200,2,3700.0,3.6216216216216215,0,0
Ford,F-250 XL,2020,36000,E85 Flex Fuel,385.0HP 6.2L 8 Cylinder Engine Flex Fuel Capability,A/T,White,Gray,None reported,Yes,44000,5,6000.0,1.2222222222222223,0,1
BMW,X5 xDrive35i,2013,69750,Gasoline,300.0HP 3.0L Straight 6 Cylinder Engine Gasoline Fuel,8-Speed A/T,White,Brown,At least 1 accident or damage reported,Yes,15999,12,5365.384615384615,0.2293763440860215,1,1
Mercedes-Benz,C-Class C 300 4MATIC,2021,19162,Gasoline,255.0HP 2.0L 4 Cylinder Engine Gasoline Fuel,Transmission w/Dual Shift Mode,Black,Black,None reported,Yes,38500,4,3832.4,2.0091848450057403,0,0
Audi,Q5 S line Premium Plus,2023,6046,Hybrid,2.0 Liter TFSI,Automatic,Daytona Gray,Black,None reported,Yes,51598,2,2015.3333333333333,8.534237512404896,0,1
Ford,Explorer XLT,2020,17000,Gasoline,300.0HP 2.3L 4 Cylinder Engine Gasoline Fuel,10-Speed A/T,Blue,Black,At least 1 accident or damage reported,Yes,21000,5,2833.3333333333335,1.2352941176470589,1,1
Audi,A6 55 Premium,2019,10832,Hybrid,335.0HP 3.0L V6 Cylinder Engine Gasoline/Mild Electric Hybrid,7-Speed A/T,Black,Black,None reported,Yes,42500,6,1547.4285714285713,3.923559822747415,0,1
Toyota,Matrix XR,2004,173452,Gasoline,130.0HP 1.8L 4 Cylinder Engine Gasoline Fuel,4-Speed A/T,Silver,Black,At least 1 accident or damage reported,Yes,4000,21,7884.181818181818,0.0230611350690681,1,1
Kia,Optima SX Turbo,2017,103338,Gasoline,2.0L I4 16V GDI DOHC Turbo,6-Speed Automatic,Remington Red Metallic,Black,At least 1 accident or damage reported,Yes,17238,8,11482.0,0.16681182140161413,1,1
Ford,F-150 Lariat,2022,28000,Gasoline,400.0HP 3.5L V6 Cylinder Engine Gasoline Fuel,A/T,Black,Black,None reported,Yes,53500,3,7000.0,1.9107142857142858,0,1
Audi,Q8 3.0T Premium,2019,51984,Hybrid,335.0HP 3.0L V6 Cylinder Engine Gasoline/Mild Electric Hybrid,8-Speed A/T,White,–,None reported,Yes,44870,6,7426.285714285715,0.8631502000615574,0,1
Chevrolet,Corvette Stingray w/2LT,2020,8974,Gasoline,490.0HP 6.2L 8 Cylinder Engine Gasoline Fuel,A/T,Orange,Black,At least 1 accident or damage reported,Yes,79900,5,1495.6666666666667,8.90349899710274,1,1
Scion,tC Anniversary Edition,2014,99999,Gasoline,179.0HP 2.5L 4 Cylinder Engine Gasoline Fuel,6-Speed M/T,White,Black,None reported,Yes,10998,11,8333.25,0.10998109981099811,0,0
Mercedes-Benz,C-Class C 300,2017,59400,Gasoline,241.0HP 2.0L 4 Cylinder Engine Gasoline Fuel,7-Speed A/T,Black,Black,At least 1 accident or damage reported,Yes,21000,8,6600.0,0.35353535353535354,1,1
Nissan,Murano SV,2020,47147,Gasoline,3.5L V6 24V MPFI DOHC,Automatic CVT,Brilliant Silver Metallic,Graphite,None reported,Yes,23625,5,7857.833333333333,0.5010923282499417,0,1
Ford,Mustang GT,2018,53782,Gasoline,460.0HP 5.0L 8 Cylinder Engine Gasoline Fuel,6-Speed M/T,Black,Black,At least 1 accident or damage reported,Yes,29950,7,6722.75,0.5568777657952475,1,0
Ford,Taurus SHO,2011,160000,Gasoline,365.0HP 3.5L V6 Cylinder Engine Gasoline Fuel,A/T,Black,Black,None reported,Yes,4700,14,10666.666666666666,0.029375,0,1
Chevrolet,Tahoe LTZ,2015,500,Gasoline,355.0HP 5.3L 8 Cylinder Engine Gasoline Fuel,6-Speed A/T,White,Black,At least 1 accident or damage reported,Yes,37000,10,45.45454545454545,74.0,1,1
Ford,Escape SEL,2020,42000,Gasoline,181.0HP 1.5L 3 Cylinder Engine Gasoline Fuel,A/T,White,Beige,None reported,Yes,19000,5,7000.0,0.4523809523809524,0,1
Dodge,Grand Caravan SE,2018,64000,E85 Flex Fuel,283.0HP 3.6L V6 Cylinder Engine Flex Fuel Capability,A/T,White,Gray,None reported,Yes,35000,7,8000.0,0.546875,0,1
Hyundai,Elantra HEV Limited,2021,28600,Hybrid,139.0HP 1.6L 4 Cylinder Engine Gas/Electric Hybrid,A/T,Gray,Black,None reported,Yes,23999,4,5720.0,0.8391258741258741,0,1
GMC,Canyon Denali,2019,26339,Gasoline,308.0HP 3.6L V6 Cylinder Engine Gasoline Fuel,8-Speed A/T,Red,Black,At least 1 accident or damage reported,Yes,36750,6,3762.714285714286,1.3952693724135312,1,1
Alfa,Romeo Giulia Quadrifoglio,2018,28644,Gasoline,505.0HP 2.9L V6 Cylinder Engine Gasoline Fuel,8-Speed A/T,Black,Black,None reported,Yes,41500,7,3580.5,1.448819997207094,0,1
Subaru,Impreza WRX,2008,148740,Gasoline,224.0HP 2.5L 4 Cylinder Engine Gasoline Fuel,5-Speed M/T,Black,Black,At least 1 accident or damage reported,Yes,14500,17,8263.333333333334,0.09748554524673927,1,0
GMC,Sierra 2500 Denali,2021,16919,Diesel,445.0HP 6.6L 8 Cylinder Engine Diesel Fuel,10-Speed A/T,Black,Black,At least 1 accident or damage reported,Yes,73000,4,3383.8,4.3146758082628995,1,1
Chevrolet,Tahoe LS,2005,170000,Gasoline,285.0HP 4.8L 8 Cylinder Engine Gasoline Fuel,4-Speed A/T,Silver,Gray,At least 1 accident or damage reported,Yes,9000,20,8095.238095238095,0.052941176470588235,1,1
Mercedes-Benz,SL-Class SL 550,2013,130000,Gasoline,429.0HP 4.6L 8 Cylinder Engine Gasoline Fuel,A/T,Gray,Beige,At least 1 accident or damage reported,Yes,26900,12,10000.0,0.20692307692307693,1,1
Ford,Escape PHEV SE,2022,1889,Plug-In Hybrid,221.0HP 2.5L 4 Cylinder Engine Plug-In Electric/Gas,CVT Transmission,White,Gray,None reported,Yes,32850,3,472.25,17.390153520381155,0,0
Dodge,Charger GT,2018,62197,Gasoline,3.6L V6 24V MPFI DOHC,8-Speed Automatic,White Knuckle Clearcoat,Black,None reported,Yes,26691,7,7774.625,0.42913645352669744,0,1
Ford,F-150 XLT,2016,71000,E85 Flex Fuel,385.0HP 5.0L 8 Cylinder Engine Flex Fuel Capability,A/T,Black,–,At least 1 accident or damage reported,Yes,24350,9,7100.0,0.3429577464788732,1,1
Lexus,NX 200t Base,2016,83400,Gasoline,235.0HP 2.0L 4 Cylinder Engine Gasoline Fuel,A/T,Blue,Brown,At least 1 accident or damage reported,Yes,22495,9,8340.0,0.2697242206235012,1,1
Cadillac,XT5 Base,2019,74414,Gasoline,310.0HP 3.6L V6 Cylinder Engine Gasoline Fuel,8-Speed A/T,Black,Beige,None reported,Yes,26000,6,10630.57142857143,0.34939661891579543,0,1
Ford,Mustang Shelby GT500,2010,29816,Gasoline,540.0HP 5.4L 8 Cylinder Engine Gasoline Fuel,6-Speed M/T,Black,Black,None reported,Yes,38000,15,1863.5,1.2744834987925946,0,0
Ford,F-250 Lariat,2015,68749,Diesel,440.0HP 6.7L 8 Cylinder Engine Diesel Fuel,Transmission w/Dual Shift Mode,Gray,Black,None reported,Yes,45000,10,6249.909090909091,0.6545549753450959,0,0
BMW,325 i,2005,190395,Gasoline,184.0HP 2.5L Straight 6 Cylinder Engine Gasoline Fuel,A/T,Black,Brown,None reported,Yes,5000,20,9066.42857142857,0.02626119383387169,0,1
Lamborghini,Huracan LP610-4,2015,34152,Gasoline,602.0HP 5.2L 10 Cylinder Engine Gasoline Fuel,7-Speed A/T,Blue,Red,None reported,Yes,185500,10,3104.7272727272725,5.4315999063012415,0,1
Toyota,Camry XLE,2007,98528,Gasoline,158.0HP 2.4L 4 Cylinder Engine Gasoline Fuel,5-Speed A/T,White,Gray,At least 1 accident or damage reported,Yes,7450,18,5185.684210526316,0.07561302370899643,1,1
BMW,335 i,2011,91500,Gasoline,300.0HP 3.0L Straight 6 Cylinder Engine Gasoline Fuel,6-Speed A/T,Blue,Beige,At least 1 accident or damage reported,Yes,13599,14,6100.0,0.14862295081967214,1,1
Chevrolet,Camaro 1SS,2017,50850,Gasoline,455.0HP 6.2L 8 Cylinder Engine Gasoline Fuel,6-Speed M/T,Blue,Black,None reported,Yes,37000,8,5650.0,0.727630285152409,0,0
Mazda,MX-5 Miata Base,1999,130000,Gasoline,140.0HP 1.8L 4 Cylinder Engine Gasoline Fuel,A/T,Green,Beige,At least 1 accident or damage reported,Yes,9000,26,4814.814814814815,0.06923076923076923,1,1
Toyota,Tundra SR5 Double Cab,2005,199400,Gasoline,282.0HP 4.7L 8 Cylinder Engine Gasoline Fuel,A/T,Gray,Gray,At least 1 accident or damage reported,Yes,8500,20,9495.238095238095,0.04262788365095286,1,1
RAM,2500 Powerwagon,2013,84220,Gasoline,383.0HP 5.7L 8 Cylinder Engine Gasoline Fuel,6-Speed A/T,White,Gray,At least 1 accident or damage reported,Yes,26500,12,6478.461538461538,0.31465210163856566,1,1
Mercedes-Benz,S-Class S 550 4MATIC,2016,67280,Gasoline,449.0HP 4.7L 8 Cylinder Engine Gasoline Fuel,7-Speed A/T,White,Black,None reported,Yes,41999,9,6728.0,0.6242419738406658,0,1
Volkswagen,Passat 2.0T R-Line,2021,16538,Gasoline,2.0 Liter TSI,Automatic,Reflex Silver,Titan Black,None reported,Yes,25998,4,3307.6,1.5720159632361834,0,1
Toyota,Tundra Platinum,2018,66000,Gasoline,381.0HP 5.7L 8 Cylinder Engine Gasoline Fuel,6-Speed A/T,Gray,Black,None reported,Yes,51000,7,8250.0,0.7727272727272727,0,1
Cadillac,Escalade Luxury,2018,53450,Gasoline,420.0HP 6.2L 8 Cylinder Engine Gasoline Fuel,10-Speed A/T,White,Beige,None reported,Yes,49999,7,6681.25,0.9354349859681945,0,1
Volkswagen,Golf Alltrack TSI SE,2018,63277,Gasoline,170.0HP 1.8L 4 Cylinder Engine Gasoline Fuel,6-Speed A/T,White,Black,None reported,Yes,20900,7,7909.625,0.330293787632157,0,1
Nissan,Altima 2.5 S,2020,30900,Gasoline,182.0HP 2.5L 4 Cylinder Engine Gasoline Fuel,A/T,Silver,Gray,None reported,Yes,21000,5,5150.0,0.6796116504854369,0,1
Mercedes-Benz,GLA 250 Base 4MATIC,2019,60854,Gasoline,2.0 Liter Turbo,Automatic,White,Black,None reported,Yes,25498,6,8693.42857142857,0.41900285930259307,0,1
Ford,F-150 Platinum,2015,85000,Gasoline,365.0HP 3.5L V6 Cylinder Engine Gasoline Fuel,6-Speed A/T,White,Black,None reported,Yes,31000,10,7727.272727272727,0.36470588235294116,0,1
Toyota,RAV4 SE,2016,108130,Gasoline,176.0HP 2.5L 4 Cylinder Engine Gasoline Fuel,Transmission w/Dual Shift Mode,Gray,Orange,None reported,Yes,18500,9,10813.0,0.17109035420327384,0,0
Toyota,4Runner TRD Sport,2023,11400,Gasoline,270.0HP 4.0L V6 Cylinder Engine Gasoline Fuel,A/T,Green,Black,None reported,Yes,46000,2,3800.0,4.035087719298246,0,1
Mercedes-Benz,GL-Class GL 450 4MATIC,2013,63300,Gasoline,362.0HP 4.6L 8 Cylinder Engine Gasoline Fuel,7-Speed A/T,Black,Black,None reported,Yes,22800,12,4869.2307692307695,0.36018957345971564,0,1
Tesla,Model Y Performance,2020,27500,Gasoline,455.0HP Electric Motor Electric Fuel System,A/T,Gray,White,None reported,Yes,44000,5,4583.333333333333,1.6,0,1
BMW,X5 xDrive 35i Sport Activity,2012,122600,Gasoline,300.0HP 3.0L Straight 6 Cylinder Engine Gasoline Fuel,8-Speed A/T,Black,Black,At least 1 accident or damage reported,Yes,12900,13,8757.142857142857,0.10522022838499184,1,1
Dodge,Charger Base,2006,145565,Gasoline,250.0HP 3.5L V6 Cylinder Engine Gasoline Fuel,A/T,Blue,Gray,At least 1 accident or damage reported,Yes,4500,19,7278.25,0.030914024662521897,1,1
Ford,Transit-250 Base,2016,66500,Gasoline,310.0HP 3.5L V6 Cylinder Engine Gasoline Fuel,6-Speed A/T,White,Gray,None reported,Yes,27000,9,6650.0,0.40601503759398494,0,1
BMW,330 i xDrive,2017,75000,Gasoline,248.0HP 2.0L 4 Cylinder Engine Gasoline Fuel,A/T,Blue,Black,None reported,Yes,20000,8,8333.333333333334,0.26666666666666666,0,1
Mazda,CX-5 Grand Touring,2021,24781,Gasoline,2.5L I4 16V GDI DOHC,6-Speed Automatic,Machine Gray Metallic,Black,None reported,Yes,28991,4,4956.2,1.1698882208143335,0,1
BMW,X5 M Base,2013,67000,Gasoline,555.0HP 4.4L 8 Cylinder Engine Gasoline Fuel,A/T,Silver,Black,At least 1 accident or damage reported,Yes,24500,12,5153.846153846154,0.3656716417910448,1,1
Audi,Q5 2.0T Premium Plus,2019,24500,Gasoline,248.0HP 2.0L 4 Cylinder Engine Gasoline Fuel,A/T,Black,–,None reported,Yes,31000,6,3500.0,1.2653061224489797,0,1
Audi,S5 3.0T Prestige,2013,37500,Gasoline,333.0HP 3.0L V6 Cylinder Engine Gasoline Fuel,7-Speed A/T,Black,Black,None reported,Yes,26000,12,2884.6153846153848,0.6933333333333334,0,1
Nissan,GT-R Premium,2013,101000,Gasoline,545.0HP 3.8L V6 Cylinder Engine Gasoline Fuel,Transmission w/Dual Shift Mode,White,Black,None reported,Yes,59000,12,7769.2307692307695,0.5841584158415841,0,0
Tesla,Model 3 Long Range,2020,25000,Gasoline,425.0HP Electric Motor Electric Fuel System,1-Speed A/T,Blue,Black,None reported,Yes,49995,5,4166.666666666667,1.9998,0,1
Toyota,Camry Solara SLE V6,2000,245000,Gasoline,200.0HP 3.0L V6 Cylinder Engine Gasoline Fuel,A/T,Black,Beige,At least 1 accident or damage reported,Yes,2500,25,9423.076923076924,0.01020408163265306,1,1
Tesla,Model Y Long Range,2021,49252,Gasoline,Electric,1-Speed Automatic,Deep Blue Metallic,Black,None reported,Yes,37999,4,9850.4,0.7715219686510193,0,1
Buick,Cascada Base,2016,103814,Gasoline,200.0HP 1.6L 4 Cylinder Engine Gasoline Fuel,6-Speed A/T,White,Black,At least 1 accident or damage reported,Yes,14995,9,10381.4,0.14444101951567226,1,1
Toyota,4Runner Venture,2021,27000,Gasoline,270.0HP 4.0L V6 Cylinder Engine Gasoline Fuel,A/T,White,Black,None reported,Yes,48500,4,5400.0,1.7962962962962963,0,1
BMW,530 i xDrive,2021,60942,Gasoline,2.0L I4 16V GDI DOHC Turbo,8-Speed Automatic,Glacier Silver Metallic,Black,None reported,Yes,32085,4,12188.4,0.5264841980899873,0,1
BMW,535 i xDrive,2011,100780,Gasoline,300.0HP 3.0L Straight 6 Cylinder Engine Gasoline Fuel,8-Speed A/T,Gray,Black,At least 1 accident or damage reported,Yes,12000,14,6718.666666666667,0.11907124429450287,1,1
Tesla,Model S 100D,2018,65000,Gasoline,518.0HP Electric Motor Electric Fuel System,A/T,Blue,Black,None reported,Yes,41000,7,8125.0,0.6307692307692307,0,1
Lexus,GX 460 Base,2012,167000,Gasoline,301.0HP 4.6L 8 Cylinder Engine Gasoline Fuel,A/T,Black,Beige,At least 1 accident or damage reported,Yes,19470,13,11928.57142857143,0.11658682634730538,1,1
Chevrolet,Trailblazer SS,2008,161000,Gasoline,390.0HP 6.0L 8 Cylinder Engine Gasoline Fuel,4-Speed A/T,Red,Black,At least 1 accident or damage reported,Yes,17000,17,8944.444444444445,0.10559006211180125,1,1
Subaru,Impreza WRX,2005,90200,Gasoline,227.0HP 2.0L 4 Cylinder Engine Gasoline Fuel,5-Speed M/T,Blue,Black,None reported,Yes,12499,20,4295.238095238095,0.138569844789357,0,0
Volkswagen,Passat 2.5 SE,2012,159870,Gasoline,170.0HP 2.5L 5 Cylinder Engine Gasoline Fuel,A/T,White,Beige,At least 1 accident or damage reported,Yes,9750,13,11419.285714285714,0.06098705197973353,1,1
Porsche,911 Carrera Cabriolet,1996,38000,–,–,Transmission w/Dual Shift Mode,Blue,Gray,None reported,Yes,75000,29,1266.6666666666667,1.9736842105263157,0,0
Audi,Q5 40 Premium,2022,14550,Hybrid,201.0HP 2.0L 4 Cylinder Engine Gasoline/Mild Electric Hybrid,7-Speed A/T,Silver,Brown,None reported,Yes,41500,3,3637.5,2.852233676975945,0,1
INFINITI,Q60 3.0t Red Sport 400,2018,38000,Gasoline,400.0HP 3.0L V6 Cylinder Engine Gasoline Fuel,A/T,Red,White,None reported,Yes,32000,7,4750.0,0.8421052631578947,0,1
Chevrolet,Camaro Z28,2002,35515,Gasoline,310.0HP 5.7L 8 Cylinder Engine Gasoline Fuel,M/T,Silver,Black,At least 1 accident or damage reported,Yes,21000,23,1479.7916666666667,0.5912994509362242,1,0
Mazda,Protege DX,1993,94200,–,–,A/T,Gray,–,At least 1 accident or damage reported,Yes,2500,32,2854.5454545454545,0.02653927813163482,1,1
Mercedes-Benz,SL-Class SL550 Roadster,2008,33300,Gasoline,382.0HP 5.5L 8 Cylinder Engine Gasoline Fuel,7-Speed A/T,White,Beige,None reported,Yes,34500,17,1850.0,1.0360360360360361,0,1
Mercedes-Benz,C-Class C 300 4MATIC,2016,90189,Gasoline,241.0HP 2.0L 4 Cylinder Engine Gasoline Fuel,A/T,White,–,At least 1 accident or damage reported,Yes,17995,9,9018.9,0.199525441018306,1,1
Land,Rover Range Rover Autobiography,2023,1148,Gasoline,4.4L V8 32V GDI DOHC Twin Turbo,Automatic,Carpathian Grey,Ebony,None reported,Yes,193063,2,382.6666666666667,168.1733449477352,0,1
Mercedes-Benz,SLK-Class SLK320,2001,59500,Gasoline,215.0HP 3.2L V6 Cylinder Engine Gasoline Fuel,6-Speed M/T,Blue,Beige,None reported,Yes,6500,24,2380.0,0.1092436974789916,0,0
Ford,Transit-350 XL,2017,134000,Gasoline,310.0HP 3.5L V6 Cylinder Engine Gasoline Fuel,A/T,Silver,Gray,None reported,Yes,26500,8,14888.888888888889,0.19776119402985073,0,1
Buick,Enclave Premium,2014,86281,Gasoline,288.0HP 3.6L V6 Cylinder Engine Gasoline Fuel,6-Speed A/T,Black,Black,None reported,Yes,18900,11,7190.083333333333,0.21905170315596714,0,1
Porsche,Cayenne AWD,2020,34580,Gasoline,335.0HP 3.0L V6 Cylinder Engine Gasoline Fuel,A/T,Black,Red,None reported,Yes,56000,5,5763.333333333333,1.6194331983805668,0,1
Hyundai,Santa Fe SE,2007,145000,Gasoline,242.0HP 3.3L V6 Cylinder Engine Gasoline Fuel,A/T,Blue,Gray,At least 1 accident or damage reported,Yes,4200,18,7631.578947368421,0.028965517241379312,1,1
Mazda,Mazda6 Signature,2021,11737,Gasoline,2.5L I4 16V GDI DOHC Turbo,6-Speed Automatic,Soul Red Crystal Metallic,Deep Chestnut,None reported,Yes,33687,4,2347.4,2.87015421317202,0,1
Tesla,Model X Performance,2020,25535,Gasoline,778.0HP Electric Motor Electric Fuel System,A/T,White,Beige,None reported,Yes,68969,5,4255.833333333333,2.7009594673976896,0,1
Jeep,Wrangler Unlimited Sport,2016,67499,Gasoline,285.0HP 3.6L V6 Cylinder Engine Gasoline Fuel,6-Speed M/T,Beige,Black,None reported,Yes,27500,9,6749.9,0.4074134431621209,0,0
Toyota,4Runner Sport,2004,220450,Gasoline,245.0HP 4.0L V6 Cylinder Engine Gasoline Fuel,A/T,Gray,Gray,None reported,Yes,8550,21,10020.454545454546,0.03878430483102745,0,1
Chevrolet,Silverado 1500 2LT,2018,20200,Gasoline,355.0HP 5.3L 8 Cylinder Engine Gasoline Fuel,6-Speed A/T,Silver,Gray,At least 1 accident or damage reported,Yes,42950,7,2525.0,2.126237623762376,1,1
Jaguar,XK8 Base,2000,40000,Gasoline,290.0HP 4.0L 8 Cylinder Engine Gasoline Fuel,5-Speed A/T,Blue,Beige,None reported,Yes,15400,25,1538.4615384615386,0.385,0,1
Mercedes-Benz,GLA-Class GLA 45 AMG,2015,80300,Gasoline,355.0HP 2.0L 4 Cylinder Engine Gasoline Fuel,7-Speed A/T,Black,Black,At least 1 accident or damage reported,Yes,22000,10,7300.0,0.273972602739726,1,1
BMW,330 i xDrive,2017,63150,Gasoline,248.0HP 2.0L 4 Cylinder Engine Gasoline Fuel,A/T,White,Beige,None reported,Yes,21500,8,7016.666666666667,0.3404592240696754,0,1
Volkswagen,Atlas 3.6L SE w/Technology,2018,48210,Gasoline,276.0HP 3.6L V6 Cylinder Engine Gasoline Fuel,Transmission w/Dual Shift Mode,Silver,Black,None reported,Yes,24999,7,6026.25,0.5185438705662726,0,0
Nissan,Juke SL,2012,115359,Gasoline,188.0HP 1.6L 4 Cylinder Engine Gasoline Fuel,A/T,Black,Black,None reported,Yes,9950,13,8239.92857142857,0.08625248138420062,0,1
Subaru,Impreza 2.0i Premium,2018,90601,Gasoline,152.0HP 2.0L 4 Cylinder Engine Gasoline Fuel,CVT Transmission,White,Beige,None reported,Yes,26000,7,11325.125,0.2869725499718546,0,0
BMW,M5 Base,2000,132200,Gasoline,400.0HP 5.0L 8 Cylinder Engine Gasoline Fuel,6-Speed M/T,Blue,Black,None reported,Yes,26900,25,5084.615384615385,0.20347957639939485,0,0
Mercedes-Benz,Sprinter 2500 Standard Roof,2023,4000,Diesel,211.0HP 2.0L 4 Cylinder Engine Diesel Fuel,9-Speed A/T,White,Black,None reported,Yes,65000,2,1333.3333333333333,16.25,0,1
Volkswagen,Beetle 2.0T Final Edition SE,2019,32000,Gasoline,174.0HP 2.0L 4 Cylinder Engine Gasoline Fuel,Transmission w/Dual Shift Mode,Gray,Black,None reported,Yes,32750,6,4571.428571428572,1.0234375,0,0
MINI,Countryman Cooper S ALL4,2016,95070,Gasoline,181.0HP 1.6L 4 Cylinder Engine Gasoline Fuel,6-Speed A/T,Blue,Black,None reported,Yes,12750,9,9507.0,0.13411170716314294,0,1
Nissan,Rogue SL,2017,148000,Gasoline,170.0HP 2.5L 4 Cylinder Engine Gasoline Fuel,A/T,White,–,None reported,Yes,13000,8,16444.444444444445,0.08783783783783784,0,1
Lexus,CT 200h Premium,2014,125519,Hybrid,134.0HP 1.8L 4 Cylinder Engine Gas/Electric Hybrid,CVT Transmission,Black,Black,At least 1 accident or damage reported,Yes,16000,11,10459.916666666666,0.12747074148136936,1,0
INFINITI,G37 x,2013,90000,Gasoline,328.0HP 3.7L V6 Cylinder Engine Gasoline Fuel,Transmission w/Dual Shift Mode,Silver,Black,None reported,Yes,14500,12,6923.076923076923,0.16111111111111112,0,0
Audi,A6 2.0T Sport,2018,49650,Gasoline,252.0HP 2.0L 4 Cylinder Engine Gasoline Fuel,A/T,Black,Black,At least 1 accident or damage reported,Yes,23750,7,6206.25,0.4783484390735146,1,1
Nissan,Altima 2.5 S,2015,149800,Gasoline,182.0HP 2.5L 4 Cylinder Engine Gasoline Fuel,A/T,Black,Black,At least 1 accident or damage reported,Yes,11600,10,13618.181818181818,0.0774365821094793,1,1
Chevrolet,Blazer 1LT,2019,37161,Gasoline,2.5L I4 16V GDI DOHC,9-Speed Automatic,Nightfall Gray Metallic,Jet Black,None reported,Yes,26990,6,5308.714285714285,0.7262990769893167,0,1
Dodge,Ram 3500 Quad Cab DRW,2000,188000,–,–,A/T,Silver,Gray,At least 1 accident or damage reported,Yes,10000,25,7230.7692307692305,0.05319148936170213,1,1
Ford,Transit Connect XLT,2016,111700,E85 Flex Fuel,169.0HP 2.5L 4 Cylinder Engine Flex Fuel Capability,A/T,White,Beige,None reported,Yes,15500,9,11170.0,0.1387645478961504,0,1
Mercedes-Benz,S-Class S 550 4MATIC,2016,72784,Gasoline,449.0HP 4.7L 8 Cylinder Engine Gasoline Fuel,7-Speed A/T,Blue,White,None reported,Yes,34900,9,7278.4,0.47950098922840184,0,1
Cadillac,Escalade Base,2007,150000,Gasoline,403.0HP 6.2L 8 Cylinder Engine Gasoline Fuel,A/T,White,Beige,None reported,Yes,9999,18,7894.736842105263,0.06666,0,1
Ford,Transit Connect XLT,2012,140450,Gasoline,136.0HP 2.0L 4 Cylinder Engine Gasoline Fuel,4-Speed A/T,Red,Gray,At least 1 accident or damage reported,Yes,8500,13,10032.142857142857,0.060519757920968316,1,1
Lexus,IS 250 Base,2010,132700,Gasoline,204.0HP 2.5L V6 Cylinder Engine Gasoline Fuel,A/T,Black,Black,At least 1 accident or damage reported,Yes,10700,15,8293.75,0.08063300678221552,1,1
Dodge,Durango GT,2020,49000,Gasoline,295.0HP 3.6L V6 Cylinder Engine Gasoline Fuel,A/T,White,Black,None reported,Yes,40000,5,8166.666666666667,0.8163265306122449,0,1
Chevrolet,Corvette Stingray w/2LT,2023,2058,Gasoline,490.0HP 6.2L 8 Cylinder Engine Gasoline Fuel,A/T,Gray,Black,None reported,Yes,101999,2,686.0,49.56219630709427,0,1
Jeep,Wrangler Unlimited Sahara,2019,23442,Gasoline,285.0HP 3.6L V6 Cylinder Engine Gasoline Fuel,A/T,White,Beige,None reported,Yes,44500,6,3348.8571428571427,1.8983021926456787,0,1
Tesla,Model 3 Long Range,2021,23749,Gasoline,Electric,1-Speed Automatic,White,Black,None reported,Yes,35999,4,4749.8,1.5158111920501915,0,1
Toyota,4Runner TRD Pro,2021,35048,Gasoline,4.0L V6 24V MPFI DOHC,5-Speed Automatic,Lunar Rock,Black / Graphite,None reported,Yes,52590,4,7009.6,1.5005135813741155,0,1
INFINITI,QX60 Base,2016,91239,Gasoline,265.0HP 3.5L V6 Cylinder Engine Gasoline Fuel,A/T,Gray,Black,None reported,Yes,17500,9,9123.9,0.19180394348907814,0,1
Porsche,911 Carrera,2022,2950,Gasoline,379.0HP 3.0L Flat 6 Cylinder Engine Gasoline Fuel,8-Speed A/T,Green,Black,None reported,Yes,131000,3,737.5,44.40677966101695,0,1
Ford,F-150 XL,2019,59678,Gasoline,2.7L V6 24V PDI DOHC Twin Turbo,Automatic,Gray,Black,None reported,Yes,33700,6,8525.42857142857,0.5646972083514863,0,1
BMW,M240 i xDrive,2022,2010,Gasoline,382.0HP 3.0L Straight 6 Cylinder Engine Gasoline Fuel,A/T,Purple,Black,None reported,Yes,55000,3,502.5,27.36318407960199,0,1
Toyota,Prius Two,2014,80354,Hybrid,134.0HP 1.8L 4 Cylinder Engine Gas/Electric Hybrid,A/T,Red,Gray,At least 1 accident or damage reported,Yes,13310,11,6696.166666666667,0.165642033999552,1,1
Ford,Expedition Max XLT,2018,105674,Gasoline,375.0HP 3.5L V6 Cylinder Engine Gasoline Fuel,10-Speed A/T,White,Beige,None reported,Yes,34995,7,13209.25,0.3311599825879592,0,1
Toyota,Tundra Grade,2013,92700,Gasoline,310.0HP 4.6L 8 Cylinder Engine Gasoline Fuel,6-Speed A/T,Gray,Gray,At least 1 accident or damage reported,Yes,20800,12,7130.7692307692305,0.2243797195253506,1,1
Ford,Edge Titanium,2016,101387,Gasoline,245.0HP 2.0L 4 Cylinder Engine Gasoline Fuel,6-Speed A/T,Black,Beige,At least 1 accident or damage reported,Yes,16000,9,10138.7,0.15781115922159647,1,1
Buick,Envision Essence,2021,36544,Gasoline,2.0L I4 16V GDI DOHC Turbo,9-Speed Automatic,Dark Moon Blue Metallic,Ebony,None reported,Yes,33290,4,7308.8,0.9109566549912435,0,1
Audi,Q7 55 Prestige,2019,41000,Gasoline,329.0HP 3.0L V6 Cylinder Engine Gasoline Fuel,A/T,White,Beige,None reported,Yes,39900,6,5857.142857142857,0.973170731707317,0,1
Chrysler,Town & Country Touring-L,2013,115872,E85 Flex Fuel,283.0HP 3.6L V6 Cylinder Engine Flex Fuel Capability,A/T,Black,Black,None reported,Yes,9500,12,8913.23076923077,0.08198702016017674,0,1
Chevrolet,Cruze LS,2011,135603,Gasoline,136.0HP 1.8L 4 Cylinder Engine Gasoline Fuel,A/T,Silver,Black,None reported,Yes,7000,14,9040.2,0.05162127681540969,0,1
Ford,F-150 Lariat,2020,26540,Gasoline,375.0HP 3.5L V6 Cylinder Engine Gasoline Fuel,A/T,White,Black,None reported,Yes,46995,5,4423.333333333333,1.770723436322532,0,1
Jaguar,XF Premium,2011,35134,Gasoline,385.0HP 5.0L 8 Cylinder Engine Gasoline Fuel,A/T,Gray,Gray,At least 1 accident or damage reported,Yes,12400,14,2342.266666666667,0.35293447942164285,1,1
Jeep,Wrangler Unlimited Rubicon,2020,49990,Gasoline,270.0HP 2.0L 4 Cylinder Engine Gasoline Fuel,8-Speed A/T,Black,Black,None reported,Yes,53000,5,8331.666666666666,1.0602120424084818,0,1
Ford,F-250 Lariat,2011,153818,Diesel,400.0HP 6.7L 8 Cylinder Engine Diesel Fuel,6-Speed A/T,Gray,Gray,At least 1 accident or damage reported,Yes,29800,14,10254.533333333333,0.19373545358800662,1,1
Jaguar,F-PACE 35t Premium,2017,58060,Gasoline,340.0HP 3.0L V6 Cylinder Engine Gasoline Fuel,8-Speed A/T,Blue,Beige,At least 1 accident or damage reported,Yes,26000,8,6451.111111111111,0.44781260764726144,1,1
Porsche,911 Carrera S,2015,36000,Gasoline,400.0HP 3.8L Flat 6 Cylinder Engine Gasoline Fuel,7-Speed A/T,Black,Black,None reported,Yes,84999,10,3272.7272727272725,2.361083333333333,0,1
Ford,Bronco Badlands Advanced,2022,17000,Gasoline,315.0HP 2.7L V6 Cylinder Engine Gasoline Fuel,10-Speed A/T,White,Black,None reported,Yes,69999,3,4250.0,4.117588235294118,0,1
Suzuki,SX4 Base,2013,99982,Gasoline,150.0HP 2.0L 4 Cylinder Engine Gasoline Fuel,M/T,Orange,Gray,At least 1 accident or damage reported,Yes,6900,12,7690.923076923077,0.06901242223600249,1,0
Ford,EcoSport SES,2019,106000,Gasoline,166.0HP 2.0L 4 Cylinder Engine Gasoline Fuel,A/T,Silver,Black,At least 1 accident or damage reported,Yes,12000,6,15142.857142857143,0.11320754716981132,1,1
Toyota,Land Cruiser Base,1994,178416,–,–,A/T,Green,Beige,None reported,Yes,9000,31,5575.5,0.050443906376109765,0,1
Honda,Civic EX,2014,82500,Gasoline,143.0HP 1.8L 4 Cylinder Engine Gasoline Fuel,CVT Transmission,Silver,Gray,None reported,Yes,15000,11,6875.0,0.18181818181818182,0,0
Mercedes-Benz,Sprinter 2500 Standard Roof,2018,41500,Diesel,188.0HP 3.0L V6 Cylinder Engine Diesel Fuel,A/T,Gray,Black,None reported,Yes,61000,7,5187.5,1.4698795180722892,0,1
BMW,X3 xDrive28i,2015,92984,Gasoline,240.0HP 2.0L 4 Cylinder Engine Gasoline Fuel,Transmission w/Dual Shift Mode,White,Beige,At least 1 accident or damage reported,Yes,17000,10,8453.09090909091,0.18282715305859074,1,0
Nissan,Murano SL,2007,120000,Gasoline,240.0HP 3.5L V6 Cylinder Engine Gasoline Fuel,A/T,Silver,Black,None reported,Yes,6750,18,6315.789473684211,0.05625,0,1
Chevrolet,Corvette Stingray,2015,25548,Gasoline,455.0HP 6.2L 8 Cylinder Engine Gasoline Fuel,8-Speed A/T,Gray,Gray,None reported,Yes,49000,10,2322.5454545454545,1.917958352904337,0,1
Ford,F-150 Lariat,2018,65441,Gasoline,325.0HP 2.7L V6 Cylinder Engine Gasoline Fuel,A/T,Gray,Black,None reported,Yes,38000,7,8180.125,0.5806757231704894,0,1
Porsche,Cayenne Turbo,2020,39611,Gasoline,4.0L V8 32V GDI DOHC Twin Turbo,8-Speed Automatic,Quartzite Grey Metallic,Black,None reported,Yes,89900,5,6601.833333333333,2.269571583651006,0,1
Toyota,Sequoia SR5,2010,154860,Gasoline,310.0HP 4.6L 8 Cylinder Engine Gasoline Fuel,6-Speed A/T,Silver,Gray,None reported,Yes,17900,15,9678.75,0.1155882732790908,0,1
Porsche,911 Carrera S,2021,7008,Gasoline,443.0HP 3.0L Flat 6 Cylinder Engine Gasoline Fuel,8-Speed A/T,Gray,Black,None reported,Yes,151900,4,1401.6,21.675228310502284,0,1
BMW,M8 Gran Coupe Competition,2022,21057,Gasoline,617.0HP 4.4L 8 Cylinder Engine Gasoline Fuel,Transmission w/Dual Shift Mode,Gray,Black,None reported,Yes,99800,3,5264.25,4.73951655031581,0,0
Lexus,CT 200h Base,2016,39750,Hybrid,134.0HP 1.8L 4 Cylinder Engine Gas/Electric Hybrid,A/T,Black,Black,None reported,Yes,21995,9,3975.0,0.5533333333333333,0,1
Aston,Martin DB7 Vantage Volante,2003,14900,Gasoline,420.0HP 5.9L 12 Cylinder Engine Gasoline Fuel,6-Speed M/T,White,Beige,None reported,Yes,32850,22,647.8260869565217,2.204697986577181,0,0
Chevrolet,Impala 2LZ,2018,71312,Gasoline,305.0HP 3.6L V6 Cylinder Engine Gasoline Fuel,6-Speed A/T,Black,Black,None reported,Yes,17899,7,8914.0,0.25099562485977117,0,1
Porsche,911 Carrera,2015,43500,Gasoline,350.0HP 3.4L Flat 6 Cylinder Engine Gasoline Fuel,7-Speed A/T,Black,Black,None reported,Yes,66500,10,3954.5454545454545,1.528735632183908,0,1
BMW,X6 xDrive40i,2020,34000,Gasoline,335.0HP 3.0L Straight 6 Cylinder Engine Gasoline Fuel,8-Speed A/T,White,Brown,None reported,Yes,59335,5,5666.666666666667,1.7451470588235294,0,1
Subaru,Ascent Touring 7-Passenger,2021,32250,Gasoline,260.0HP 2.4L 4 Cylinder Engine Gasoline Fuel,A/T,Black,Black,At least 1 accident or damage reported,Yes,36000,4,6450.0,1.1162790697674418,1,1
Volkswagen,Routan SE,2011,194000,Gasoline,283.0HP 3.6L V6 Cylinder Engine Gasoline Fuel,Transmission w/Dual Shift Mode,Black,Gray,At least 1 accident or damage reported,Yes,3500,14,12933.333333333334,0.01804123711340206,1,0
Mercedes-Benz,AMG GLS 63 4MATIC,2023,2000,Hybrid,603.0HP 4.0L 8 Cylinder Engine Gasoline/Mild Electric Hybrid,9-Speed A/T,Gray,Beige,None reported,Yes,175000,2,666.6666666666666,87.5,0,1
Mercedes-Benz,E-Class E 300 4MATIC,2018,53705,Gasoline,241.0HP 2.0L 4 Cylinder Engine Gasoline Fuel,A/T,Black,Black,At least 1 accident or damage reported,Yes,25900,7,6713.125,0.4822642212084536,1,1
Bentley,Continental GT Speed,2023,714,Gasoline,6.0L W12 48V PDI DOHC Twin Turbo,8-Speed Automatic with Auto-Shift,C / C,Hotspur,None reported,Yes,349950,2,238.0,490.12605042016804,0,1
Audi,S4 3.0T Premium Plus,2022,10900,Gasoline,349.0HP 3.0L V6 Cylinder Engine Gasoline Fuel,Transmission w/Dual Shift Mode,Black,Black,None reported,Yes,53900,3,2725.0,4.944954128440367,0,0
Porsche,Taycan,2022,2116,Gasoline,Electric,Automatic,Black,Black,None reported,Yes,90998,3,529.0,43.00472589792061,0,1
Ford,F-150 Raptor,2020,33000,Gasoline,450.0HP 3.5L V6 Cylinder Engine Gasoline Fuel,A/T,Blue,Black,None reported,Yes,62999,5,5500.0,1.9090606060606061,0,1
BMW,X3 xDrive30i,2020,43000,Gasoline,248.0HP 2.0L 4 Cylinder Engine Gasoline Fuel,A/T,Gray,Brown,At least 1 accident or damage reported,Yes,40000,5,7166.666666666667,0.9302325581395349,1,1
